日付,記事ID,タイトル,前日PV,当日PV,PV増減,成長率%,全期間PV
2026-08-19,1820272,【8/20出勤】【Jカップ】【秋葉原】爆乳ゆるふわ美女の神乳PZで絶頂！MB密着と顔面埋まり体験記,0,0,0,0.0,0
2026-08-19,1798265,"【8/19.21.24出勤】【Hカップ】【流山おおたかの森】極上神乳PZで絶頂！過去一柔らかい天然Hカップ美女の超密着パイズリ体験記 #8/19,8/21,8/24 #千葉",4,4,0,0.0,140
2026-08-19,1762959,"【8/19.22出勤】【Fカップ】【綱島】神乳PZで絶頂！エロ可愛いムッチリ巨乳のマイクロビキニ密着と至高のフィニッシュ体験記 #8/19,8/22 #本日出勤 #神奈川",1,1,0,0.0,124
2026-08-19,1754553,"【8/20.24.26出勤】【Hカップ】【登戸】神乳PZで絶頂！細身巨乳美女の「 naked密着」と、鏡越しprprに溺れる至高のフィニッシュ体験記 #8/20,8/24,8/26 #本日出勤",1,1,0,0.0,165
2026-08-19,1663754,"【8/19.20出勤】【Gカップ】【新宿】初回から境界線を超えた超密着！JD美女と溶け合う「生感覚」の衝撃。極上本番HRフィニッシュ #8/19,8/20 #本日出勤 #東京都内",1,1,0,0.0,138
2026-08-19,1817046,【8/23出勤】【Hカップ】【武蔵小杉】生のまま中出し解禁！美形細身巨乳美女の全裸密着と生本番NNフィニッシュ体験記 #8/23 #本日出勤 #神奈川,4,4,0,0.0,85
2026-08-19,1623796,"【8/19.22出勤】【Fカップ】【中野】「あとで脱がせる方がERいでしょ♥」Fカップ清楚系セラピストと堕ちる、濃厚DK＆背徳の初回本番NS90分 #8/19,8/22 #東京都内",0,0,0,0.0,350
2026-08-19,1710842,"【8/22.25出勤】【Gカップ】【恵比寿】ゴマキ似ギャル美女と本番解禁！スレンダー巨乳に溺れる至高のGHR体験記 #8/22,8/25 #本日出勤 #東京都内",0,0,0,0.0,326
2026-08-19,1639998,【8/21出勤】【Kカップ】【銀座】揉みごたえ充分の巨乳は感度も抜群！ ふわふわおっ杯で濃厚密着PZ(パイズリ) #8/21 #本日出勤 #東京都内,1,1,0,0.0,746
2026-08-19,1754540,"【8/19.21.22出勤】【Hカップ】【新宿】驚愕の爆乳PZ！清楚系色白スレンダー美女のゼロ距離密着と、脳がとろける至高の体験記 #8/19,8/21,8/22 #本日出勤 #東京都内",0,0,0,0.0,109
2026-08-19,1761550,【8/23出勤】【Gカップ】【中野】本番解禁！柏木由紀似OLと一緒に入る泡洗体に溺れる至高のGHR体験記 #8/23 #本日出勤 #東京都内,0,0,0,0.0,72
2026-08-19,1762946,"【8/21.22.23出勤】【Hカップ】【横浜】170cmの48Kgスーパーモデル級美人のKP剥ぎ取り密着に狂う本番GHR体験記 #8/21,8/22,8/23 #本日出勤 #神奈川",0,0,0,0.0,108
2026-08-19,1651485,"【8/19.21.22出勤】【Gカップ】【登戸】初回から「ねぇ、もう一回しよ♥」極上Gカップに溺れる本番NS二回転フィニッシュ #8/19,8/21,8/22 #本日出勤",1,1,0,0.0,341
2026-08-19,1623774,"【8/19.21.22出勤】【Jカップ】【池袋】「時間があるなら2回でもいいよ♥」初回からJカップ爆乳美女の神対応。無料パイズリPZの快感に溺れた、高身長元キャバ嬢との夜 #8/19,8/21,8/22 #本日出勤 #東京都内",2,2,0,0.0,979
2026-08-19,1677604,"【8/19.20出勤】【Fカップ】【赤羽】「アニメ声」たぬき顔美女と初回本番解禁！密着マッサージに溺れる至高のGHRフィニッシュ体験記 #8/19,8/20 #本日出勤 #埼玉",2,2,0,0.0,539
2026-08-19,1656105,"【8/19.20出勤】【Fカップ】【大宮】密着オイル攻めの果てに迎えた、衝撃の初回本番HRフィニッシュ！ #8/19,8/20 #本日出勤 #埼玉",0,0,0,0.0,461
2026-08-19,1798255,"【8/21.22.23出勤】【Gカップ】【津田沼】むちむちボブ美女AN密着に狂う本番GHR体験記 #8/21,8/22,8/23 #千葉",3,3,0,0.0,142
2026-08-19,1798245,"【8/21.22.23出勤】【Iカップ】【南流山/流山おおたかの森】爆乳JD美女と本番解禁！オイルパイ挟みに狂うGHR体験記 #8/21,8/22,8/23 #千葉",2,2,0,0.0,96
2026-08-19,1710821,"【8/19.20.21出勤】【Gカップ】【新宿】元グラドルのH超え爆乳と「２回戦本番HR」に壊される、支配的な至高の体験記 #8/19,8/20,8/21 #本日出勤 #東京都内",3,3,0,0.0,305
2026-08-19,1656283,"【8/19.20.22出勤】【Fカップ】【調布】清楚な顔立ちに潜む、驚愕の「名器」と感度…理性が決壊する交渉の末、生の温もりに溺れた至高の初回本番HR体験記！ #8/19,8/20,8/22 #本日出勤",8,8,0,0.0,471
2026-08-19,1780559,"【8/19.20.21出勤】【Fカップ】【池袋】生ハメNNで絶頂！リアルアイドル顔美女の超濃厚ヌルヌル密着と至高のNN体験記 #8/19,8/20,8/21 #本日出勤 #東京都内",1,1,0,0.0,135
2026-08-19,1656219,"【8/19.20.21出勤】【Fカップ】【吉祥寺】初回から濃厚PZ(パイズリ)から搾り取られる、至高の本番HRフィニッシュ！Gカップに溺れる「密着ソファー」の誘惑 #8/19,8/20,8/21 #本日出勤",3,3,0,0.0,430
2026-08-19,1677621,"【8/20.21出勤】【Gカップ】【浦和】禁断のモロ出し。Gカップ美女の「生乳PZ」と、吐息が重なる濃厚フィニッシュ体験記 #8/20,8/21 #本日出勤 #埼玉",3,3,0,0.0,375
2026-08-19,1754531,"【8/19.20出勤】【Gカップ】【赤坂】驚愕の神乳PZ！林ゆめ似の超絶スレンダー巨乳と、ゼロ距離密着に理性が溶ける体験記 #8/19,8/20 #本日出勤 #東京都内",3,3,0,0.0,295
2026-08-19,1667106,【8/19出勤】【Fカップ】【厚木】初回で理性が決壊。有村架純似Fカップ美女の吐息と「ツルツル秘部」に溺れた至高の本番GHRフィニッシュ体験記 #8/19 #本日出勤 #神奈川,4,4,0,0.0,347
2026-08-19,1794515,"【8/19.22.23出勤】【Jカップ】【大宮】地雷系むちむち美女本番解禁！トップレス密着に狂うGHR体験記 #8/19,8/22,8/23 #本日出勤 #埼玉",5,5,0,0.0,98
2026-08-19,1822419,"【8/19.21.22出勤】【Jカップ】【新宿】神乳PZで絶頂！Jカップ美女MB密着と未体験の極圧パイズリ体験記 #8/19,8/21,8/22 #本日出勤 #東京都内",0,0,0,0.0,7
2026-08-19,1823553,"【8/20.22出勤】【Gカップ】【秋葉原】低身長ロリ巨乳美女と本番解禁！トップレス密着GHR体験記 #8/20,8/22 #本日出勤 #東京都内",0,0,0,0.0,30
2026-08-19,1663730,"【8/20.21出勤】【Gカップ】【新宿】現役AV女優と禁断の初回本番GHR！熟練タイ古式と爆乳に搾り取られる、新宿の至高フィニッシュ体験記！ #8/20,8/21 #東京都内",2,2,0,0.0,132
2026-08-19,1640011,"【8/20.21.24出勤】【Gカップ】【池袋】池田エライザ似の爆乳美女と初回から「禁断の中出しNN合体」！深夜枠で溺れた、むっちりマシュマロボディの誘惑 #8/20,8/21,8/24 #東京都内",2,2,0,0.0,488
2026-08-19,1656212,"【8/19.20.21出勤】【Jカップ】【吉祥寺】視界を塞ぐ爆乳の壁！ソファーでの密着ハグから搾り取られる、至高のPZ(パイズリ)フィニッシュ体験記！ #8/19,8/20,8/21",4,4,0,0.0,510
2026-08-19,1653899,"【8/19.20.21出勤】【Gカップ】【新宿】スレンダーな腰に「上向き巨乳」の奇跡…職場のマドンナ似との密着PZ(パイズリ) #8/19,8/20,8/21 #本日出勤 #東京都内",3,3,0,0.0,241
2026-08-19,1677586,【12/10出勤】【Gカップ】【大宮】初回本番解禁！新人美女の「初めてのin」と、重力に抗えない爆乳に溺れる。至高のGHRフィニッシュ体験記 #12/10 #埼玉,4,4,0,0.0,212
2026-08-19,1656054,【8/24出勤】【Jカップ】【大宮】初回から至高の本番NS生挿入！視界を覆う爆乳スタンプ…合意の上で堕ちた締まりに悶絶体験記 #8/24 #埼玉,5,5,0,0.0,637
2026-08-19,1761543,【8/21出勤】【Eカップ】【中野】本番解禁！高身長Fカップ女子大生の「数の子天井ナカ出し」とSPPN密着に溺れる至高のGHR体験記 #8/21 #東京都内,4,4,0,0.0,119
2026-08-19,1597345,"【8/19.20.22出勤】【Iカップ】【品川】高身長ムチムチ聖母の「生OPI」洗礼！SKSK衣装から溢れる爆乳PZ(パイズリ)体験記 #8/19,8/20,8/22 #東京都内",5,5,0,0.0,1008
2026-08-19,1667095,"【8/21.22.23出勤】【Fカップ】【関内】初回から理性が決壊する一線越え。本格派美女の「お口で装着」と名器の締め付けに溺れた至高のGHRフィニッシュ体験記 #8/21,8/22,8/23 #神奈川",2,2,0,0.0,631
2026-08-19,1639983,"【8/22.23出勤】【Gカップ】【中野】初回から巨乳ギャルのフルスロットルの寛容度。生Fからの「最後どうする？」で本番GHR。 #8/22,8/23 #東京都内",0,0,0,0.0,567
2026-08-19,1655202,"【8/21.22.24出勤】【Gカップ】【横浜】初回極上PZの衝撃！初回から弾力MAXのOPIスタンプと禁断の密着洗体…NPの誘惑に搾り取られるPZフィニッシュ #8/21,8/22,8/24 #神奈川",4,4,0,0.0,475
2026-08-19,1655185,【8/22出勤】【Gカップ】【横浜】癒し系お姉さんの「隠しきれないHカップ」に悶絶！密着オイルから搾り取られる、至高のPZ(パイズリ)フィニッシュ体験記 #8/22 #神奈川,2,2,0,0.0,619
2026-08-19,1655259,"【8/20.23出勤】【Eカップ】【新宿】至高のPZで悶絶！柔らか巨乳の密着スタンプと「もう1回できる？」と囁かれる悦楽 #8/20,8/23 #本日出勤 #東京都内",0,0,0,0.0,169
2026-08-19,1822402,【8/19出勤】【Gカップ】【登戸】色白小顔ギャル美女と本番解禁！一緒シャワー全裸密着GHR体験記 #8/19,3,3,0,0.0,12
2026-08-19,1822409,【8/18出勤】【Fカップ】【恵比寿】神乳綺麗系お姉さんのMB密着と至高のパイズリ体験記 #8/18 #東京都内,21,21,0,0.0,34
2026-08-19,1821353,"【8/19.21.22出勤】【Fカップ】【渋谷】モデル級スレンダー巨乳美女と本番解禁！顔面胸乗せ密着GHR体験記 #8/19,8/21,8/22 #本日出勤 #東京都内",15,15,0,0.0,29
2026-08-19,1662532,【8/16出勤】【Hカップ】【吉祥寺】クラスの可愛い子と「恋人気分」！水袋のような弾力のHカップで搾り取られる、至高のPZ(パイズリ)フィニッシュ体験記！ #8/16 #本日出勤,0,0,0,0.0,125
2026-08-19,1656126,【8/22出勤】【Gカップ】【大宮】「ムチふわ爆乳」の誘惑…おっぱいスタンプから搾り取られる、至高のPZ(パイズリ)フィニッシュ体験記！ #8/22 #埼玉,1,1,0,0.0,148
2026-08-19,1788175,"【8/22.23出勤】【Fカップ】【練馬】本番解禁！YouTuberかすちゃん似美女のおっぱい密着に狂うGHR体験記 #8/22,8/23 #東京都内",1,1,0,0.0,88
2026-08-19,1820244,【8/23出勤】【Fカップ】【国分寺】美くびれ巨乳美女と本番解禁！長い爪フェザー密着GHR体験記 #8/23,22,22,0,0.0,66
2026-08-19,1710833,"【8/21.22.23出勤】【Fカップ】【中目黒】清楚系美女の溢れるFカップ爆乳に溺れる至高の本番GHR体験記 #8/21,8/22,8/23 #東京都内",0,0,0,0.0,198
2026-08-19,1761541,"【8/21.22出勤】【Gカップ】【品川】驚愕の神乳PZ！清楚系お姉さんの「naked密着」と、ゼロ距離奉仕に理性が溶ける体験記 #8/21,8/22 #本日出勤 #東京都内",1,1,0,0.0,161
2026-08-19,1668292,"【8/22.23出勤】【Iカップ】【新宿】爆乳解禁。清楚系アイドル美女の「生乳PZ」と、理性を奪う中出し。至高のフィニッシュ体験記 #8/22,8/23 #東京都内",0,0,0,0.0,201
2026-08-19,1653925,"【8/20.21.22出勤】【Fカップ】【新宿】初回から現役JDと濃厚DK＆生本番級GHR！スベスベ美肌の妹系美女と溺れる超密着PZの衝撃！#本日出勤 #8/20,8/21,8/22 #東京都内",0,0,0,0.0,333
2026-08-19,1667110,"【8/21.23出勤】【Fカップ】【武蔵小杉】境界線を超えた密着。グラビア級美女の「おっとり吐息」と名器に溺れる、至高の初回本番GHRフィニッシュ体験記 #8/21,8/23 #神奈川",0,0,0,0.0,310
2026-08-19,1683671,"【8/20.22.23出勤】【Eカップ】【大宮】AV女優黒川すみれ似美女の「生乳PZ」と、Sっ気溢れる言葉責めに溺れる至高の体験記 #8/20,8/22,8/23 #本日出勤 #埼玉",0,0,0,0.0,228
2026-08-19,1821346,【8/20出勤】【Fカップ】【渋谷】神乳美女の紐MB密着と至高のパイズリ体験記 #8/20 #東京都内,5,5,0,0.0,36
2026-08-19,1820251,【8/23出勤】【Hカップ】【恵比寿】巨乳大学生美女と本番解禁！MB密着GHR体験記 #8/23 #東京都内,8,8,0,0.0,45
2026-08-19,1683650,【8/20出勤】【Hカップ】【浦和】NN解禁！爆乳美女への「生挿入中出し」と溢れるデカ尻に溺れる至高の体験記 #8/20 #埼玉,2,2,0,0.0,455
2026-08-19,1683635,"【8/19.20.21出勤】【Eカップ】【登戸/溝の口】色白スレンダー美女の「超絶NF奉仕」と、上に跨り繋がる至高のGHR体験記 #8/19,8/20,8/21",1,1,0,0.0,314
2026-08-19,1762949,【8/23出勤出勤】【Gカップ】【本厚木】HP通り可愛い美女のと一緒に入る泡洗体に溺れる至高の本番GHR体験記 #8/23 #神奈川,3,3,0,0.0,324
2026-08-19,1817000,"【8/19.20.21出勤】【Eカップ】【笹塚】爆乳美女の無課金生外だしと全裸お触り密着に狂う体験記 #8/19,8/20,8/21 #本日出勤 #東京都内",3,3,0,0.0,42
2026-08-19,1820247,【8/19出勤】【Hカップ】【新宿】グラマラス爆乳美女と本番解禁！TL密着GHR体験記 #8/19 #東京都内,1,1,0,0.0,12
2026-08-19,1656086,"【12/8.27出勤】【Iカップ】【大宮】神スタイルと初回NSの悦楽！AI超えの美体と堕ちる「生の温もり」…2回戦連続フィニッシュ #12/8,12/27 #埼玉",1,1,0,0.0,474
2026-08-19,1708502,"【8/23.24出勤】【Gカップ】【新宿】本番解禁！白川理桜似のGカップ美女と「密着中出し」。理性を焼き切る至高のGHR体験記 #8/23,8/24 #本日出勤 #東京都内",0,0,0,0.0,69
2026-08-19,1653910,"【8/19.20.21出勤】【Fカップ】【新宿】お風呂屋超えの濃厚PZ(パイズリ)！Fカップ美乳嬢と溺れる「寸止め地獄」と「密着DKフィニッシュ」 #8/19,8/20,8/21 #本日出勤 #東京都内",0,0,0,0.0,188
2026-08-19,1656071,"【8/19.20.21出勤】【Dカップ】【大宮】パフィーニップルの誘惑とSPPN密着！理性が吹き飛ぶ「NS生挿入」フィニッシュ体験記！ #8/19,8/20,8/21 #埼玉",2,2,0,0.0,389
2026-08-19,1817054,"【8/19.21出勤】【Fカップ】【武蔵小杉】本番解禁！たぬき顔美女の盛MN密着GHR体験記 #8/19,8/21 #神奈川",4,4,0,0.0,48
2026-08-19,1788157,"【8/19.20.21出勤】【Gカップ】【吉祥寺】本番解禁！HP通り美人なムッチリ巨乳と密着69に理性が溶けるGHR体験記 #8/19,8/20,8/21 #本日出勤",1,1,0,0.0,38
2026-08-19,1761532,"【8/20.21.22出勤】【Gカップ】【渋谷】本番解禁！現役女子大生のとSPPNで絡み合う至高のGHR体験記 #8/20,8/21,8/22 #東京都内",1,1,0,0.0,110
2026-08-19,1683683,"【8/21.22.24出勤】【Gカップ】【横浜】洗体アシストで悶絶。巨乳美女の「生乳PZ」と、密着バックご奉仕に溺れる至高のフィニッシュ体験記 #8/21,8/22,8/24 #神奈川",0,0,0,0.0,286
2026-08-19,1662507,"【8/19.20.21出勤】【Gカップ】【五反田】金額交渉なしの神展開！「今日は特別だよ…♥」と囁かれ、生の温もりに溺れた至高の初回生挿入NS体験記！ #8/19,8/20,8/21 #東京都内",0,0,0,0.0,412
2026-08-19,1673756,"【8/21.23出勤】【Fカップ】【大宮】爆乳解禁！追加なしの極上PZ。至高の肉感と密着ハグに溺れるパイズリフィニッシュ体験記 #8/21,8/23 #埼玉",0,0,0,0.0,209
2026-08-19,1817022,"【8/21.22出勤】【Fカップ】【新宿】池田エライザ似ハーフ美女のTL密着と至高のPZフィニッシュ体験記 #8/21,8/22 #東京都内",0,0,0,0.0,13
2026-08-19,1817029,【8/19出勤】【Fカップ】【赤坂】ツルスベ巨乳美女のSPPN全裸密着と怒涛のPZフィニッシュ体験記 #8/19 #本日出勤 #東京都内,1,1,0,0.0,51
2026-08-19,1683630,"【8/21.23出勤】【Fカップ】【荻窪】22歳Fカップ美女の「名器の締め付け」と爆乳密着に溺れる至高の初回GHRフィニッシュ体験記 #8/21,8/23",1,1,0,0.0,204
2026-08-19,1802007,"【8/21.23出勤】【Fカップ】【中野】現役学生の高身長童顔美女と楽しむ至高の本番GHR体験記 #8/21,8/23 #東京都内",0,0,0,0.0,19
2026-08-19,1771375,"【8/20.23出勤】【Gカップ】【恵比寿】天然Gカップ美女のとZNR洗体に溺れる至高のGHR体験記 #8/20,8/23 #東京都内",0,0,0,0.0,36
2026-08-19,1656118,"【8/21.22出勤】【Gカップ】【大宮】初回から巨乳MBのPZ多幸感！密着オイルで理性を溶かし、巨大な肉圧で搾り取られる至高の快楽 #8/21,8/22 #埼玉",0,0,0,0.0,221
2026-08-19,1817039,【8/18出勤】【Iカップ】【本厚木】爆乳美女と無課金本番解禁！紙パンツ脱ぎ捨てトロ顔GHR体験記 #8/18 #神奈川,2,2,0,0.0,91
2026-08-19,1817043,"【8/19.20.21出勤】【Jカップ】【藤沢】天然Jカップ巨乳美女がキャミ脱ぎ捨てからの本番GHR体験記 #8/19,8/20,8/21 #神奈川",4,4,0,0.0,51
2026-08-19,1817008,"【8/19.20.22出勤】【Iカップ】【新宿】神乳PZで絶頂！ハーフ系二重美女の爆乳パイズリと至高の密着体験記 #8/19,8/20,8/22 #東京都内",0,0,0,0.0,20
2026-08-19,1817004,"【8/20.21.22出勤】【Gカップ】【新宿】むちむち可愛い系美女のマイクロビキニ密着と神乳PZフィニッシュ体験記 #8/20,8/21,8/22 #本日出勤 #東京都内",0,0,0,0.0,10
2026-08-19,1601302,"【8/19.21.22出勤】【Hカップ】【恵比寿】初回から「ちゃんと着けるから、挿れてもいい？♥」淫らな聖女の逆指名。現役看護師と堕ちる、ヌルヌル密着の絶頂本番HR #8/19,8/21,8/22 #東京都内",2,2,0,0.0,794
2026-08-19,1656274,"【8/19.21.22出勤】【Fカップ】【登戸】溢れる巨乳Gカップの衝撃！密着オイル攻めから交渉で堕ちた、至高の「生感覚」本番GHRフィニッシュ体験記！ #8/19,8/21,8/22",1,1,0,0.0,247
2026-08-19,1780536,"【8/22.23出勤】【Gカップ】【多摩】生ハメNNで絶頂！小顔グラマラス美女の超密着ヌルヌル本番と至高の体験記 #8/22,8/23",1,1,0,0.0,88
2026-08-19,1663647,"【8/20.22出勤】【Fカップ】【新宿】新宿の現役学生と初回「生in」中出し！スレンダー美女の絶景と吐息に溺れる至高のフィニッシュ体験記！ #8/20,8/22 #東京都内",0,0,0,0.0,81
2026-08-19,1797240,【8/17出勤】【Iカップ】【溝の口】ぱるる系清楚アイドルと本番解禁！新人美巨乳密着に狂うGHR体験記 #8/17 #本日出勤,0,0,0,0.0,35
2026-08-19,1808348,【8/22出勤】【Hカップ】【秋葉原】 #8/22 #東京都内,1,1,0,0.0,33
2026-08-19,1662490,"【8/21.23.24出勤】【Lカップ】【秋葉原】視界を覆う「おっぱいスタンプ」から搾り取られるPZ(パイズリ)フィニッシュ体験記！水袋のような超軟乳の至高のPZ(パイズリ)の衝撃！ #8/21,8/23,8/24 #東京都内",1,1,0,0.0,553
2026-08-19,1802001,【8/6出勤】【Kカップ】【池袋】Kカップお姉さん美女のMB密着と爆乳PZフィニッシュ体験記 #東京都内,2,2,0,0.0,51
2026-08-19,1664794,【8/13出勤】【Gカップ】【横浜】初回から理性が決壊する一線越え。Gカップ美女の吐息と「名器の締め付け」に溺れた至高のGHRフィニッシュ体験記 #神奈川,0,0,0,0.0,196
2026-08-19,1789466,"【8/21.22.23出勤】【Hカップ】【海老名】本番解禁！Fカップおっとり美人と生まれたて全裸密着に狂うGHR体験記 #8/21,8/22,8/23 #神奈川",1,1,0,0.0,78
2026-08-19,1642194,"【8/19.20.24出勤】【Fカップ】【登戸】街で二度見する爆美女と「密着シャワー」の悦楽…初回から奥地まで咥え込む濃厚Fで昇天！ #8/19,8/20,8/24 #本日出勤",0,0,0,0.0,278
2026-08-19,1806934,【8/5出勤】【Hカップ】【西麻布】本番NS解禁！長身スレンダー美女の四つん這い紙パンツちぎりに狂う体験記 #東京都内,0,0,0,0.0,23
2026-08-19,1806911,"【8/19.21.22出勤】【Eカップ】【新宿】ピンク髪スレンダー美女の丸出し密着に狂うGHR体験記 #8/19,8/21,8/22 #東京都内",0,0,0,0.0,11
2026-08-19,1806940,"【8/20.21.23出勤】【Hカップ】【新宿】グラマラス爆乳美女と膝上乗っかり密着に狂う本番GHR体験記 #8/20,8/21,8/23 #東京都内",0,0,0,0.0,20
2026-08-19,1771377,"【8/20.21出勤】【Iカップ】【秋葉原】爆乳美女のおっぱいポロン密着に狂う本番GHR体験記 #8/20,8/21 #本日出勤 #東京都内",0,0,0,0.0,69
2026-08-19,1662519,"【8/19.23出勤】【Iカップ】【北千住】爆乳と「爆裂美尻」の衝撃！理性を溶かす密着オイルから、生の熱量に溺れた至高の初回本番HR体験記！ #8/19,8/23 #東京都内",0,0,0,0.0,330
2026-08-19,1668882,【8/20出勤】【Gカップ】【錦糸町】初回本番解禁！ムチムチ美女の「名器の締め付け」と、MBから溢れる巨乳に溺れる。至高のGHRフィニッシュ体験記 #8/20 #東京都内,2,2,0,0.0,479
2026-08-19,1651197,"【8/22.23出勤】【Hカップ】【中野】「手でやらなきゃいいでしょ？」可愛い顔してPZ(パイズリ)で翻弄する小悪魔系美女 #8/22,8/23 #東京都内",0,0,0,0.0,183
2026-08-19,1656077,【8/23出勤】【Iカップ】【大宮】おわん型巨乳の重圧と「生」の温もり…感度抜群の地雷系美女と堕ちる、衝撃の初回本番NSフィニッシュ！ #8/23 #埼玉,1,1,0,0.0,176
2026-08-19,1667126,"【8/21.22出勤】【Gカップ】【武蔵小杉】ニコル似Iカップ美女の初回本番「生in」。至高のNSフィニッシュ体験記 #8/21,8/22 #神奈川",0,0,0,0.0,149
2026-08-19,1663765,【8/20出勤】【Hカップ】【新宿】初回中出しNN解禁！沖縄出身ギャルと生in。至高の美ボディと「密着中出し」に溺れる、新宿の禁断生挿入フィニッシュ体験記 #8/20 #東京都内,0,0,0,0.0,131
2026-08-19,1802005,【8/5出勤】【Gカップ】【銀座】人生イチ綺麗なGカップ！福岡美人によるツバ垂らしPZとSPPN密着体験記 #東京都内,0,0,0,0.0,33
2026-08-19,1677614,【7/31出勤】【Fカップ】【浦和】低身長巨乳と密着。色白美肌美女の「生乳PZ」と、耳元への吐息に溺れる至高のフィニッシュ体験記 #埼玉,0,0,0,0.0,223
2026-08-19,1762969,【8/21出勤】【Gカップ】【横浜】神乳PZで絶頂！Gカップアイドル顔美女のマイクロビキニポロリと至高のフィニッシュ体験記 #8/21 #神奈川,0,0,0,0.0,94
2026-08-19,1598368,【8/18出勤】【Iカップ】【秋葉原】焦らしの美学に完敗！プロの脚本で堕ちる「鏡越しの背徳ANR」と至福のPZ(パイズリ)フィニッシュ #8/18 #本日出勤 #東京都内,1,1,0,0.0,610
2026-08-19,1797226,"【8/21.23出勤】【Fカップ】【北千住】ギャル系美人の無課金GHR！紙パンツなし超密着に狂う至高の体験記 #8/21,8/23 #東京都内",1,1,0,0.0,77
2026-08-19,1797257,"【8/23.26.27出勤】【Hカップ】【恵比寿】神乳PZで絶頂！小柄可愛い巨乳美女の極上マイクロビキニ密着と至高のフィニッシュ体験記 #8/23,8/26,8/27 #東京都内",0,0,0,0.0,57
2026-08-19,1797247,【7/26出勤】【Hカップ】【三軒茶屋】天然Gカップロリ体型美女と本番！ふわふわマシュマロ密着に狂うGHR体験記 #神奈川,0,0,0,0.0,0
2026-08-19,1780542,"【8/19.20.21出勤】【Hカップ】【新宿】神乳PZで絶頂！天然Hカップ美女の透けビキニ密着と至高のフィニッシュ体験記 #8/19,8/20,8/21 #東京都内",0,0,0,0.0,45
2026-08-19,1654034,"【8/22.23出勤】【Fカップ】【武蔵小杉】有村架純似の可憐な美女と溺れる「主導権剥奪」の100分…最後は理性を超える初回本番GHRフィニッシュ！ #8/22,8/23 #神奈川",1,1,0,0.0,213
2026-08-19,1708856,【8/24出勤】【Dカップ】【麻布】清楚系美女の本番とMBからはみ出す両CKBに溺れる至高のGHR体験記 #8/24 #東京都内,0,0,0,0.0,73
2026-08-19,1642392,"【8/21.26.27出勤】【Gカップ】【秋葉原】甘えたがり必見!!高身長Hカプお姉さんのお◯ぱい密着天国からのPZ(パイズリ)フィニッシュ！ #8/21,8/26,8/27 #東京都内",1,1,0,0.0,257
2026-08-19,1755449,"【8/19.22.23出勤】【Hカップ】【五反田】伝説級の超マシュマロ巨乳PZ！漫画スタイルの爆乳に溺れる至高のフィニッシュ体験記 #8/19,8/22,8/23 #東京都内",1,1,0,0.0,188
2026-08-19,1662528,"【8/19.20.22出勤】【Gカップ】【新宿】金額交渉で堕ちる「生の温もり」！密着オイルから不意打ちの絶品F、そして衝撃の初回本番HRフィニッシュへ！ #8/19,8/20,8/22 #東京都内",0,0,0,0.0,55
2026-08-19,1788140,"【8/20.21.22出勤】【Fカップ】【恵比寿】本番解禁！パネマジなし綺麗系美女の天然巨乳に溺れる至高のGHR体験記 #8/20,8/21,8/22 #東京都内",0,0,0,0.0,39
2026-08-19,1662542,【8/19出勤】【Eカップ】【横浜】至福の初回NS生本番挿入！お腹への発射で締める、最高級の「パコ姫」ホスピタリティ体験記！ #8/19 #神奈川,0,0,0,0.0,175
2026-08-19,1662554,"【8/21.23出勤】【Gカップ】【中野】高身長スレンダー×天然ロケットπ開始30分で理性が決壊！細身の体に宿る巨乳の衝撃と、禁断の初回NSフィニッシュ体験記！ #8/21,8/23 #東京都内",0,0,0,0.0,169
2026-08-19,1764682,"【8/21.22出勤】【Gカップ】【 大宮】Gカップ美女のMBはみ出し密着と至高のPZパイズリフィニッシュ体験記 #8/21,8/22 #埼玉",0,0,0,0.0,78
2026-08-19,1599734,"【8/20.22.23出勤】【Gカップ】【新宿】初回で合体まで至った至福の本番HR体験記「このGカップ、本物だ…」若さ弾ける爆乳美女の神対応。 #8/20,8/22,8/23 #本日出勤 #東京都内",0,0,0,0.0,180
2026-08-19,1655143,【8/17出勤】【Fカップ】【横浜】隠れ家で堕ちる「脱衣プレイ」とNBRの誘惑…至近距離で見つめられ搾り取られる極上PZ(パイズリ)の衝撃！ #8/17 #本日出勤 #神奈川,1,1,0,0.0,185
2026-08-19,1678781,【7/4出勤】【Gカップ】【船橋】生乳爆乳PZ解禁。色白美肌美女と悪戯な囁きに溺れる至高のフィニッシュ体験記 #千葉,0,0,0,0.0,250
2026-08-19,1708852,【8/21出勤】【Fカップ】【麻布】NN解禁！クール系美女の「生挿入中出し」と、神スタイルに溺れる至高のフィニッシュ体験記 #8/21 #東京都内,0,0,0,0.0,70
2026-08-19,1653916,"【8/19.22出勤】【Gカップ】【新宿】ロシア系クォーターの至高ボディ！爆揺れ巨乳に埋もれる「魔性の69」と絶品PZ(パイズリ)フィニッシュ #8/19,8/22 #東京都内",0,0,0,0.0,154
2026-08-19,1754547,"【8/19.24.26出勤】【Eカップ】【新宿】本番解禁！猫顔スレンダー美女の「名器中出し」と、関西弁の甘い誘惑に溺れる至高のGHR体験記 #8/19,8/24,8/26 #東京都内",2,2,0,0.0,50
2026-08-19,1650404,"【8/19.23出勤】【Fカップ】【新宿】「特別コースですから…♥」橋本マナミ風お姉さんの透け衣装誘惑。ムチムチFカップと溶け合う初回PZ(パイズリ)による至福の夜 #8/19,8/23 #東京都内",0,0,0,0.0,129
2026-08-19,1654061,【6/26出勤】【Fカップ】【相模大野】メジャーアイドル級美女と溺れる「KPなし」の密着洗体…最後はG着用で果てる禁断の絶頂本番HR体験！ #神奈川,0,0,0,0.0,140
2026-08-19,1710810,"【8/19.20.21出勤】【Gカップ】【新宿】乃木坂系美女と密着本番HR。アニメ級の爆乳に溺れる、至高のGHRフィニッシュ体験記 #8/19,8/20,8/21 #本日出勤 #東京都内",0,0,0,0.0,55
2026-08-19,1655253,"【8/21.22出勤】【Gカップ】【新宿】コスプレ級美女と堕ちる「禁断の本番」！溢れ出す爆乳おっぱいスタンプと、本番GHRの積極的な誘いに理性が溶ける至福の90分！ #8/21,8/22 #東京都内",0,0,0,0.0,52
2026-08-19,1668275,【8/14出勤】【Fカップ】【新宿】九州出身セクシー美女の「おっとり吐息」と名器に溺れる、至高の初回本番GHRフィニッシュ体験記 #8/14 #本日出勤 #東京都内,0,0,0,0.0,42
2026-08-19,1663737,"【8/20.22出勤】【Gカップ】【新宿】本番解禁！福原遥似の美少女とGHR。お椀型巨乳とヌルヌル密着オイルに溺れる至高のフィニッシュ体験記 #8/20,8/22 #東京都内",0,0,0,0.0,46
2026-08-19,1657099,都内出勤カレンダー,0,0,0,0.0,425
2026-08-19,1657105,埼玉県(大宮)出勤カレンダー,0,0,0,0.0,182
2026-08-19,1657104,横浜周辺出勤カレンダー,0,0,0,0.0,154
2026-08-19,1657101,多摩(吉祥寺)周辺カレンダー,1,1,0,0.0,147
2026-08-19,1648133,【4/3.5出勤】【Gカップ】【田町】【PZ】20歳のふわっふわH乳によるグラインドPZ(パイズリ)でSKR #東京都内,0,0,0,0.0,94
2026-08-20,1823563,【8/21出勤】【Gカップ】【秋葉原】19歳ハーフ系Gカップ美女と本番解禁！騎乗位密着GHR体験記,0,0,0,0.0,0
2026-08-20,1823572,【8/20.21出勤】【Hカップ】【秋葉原】生挿入NS解禁！色白グラマー巨乳美女と全裸密着NS体験記,0,0,0,0.0,0
2026-08-20,1798245,"【8/21.22.23出勤】【Iカップ】【南流山/流山おおたかの森】爆乳JD美女と本番解禁！オイルパイ挟みに狂うGHR体験記 #8/21,8/22,8/23 #千葉",3,3,0,0.0,104
2026-08-20,1662542,【8/19出勤】【Eカップ】【横浜】至福の初回NS生本番挿入！お腹への発射で締める、最高級の「パコ姫」ホスピタリティ体験記！ #8/19 #神奈川,1,1,0,0.0,176
2026-08-20,1601302,"【8/21.22.23出勤】【Hカップ】【恵比寿】初回から「ちゃんと着けるから、挿れてもいい？♥」淫らな聖女の逆指名。現役看護師と堕ちる、ヌルヌル密着の絶頂本番HR #8/21,8/22,8/23 #東京都内",3,3,0,0.0,807
2026-08-20,1817054,【8/21出勤】【Fカップ】【武蔵小杉】本番解禁！たぬき顔美女の盛MN密着GHR体験記 #8/21 #神奈川,6,6,0,0.0,57
2026-08-20,1656071,【8/25出勤】【Dカップ】【大宮】パフィーニップルの誘惑とSPPN密着！理性が吹き飛ぶ「NS生挿入」フィニッシュ体験記！ #8/25 #埼玉,1,1,0,0.0,393
2026-08-20,1653910,"【8/20.21.23出勤】【Fカップ】【新宿】お風呂屋超えの濃厚PZ(パイズリ)！Fカップ美乳嬢と溺れる「寸止め地獄」と「密着DKフィニッシュ」 #8/20,8/21,8/23 #東京都内",0,0,0,0.0,190
2026-08-20,1597345,"【8/20.22出勤】【Iカップ】【品川】高身長ムチムチ聖母の「生OPI」洗礼！SKSK衣装から溢れる爆乳PZ(パイズリ)体験記 #8/20,8/22 #東京都内",1,1,0,0.0,1010
2026-08-20,1656212,"【8/20.21.22出勤】【Jカップ】【吉祥寺】視界を塞ぐ爆乳の壁！ソファーでの密着ハグから搾り取られる、至高のPZ(パイズリ)フィニッシュ体験記！ #8/20,8/21,8/22",2,2,0,0.0,523
2026-08-20,1640011,"【8/20.21.24出勤】【Gカップ】【池袋】池田エライザ似の爆乳美女と初回から「禁断の中出しNN合体」！深夜枠で溺れた、むっちりマシュマロボディの誘惑 #8/20,8/21,8/24 #東京都内",1,1,0,0.0,495
2026-08-20,1794515,"【8/22.23出勤】【Jカップ】【大宮】地雷系むちむち美女本番解禁！トップレス密着に狂うGHR体験記 #8/22,8/23 #埼玉",1,1,0,0.0,105
2026-08-20,1667106,【8/19出勤】【Fカップ】【厚木】初回で理性が決壊。有村架純似Fカップ美女の吐息と「ツルツル秘部」に溺れた至高の本番GHRフィニッシュ体験記,1,1,0,0.0,357
2026-08-20,1754531,【8/20出勤】【Gカップ】【赤坂】驚愕の神乳PZ！林ゆめ似の超絶スレンダー巨乳と、ゼロ距離密着に理性が溶ける体験記 #8/20 #東京都内,5,5,0,0.0,304
2026-08-20,1656219,"【8/20.21.22出勤】【Fカップ】【吉祥寺】初回から濃厚PZ(パイズリ)から搾り取られる、至高の本番HRフィニッシュ！Gカップに溺れる「密着ソファー」の誘惑 #8/20,8/21,8/22",3,3,0,0.0,434
2026-08-20,1780559,"【8/20.21.22出勤】【Fカップ】【池袋】生ハメNNで絶頂！リアルアイドル顔美女の超濃厚ヌルヌル密着と至高のNN体験記 #8/20,8/21,8/22 #東京都内",3,3,0,0.0,135
2026-08-20,1656283,"【8/20.22.23出勤】【Fカップ】【調布】清楚な顔立ちに潜む、驚愕の「名器」と感度…理性が決壊する交渉の末、生の温もりに溺れた至高の初回本番HR体験記！ #8/20,8/22,8/23",2,2,0,0.0,473
2026-08-20,1710821,"【8/20.21.22出勤】【Gカップ】【新宿】元グラドルのH超え爆乳と「２回戦本番HR」に壊される、支配的な至高の体験記 #8/20,8/21,8/22 #東京都内",3,3,0,0.0,310
2026-08-20,1798255,"【8/21.22.23出勤】【Gカップ】【津田沼】むちむちボブ美女AN密着に狂う本番GHR体験記 #8/21,8/22,8/23 #千葉",4,4,0,0.0,148
2026-08-20,1656105,【8/20出勤】【Fカップ】【大宮】密着オイル攻めの果てに迎えた、衝撃の初回本番HRフィニッシュ！ #8/20 #埼玉,1,1,0,0.0,463
2026-08-20,1677604,【8/20出勤】【Fカップ】【赤羽】「アニメ声」たぬき顔美女と初回本番解禁！密着マッサージに溺れる至高のGHRフィニッシュ体験記 #8/20 #埼玉,4,4,0,0.0,542
2026-08-20,1623774,"【8/21.22.23出勤】【Jカップ】【池袋】「時間があるなら2回でもいいよ♥」初回からJカップ爆乳美女の神対応。無料パイズリPZの快感に溺れた、高身長元キャバ嬢との夜 #8/21,8/22,8/23 #東京都内",3,3,0,0.0,981
2026-08-20,1651485,"【8/21.22.24出勤】【Gカップ】【登戸】初回から「ねぇ、もう一回しよ♥」極上Gカップに溺れる本番NS二回転フィニッシュ #8/21,8/22,8/24",1,1,0,0.0,342
2026-08-20,1754540,"【8/21.22出勤】【Hカップ】【新宿】驚愕の爆乳PZ！清楚系色白スレンダー美女のゼロ距離密着と、脳がとろける至高の体験記 #8/21,8/22 #東京都内",1,1,0,0.0,111
2026-08-20,1623796,【8/22出勤】【Fカップ】【中野】「あとで脱がせる方がERいでしょ♥」Fカップ清楚系セラピストと堕ちる、濃厚DK＆背徳の初回本番NS90分 #8/22 #東京都内,3,3,0,0.0,350
2026-08-20,1663754,【8/20出勤】【Gカップ】【新宿】初回から境界線を超えた超密着！JD美女と溶け合う「生感覚」の衝撃。極上本番HRフィニッシュ #8/20 #東京都内,2,2,0,0.0,141
2026-08-20,1762959,"【8/22.23出勤】【Fカップ】【綱島】神乳PZで絶頂！エロ可愛いムッチリ巨乳のマイクロビキニ密着と至高のフィニッシュ体験記 #8/22,8/23 #神奈川",4,4,0,0.0,127
2026-08-20,1798265,【8/25出勤】【Hカップ】【流山おおたかの森】極上神乳PZで絶頂！過去一柔らかい天然Hカップ美女の超密着パイズリ体験記 #8/25 #千葉,4,4,0,0.0,144
2026-08-20,1820272,"【8/20.23出勤】【Jカップ】【秋葉原】爆乳ゆるふわ美女の神乳PZで絶頂！MB密着と顔面埋まり体験記 #8/20,8/23 #東京都内",0,0,0,0.0,18
2026-08-20,1754553,"【8/20.24.26出勤】【Hカップ】【登戸】神乳PZで絶頂！細身巨乳美女の「 naked密着」と、鏡越しprprに溺れる至高のフィニッシュ体験記 #8/20,8/24,8/26",3,3,0,0.0,167
2026-08-20,1817046,【8/23出勤】【Hカップ】【武蔵小杉】生のまま中出し解禁！美形細身巨乳美女の全裸密着と生本番NNフィニッシュ体験記 #8/23 #神奈川,7,7,0,0.0,86
2026-08-20,1710842,"【8/22.25出勤】【Gカップ】【恵比寿】ゴマキ似ギャル美女と本番解禁！スレンダー巨乳に溺れる至高のGHR体験記 #8/22,8/25 #東京都内",12,12,0,0.0,330
2026-08-20,1639998,【8/21出勤】【Kカップ】【銀座】揉みごたえ充分の巨乳は感度も抜群！ ふわふわおっ杯で濃厚密着PZ(パイズリ) #8/21 #東京都内,8,8,0,0.0,750
2026-08-20,1761550,【8/23出勤】【Gカップ】【中野】本番解禁！柏木由紀似OLと一緒に入る泡洗体に溺れる至高のGHR体験記 #8/23 #東京都内,1,1,0,0.0,74
2026-08-20,1762946,"【8/21.22.23出勤】【Hカップ】【横浜】170cmの48Kgスーパーモデル級美人のKP剥ぎ取り密着に狂う本番GHR体験記 #8/21,8/22,8/23 #神奈川",1,1,0,0.0,110
2026-08-20,1677621,"【8/20.21出勤】【Gカップ】【浦和】禁断のモロ出し。Gカップ美女の「生乳PZ」と、吐息が重なる濃厚フィニッシュ体験記 #8/20,8/21 #埼玉",1,1,0,0.0,377
2026-08-20,1822419,"【8/21.22.23出勤】【Jカップ】【新宿】神乳PZで絶頂！Jカップ美女MB密着と未体験の極圧パイズリ体験記 #8/21,8/22,8/23 #東京都内",6,6,0,0.0,11
2026-08-20,1823553,"【8/20.22出勤】【Gカップ】【秋葉原】低身長ロリ巨乳美女と本番解禁！トップレス密着GHR体験記 #8/20,8/22 #東京都内",22,22,0,0.0,39
2026-08-20,1663730,"【8/20.21出勤】【Gカップ】【新宿】現役AV女優と禁断の初回本番GHR！熟練タイ古式と爆乳に搾り取られる、新宿の至高フィニッシュ体験記！ #8/20,8/21 #東京都内",0,0,0,0.0,132
2026-08-20,1653899,"【8/20.21.24出勤】【Gカップ】【新宿】スレンダーな腰に「上向き巨乳」の奇跡…職場のマドンナ似との密着PZ(パイズリ) #8/20,8/21,8/24 #東京都内",1,1,0,0.0,242
2026-08-20,1677586,【12/10出勤】【Gカップ】【大宮】初回本番解禁！新人美女の「初めてのin」と、重力に抗えない爆乳に溺れる。至高のGHRフィニッシュ体験記 #12/10 #埼玉,0,0,0,0.0,212
2026-08-20,1656054,【8/23出勤】【Jカップ】【大宮】初回から至高の本番NS生挿入！視界を覆う爆乳スタンプ…合意の上で堕ちた締まりに悶絶体験記 #8/23 #埼玉,1,1,0,0.0,637
2026-08-20,1761543,【8/21出勤】【Eカップ】【中野】本番解禁！高身長Fカップ女子大生の「数の子天井ナカ出し」とSPPN密着に溺れる至高のGHR体験記 #8/21 #東京都内,0,0,0,0.0,120
2026-08-20,1667095,"【8/21.22.23出勤】【Fカップ】【関内】初回から理性が決壊する一線越え。本格派美女の「お口で装着」と名器の締め付けに溺れた至高のGHRフィニッシュ体験記 #8/21,8/22,8/23 #神奈川",0,0,0,0.0,634
2026-08-20,1639983,"【8/22.23出勤】【Gカップ】【中野】初回から巨乳ギャルのフルスロットルの寛容度。生Fからの「最後どうする？」で本番GHR。 #8/22,8/23 #東京都内",0,0,0,0.0,567
2026-08-20,1655202,"【8/21.22.24出勤】【Gカップ】【横浜】初回極上PZの衝撃！初回から弾力MAXのOPIスタンプと禁断の密着洗体…NPの誘惑に搾り取られるPZフィニッシュ #8/21,8/22,8/24 #神奈川",2,2,0,0.0,475
2026-08-20,1655185,【8/22出勤】【Gカップ】【横浜】癒し系お姉さんの「隠しきれないHカップ」に悶絶！密着オイルから搾り取られる、至高のPZ(パイズリ)フィニッシュ体験記 #8/22 #神奈川,0,0,0,0.0,619
2026-08-20,1655259,"【8/20.23出勤】【Eカップ】【新宿】至高のPZで悶絶！柔らか巨乳の密着スタンプと「もう1回できる？」と囁かれる悦楽 #8/20,8/23 #東京都内",0,0,0,0.0,170
2026-08-20,1822402,【8/19出勤】【Gカップ】【登戸】色白小顔ギャル美女と本番解禁！一緒シャワー全裸密着GHR体験記,7,7,0,0.0,14
2026-08-20,1822409,【8/18出勤】【Fカップ】【恵比寿】神乳綺麗系お姉さんのMB密着と至高のパイズリ体験記 #東京都内,4,4,0,0.0,35
2026-08-20,1821353,【8/22出勤】【Fカップ】【渋谷】モデル級スレンダー巨乳美女と本番解禁！顔面胸乗せ密着GHR体験記 #8/22 #東京都内,9,9,0,0.0,31
2026-08-20,1662532,【8/16出勤】【Hカップ】【吉祥寺】クラスの可愛い子と「恋人気分」！水袋のような弾力のHカップで搾り取られる、至高のPZ(パイズリ)フィニッシュ体験記！,0,0,0,0.0,125
2026-08-20,1656126,【8/22出勤】【Gカップ】【大宮】「ムチふわ爆乳」の誘惑…おっぱいスタンプから搾り取られる、至高のPZ(パイズリ)フィニッシュ体験記！,0,0,0,0.0,148
2026-08-20,1788175,"【8/22.23出勤】【Fカップ】【練馬】本番解禁！YouTuberかすちゃん似美女のおっぱい密着に狂うGHR体験記 #8/22,8/23 #東京都内",0,0,0,0.0,88
2026-08-20,1820244,【8/23出勤】【Fカップ】【国分寺】美くびれ巨乳美女と本番解禁！長い爪フェザー密着GHR体験記 #8/23,3,3,0,0.0,68
2026-08-20,1710833,"【8/21.22.23出勤】【Fカップ】【中目黒】清楚系美女の溢れるFカップ爆乳に溺れる至高の本番GHR体験記 #8/21,8/22,8/23 #東京都内",1,1,0,0.0,198
2026-08-20,1761541,"【8/21.22.23出勤】【Gカップ】【品川】驚愕の神乳PZ！清楚系お姉さんの「naked密着」と、ゼロ距離奉仕に理性が溶ける体験記 #8/21,8/22,8/23 #東京都内",0,0,0,0.0,163
2026-08-20,1668292,"【8/22.23出勤】【Iカップ】【新宿】爆乳解禁。清楚系アイドル美女の「生乳PZ」と、理性を奪う中出し。至高のフィニッシュ体験記 #8/22,8/23 #東京都内",0,0,0,0.0,201
2026-08-20,1653925,"【8/20.21.22出勤】【Fカップ】【新宿】初回から現役JDと濃厚DK＆生本番級GHR！スベスベ美肌の妹系美女と溺れる超密着PZの衝撃！#本日出勤 #8/20,8/21,8/22 #東京都内",1,1,0,0.0,335
2026-08-20,1667110,"【8/21.23出勤】【Fカップ】【武蔵小杉】境界線を超えた密着。グラビア級美女の「おっとり吐息」と名器に溺れる、至高の初回本番GHRフィニッシュ体験記 #8/21,8/23 #神奈川",1,1,0,0.0,311
2026-08-20,1683671,"【8/20.22.23出勤】【Eカップ】【大宮】AV女優黒川すみれ似美女の「生乳PZ」と、Sっ気溢れる言葉責めに溺れる至高の体験記 #8/20,8/22,8/23 #埼玉",0,0,0,0.0,228
2026-08-20,1821346,【8/20出勤】【Fカップ】【渋谷】神乳美女の紐MB密着と至高のパイズリ体験記 #8/20 #東京都内,2,2,0,0.0,38
2026-08-20,1820251,【8/23出勤】【Hカップ】【恵比寿】巨乳大学生美女と本番解禁！MB密着GHR体験記 #8/23 #東京都内,1,1,0,0.0,48
2026-08-20,1683650,【8/20出勤】【Hカップ】【浦和】NN解禁！爆乳美女への「生挿入中出し」と溢れるデカ尻に溺れる至高の体験記 #8/20 #埼玉,2,2,0,0.0,458
2026-08-20,1683635,"【8/20.21.22出勤】【Eカップ】【登戸/溝の口】色白スレンダー美女の「超絶NF奉仕」と、上に跨り繋がる至高のGHR体験記 #8/20,8/21,8/22",3,3,0,0.0,315
2026-08-20,1762949,【8/23出勤出勤】【Gカップ】【本厚木】HP通り可愛い美女のと一緒に入る泡洗体に溺れる至高の本番GHR体験記 #8/23 #神奈川,3,3,0,0.0,324
2026-08-20,1817000,"【8/20.21.22出勤】【Eカップ】【笹塚】爆乳美女の無課金生外だしと全裸お触り密着に狂う体験記 #8/20,8/21,8/22 #東京都内",1,1,0,0.0,43
2026-08-20,1820247,【8/19出勤】【Hカップ】【新宿】グラマラス爆乳美女と本番解禁！TL密着GHR体験記 #8/19 #東京都内,1,1,0,0.0,13
2026-08-20,1656086,"【12/8.27出勤】【Iカップ】【大宮】神スタイルと初回NSの悦楽！AI超えの美体と堕ちる「生の温もり」…2回戦連続フィニッシュ #12/8,12/27 #埼玉",0,0,0,0.0,474
2026-08-20,1708502,"【8/21.23.24出勤】【Gカップ】【新宿】本番解禁！白川理桜似のGカップ美女と「密着中出し」。理性を焼き切る至高のGHR体験記 #8/21,8/23,8/24 #東京都内",0,0,0,0.0,69
2026-08-20,1788157,"【8/20.21.22出勤】【Gカップ】【吉祥寺】本番解禁！HP通り美人なムッチリ巨乳と密着69に理性が溶けるGHR体験記 #8/20,8/21,8/22",1,1,0,0.0,38
2026-08-20,1761532,"【8/20.21.22出勤】【Gカップ】【渋谷】本番解禁！現役女子大生のとSPPNで絡み合う至高のGHR体験記 #8/20,8/21,8/22 #東京都内",1,1,0,0.0,111
2026-08-20,1683683,"【8/21.22.24出勤】【Gカップ】【横浜】洗体アシストで悶絶。巨乳美女の「生乳PZ」と、密着バックご奉仕に溺れる至高のフィニッシュ体験記 #8/21,8/22,8/24 #神奈川",1,1,0,0.0,286
2026-08-20,1662507,"【8/20.21.23出勤】【Gカップ】【五反田】金額交渉なしの神展開！「今日は特別だよ…♥」と囁かれ、生の温もりに溺れた至高の初回生挿入NS体験記！ #8/20,8/21,8/23 #東京都内",0,0,0,0.0,413
2026-08-20,1673756,"【8/21.23出勤】【Fカップ】【大宮】爆乳解禁！追加なしの極上PZ。至高の肉感と密着ハグに溺れるパイズリフィニッシュ体験記 #8/21,8/23 #埼玉",0,0,0,0.0,209
2026-08-20,1817022,"【8/21.22出勤】【Fカップ】【新宿】池田エライザ似ハーフ美女のTL密着と至高のPZフィニッシュ体験記 #8/21,8/22 #東京都内",0,0,0,0.0,13
2026-08-20,1817029,【8/20出勤】【Fカップ】【赤坂】ツルスベ巨乳美女のSPPN全裸密着と怒涛のPZフィニッシュ体験記 #8/20 #東京都内,1,1,0,0.0,52
2026-08-20,1683630,"【8/21.23出勤】【Fカップ】【荻窪】22歳Fカップ美女の「名器の締め付け」と爆乳密着に溺れる至高の初回GHRフィニッシュ体験記 #8/21,8/23",0,0,0,0.0,204
2026-08-20,1802007,"【8/21.23出勤】【Fカップ】【中野】現役学生の高身長童顔美女と楽しむ至高の本番GHR体験記 #8/21,8/23 #東京都内",0,0,0,0.0,19
2026-08-20,1771375,"【8/20.23出勤】【Gカップ】【恵比寿】天然Gカップ美女のとZNR洗体に溺れる至高のGHR体験記 #8/20,8/23 #東京都内",0,0,0,0.0,37
2026-08-20,1656118,"【8/21.22出勤】【Gカップ】【大宮】初回から巨乳MBのPZ多幸感！密着オイルで理性を溶かし、巨大な肉圧で搾り取られる至高の快楽 #8/21,8/22 #埼玉",0,0,0,0.0,221
2026-08-20,1817039,【8/18出勤】【Iカップ】【本厚木】爆乳美女と無課金本番解禁！紙パンツ脱ぎ捨てトロ顔GHR体験記,2,2,0,0.0,92
2026-08-20,1817043,【8/21出勤】【Jカップ】【藤沢】天然Jカップ巨乳美女がキャミ脱ぎ捨てからの本番GHR体験記 #8/21 #神奈川,3,3,0,0.0,52
2026-08-20,1817008,"【8/20.22.23出勤】【Iカップ】【新宿】神乳PZで絶頂！ハーフ系二重美女の爆乳パイズリと至高の密着体験記 #8/20,8/22,8/23 #東京都内",1,1,0,0.0,21
2026-08-20,1817004,"【8/20.21.22出勤】【Gカップ】【新宿】むちむち可愛い系美女のマイクロビキニ密着と神乳PZフィニッシュ体験記 #8/20,8/21,8/22 #東京都内",0,0,0,0.0,10
2026-08-20,1656274,"【8/21.22.26出勤】【Fカップ】【登戸】溢れる巨乳Gカップの衝撃！密着オイル攻めから交渉で堕ちた、至高の「生感覚」本番GHRフィニッシュ体験記！ #8/21,8/22,8/26",1,1,0,0.0,247
2026-08-20,1780536,"【8/22.23出勤】【Gカップ】【多摩】生ハメNNで絶頂！小顔グラマラス美女の超密着ヌルヌル本番と至高の体験記 #8/22,8/23",0,0,0,0.0,88
2026-08-20,1663647,"【8/20.22出勤】【Fカップ】【新宿】新宿の現役学生と初回「生in」中出し！スレンダー美女の絶景と吐息に溺れる至高のフィニッシュ体験記！ #8/20,8/22 #東京都内",0,0,0,0.0,81
2026-08-20,1797240,【8/19出勤】【Iカップ】【溝の口】ぱるる系清楚アイドルと本番解禁！新人美巨乳密着に狂うGHR体験記 #8/19,1,1,0,0.0,35
2026-08-20,1808348,【8/22出勤】【Hカップ】【秋葉原】 #8/22 #東京都内,0,0,0,0.0,33
2026-08-20,1662490,"【8/21.23.24出勤】【Lカップ】【秋葉原】視界を覆う「おっぱいスタンプ」から搾り取られるPZ(パイズリ)フィニッシュ体験記！水袋のような超軟乳の至高のPZ(パイズリ)の衝撃！ #8/21,8/23,8/24 #東京都内",3,3,0,0.0,555
2026-08-20,1802001,【8/6出勤】【Kカップ】【池袋】Kカップお姉さん美女のMB密着と爆乳PZフィニッシュ体験記 #東京都内,0,0,0,0.0,51
2026-08-20,1664794,【8/13出勤】【Gカップ】【横浜】初回から理性が決壊する一線越え。Gカップ美女の吐息と「名器の締め付け」に溺れた至高のGHRフィニッシュ体験記,0,0,0,0.0,196
2026-08-20,1789466,"【8/21.22.23出勤】【Hカップ】【海老名】本番解禁！Fカップおっとり美人と生まれたて全裸密着に狂うGHR体験記 #8/21,8/22,8/23 #神奈川",0,0,0,0.0,78
2026-08-20,1642194,"【8/20.24.25出勤】【Fカップ】【登戸】街で二度見する爆美女と「密着シャワー」の悦楽…初回から奥地まで咥え込む濃厚Fで昇天！ #8/20,8/24,8/25",2,2,0,0.0,278
2026-08-20,1806934,【8/5出勤】【Hカップ】【西麻布】本番NS解禁！長身スレンダー美女の四つん這い紙パンツちぎりに狂う体験記 #東京都内,1,1,0,0.0,23
2026-08-20,1806911,"【8/21.22.23出勤】【Eカップ】【新宿】ピンク髪スレンダー美女の丸出し密着に狂うGHR体験記 #8/21,8/22,8/23 #東京都内",0,0,0,0.0,11
2026-08-20,1806940,"【8/20.21.23出勤】【Hカップ】【新宿】グラマラス爆乳美女と膝上乗っかり密着に狂う本番GHR体験記 #8/20,8/21,8/23 #東京都内",0,0,0,0.0,20
2026-08-20,1771377,"【8/20.21出勤】【Iカップ】【秋葉原】爆乳美女のおっぱいポロン密着に狂う本番GHR体験記 #8/20,8/21 #東京都内",1,1,0,0.0,71
2026-08-20,1662519,【8/23出勤】【Iカップ】【北千住】爆乳と「爆裂美尻」の衝撃！理性を溶かす密着オイルから、生の熱量に溺れた至高の初回本番HR体験記！ #8/23 #東京都内,0,0,0,0.0,331
2026-08-20,1668882,【8/20出勤】【Gカップ】【錦糸町】初回本番解禁！ムチムチ美女の「名器の締め付け」と、MBから溢れる巨乳に溺れる。至高のGHRフィニッシュ体験記 #8/20 #東京都内,2,2,0,0.0,482
2026-08-20,1651197,"【8/22.23出勤】【Hカップ】【中野】「手でやらなきゃいいでしょ？」可愛い顔してPZ(パイズリ)で翻弄する小悪魔系美女 #8/22,8/23 #東京都内",0,0,0,0.0,184
2026-08-20,1656077,【8/23出勤】【Iカップ】【大宮】おわん型巨乳の重圧と「生」の温もり…感度抜群の地雷系美女と堕ちる、衝撃の初回本番NSフィニッシュ！ #8/23 #埼玉,0,0,0,0.0,176
2026-08-20,1667126,"【8/21.22出勤】【Gカップ】【武蔵小杉】ニコル似Iカップ美女の初回本番「生in」。至高のNSフィニッシュ体験記 #8/21,8/22 #神奈川",0,0,0,0.0,149
2026-08-20,1663765,【8/20出勤】【Hカップ】【新宿】初回中出しNN解禁！沖縄出身ギャルと生in。至高の美ボディと「密着中出し」に溺れる、新宿の禁断生挿入フィニッシュ体験記 #8/20 #東京都内,0,0,0,0.0,132
2026-08-20,1802005,【8/5出勤】【Gカップ】【銀座】人生イチ綺麗なGカップ！福岡美人によるツバ垂らしPZとSPPN密着体験記 #東京都内,0,0,0,0.0,34
2026-08-20,1677614,【7/31出勤】【Fカップ】【浦和】低身長巨乳と密着。色白美肌美女の「生乳PZ」と、耳元への吐息に溺れる至高のフィニッシュ体験記,0,0,0,0.0,224
2026-08-20,1762969,【8/21出勤】【Gカップ】【横浜】神乳PZで絶頂！Gカップアイドル顔美女のマイクロビキニポロリと至高のフィニッシュ体験記 #8/21 #神奈川,2,2,0,0.0,94
2026-08-20,1598368,【8/18出勤】【Iカップ】【秋葉原】焦らしの美学に完敗！プロの脚本で堕ちる「鏡越しの背徳ANR」と至福のPZ(パイズリ)フィニッシュ #東京都内,0,0,0,0.0,610
2026-08-20,1797226,"【8/21.23出勤】【Fカップ】【北千住】ギャル系美人の無課金GHR！紙パンツなし超密着に狂う至高の体験記 #8/21,8/23 #東京都内",1,1,0,0.0,78
2026-08-20,1797257,"【8/23.26.27出勤】【Hカップ】【恵比寿】神乳PZで絶頂！小柄可愛い巨乳美女の極上マイクロビキニ密着と至高のフィニッシュ体験記 #8/23,8/26,8/27 #東京都内",1,1,0,0.0,57
2026-08-20,1797247,【8/20出勤】【Hカップ】【三軒茶屋】天然Gカップロリ体型美女と本番！ふわふわマシュマロ密着に狂うGHR体験記 #8/20 #神奈川,0,0,0,0.0,1
2026-08-20,1780542,"【8/20.21.22出勤】【Hカップ】【新宿】神乳PZで絶頂！天然Hカップ美女の透けビキニ密着と至高のフィニッシュ体験記 #8/20,8/21,8/22 #東京都内",0,0,0,0.0,47
2026-08-20,1654034,【8/22出勤】【Fカップ】【武蔵小杉】有村架純似の可憐な美女と溺れる「主導権剥奪」の100分…最後は理性を超える初回本番GHRフィニッシュ！ #8/22 #神奈川,3,3,0,0.0,213
2026-08-20,1708856,"【8/20.22出勤】【Dカップ】【麻布】清楚系美女の本番とMBからはみ出す両CKBに溺れる至高のGHR体験記 #8/20,8/22 #東京都内",0,0,0,0.0,73
2026-08-20,1642392,"【8/21.26.27出勤】【Gカップ】【秋葉原】甘えたがり必見!!高身長Hカプお姉さんのお◯ぱい密着天国からのPZ(パイズリ)フィニッシュ！ #8/21,8/26,8/27 #東京都内",0,0,0,0.0,257
2026-08-20,1755449,"【8/22.23出勤】【Hカップ】【五反田】伝説級の超マシュマロ巨乳PZ！漫画スタイルの爆乳に溺れる至高のフィニッシュ体験記 #8/22,8/23 #東京都内",1,1,0,0.0,194
2026-08-20,1662528,"【8/20.22.23出勤】【Gカップ】【新宿】金額交渉で堕ちる「生の温もり」！密着オイルから不意打ちの絶品F、そして衝撃の初回本番HRフィニッシュへ！ #8/20,8/22,8/23 #東京都内",1,1,0,0.0,55
2026-08-20,1788140,"【8/20.21.22出勤】【Fカップ】【恵比寿】本番解禁！パネマジなし綺麗系美女の天然巨乳に溺れる至高のGHR体験記 #8/20,8/21,8/22 #東京都内",0,0,0,0.0,39
2026-08-20,1662554,"【8/21.23出勤】【Gカップ】【中野】高身長スレンダー×天然ロケットπ開始30分で理性が決壊！細身の体に宿る巨乳の衝撃と、禁断の初回NSフィニッシュ体験記！ #8/21,8/23 #東京都内",0,0,0,0.0,169
2026-08-20,1764682,"【8/21.22出勤】【Gカップ】【 大宮】Gカップ美女のMBはみ出し密着と至高のPZパイズリフィニッシュ体験記 #8/21,8/22 #埼玉",0,0,0,0.0,78
2026-08-20,1599734,"【8/20.22.23出勤】【Gカップ】【新宿】初回で合体まで至った至福の本番HR体験記「このGカップ、本物だ…」若さ弾ける爆乳美女の神対応。 #8/20,8/22,8/23 #東京都内",0,0,0,0.0,181
2026-08-20,1655143,【8/17出勤】【Fカップ】【横浜】隠れ家で堕ちる「脱衣プレイ」とNBRの誘惑…至近距離で見つめられ搾り取られる極上PZ(パイズリ)の衝撃！,3,3,0,0.0,185
2026-08-20,1678781,【7/4出勤】【Gカップ】【船橋】生乳爆乳PZ解禁。色白美肌美女と悪戯な囁きに溺れる至高のフィニッシュ体験記 #千葉,0,0,0,0.0,250
2026-08-20,1708852,【8/21出勤】【Fカップ】【麻布】NN解禁！クール系美女の「生挿入中出し」と、神スタイルに溺れる至高のフィニッシュ体験記 #8/21 #東京都内,1,1,0,0.0,70
2026-08-20,1653916,【8/22出勤】【Gカップ】【新宿】ロシア系クォーターの至高ボディ！爆揺れ巨乳に埋もれる「魔性の69」と絶品PZ(パイズリ)フィニッシュ #8/22 #東京都内,2,2,0,0.0,154
2026-08-20,1754547,"【8/24.26出勤】【Eカップ】【新宿】本番解禁！猫顔スレンダー美女の「名器中出し」と、関西弁の甘い誘惑に溺れる至高のGHR体験記 #8/24,8/26 #東京都内",1,1,0,0.0,50
2026-08-20,1650404,【8/23出勤】【Fカップ】【新宿】「特別コースですから…♥」橋本マナミ風お姉さんの透け衣装誘惑。ムチムチFカップと溶け合う初回PZ(パイズリ)による至福の夜 #8/23 #東京都内,0,0,0,0.0,130
2026-08-20,1654061,【6/26出勤】【Fカップ】【相模大野】メジャーアイドル級美女と溺れる「KPなし」の密着洗体…最後はG着用で果てる禁断の絶頂本番HR体験！,1,1,0,0.0,140
2026-08-20,1710810,"【8/20.21.24出勤】【Gカップ】【新宿】乃木坂系美女と密着本番HR。アニメ級の爆乳に溺れる、至高のGHRフィニッシュ体験記 #8/20,8/21,8/24 #東京都内",0,0,0,0.0,55
2026-08-20,1655253,"【8/21.22出勤】【Gカップ】【新宿】コスプレ級美女と堕ちる「禁断の本番」！溢れ出す爆乳おっぱいスタンプと、本番GHRの積極的な誘いに理性が溶ける至福の90分！ #8/21,8/22 #東京都内",0,0,0,0.0,52
2026-08-20,1668275,【8/14出勤】【Fカップ】【新宿】九州出身セクシー美女の「おっとり吐息」と名器に溺れる、至高の初回本番GHRフィニッシュ体験記,0,0,0,0.0,42
2026-08-20,1663737,"【8/20.22出勤】【Gカップ】【新宿】本番解禁！福原遥似の美少女とGHR。お椀型巨乳とヌルヌル密着オイルに溺れる至高のフィニッシュ体験記 #8/20,8/22 #東京都内",0,0,0,0.0,46
2026-08-20,1657099,都内出勤カレンダー,0,0,0,0.0,425
2026-08-20,1657105,埼玉県(大宮)出勤カレンダー,0,0,0,0.0,182
2026-08-20,1657104,横浜周辺出勤カレンダー,0,0,0,0.0,154
2026-08-20,1657101,多摩(吉祥寺)周辺カレンダー,2,2,0,0.0,147
2026-08-20,1648133,【4/3.5出勤】【Gカップ】【田町】【PZ】20歳のふわっふわH乳によるグラインドPZ(パイズリ)でSKR #東京都内,0,0,0,0.0,94
2026-08-21,1823574,【8/21.23.25出勤】【Gカップ】【秋葉原】生挿入NS解禁！小顔くびれ美巨乳美女の生中出し濃厚DKS体験記,0,0,0,0.0,1
2026-08-21,1798245,"【8/21.22.23出勤】【Iカップ】【南流山/流山おおたかの森】爆乳JD美女と本番解禁！オイルパイ挟みに狂うGHR体験記 #8/21,8/22,8/23 #千葉",6,6,0,0.0,117
2026-08-21,1663765,【8/20出勤】【Hカップ】【新宿】初回中出しNN解禁！沖縄出身ギャルと生in。至高の美ボディと「密着中出し」に溺れる、新宿の禁断生挿入フィニッシュ体験記 #8/20 #本日出勤 #東京都内,1,1,0,0.0,133
2026-08-21,1668882,【8/20出勤】【Gカップ】【錦糸町】初回本番解禁！ムチムチ美女の「名器の締め付け」と、MBから溢れる巨乳に溺れる。至高のGHRフィニッシュ体験記 #8/20 #東京都内,3,3,0,0.0,506
2026-08-21,1771375,【8/23出勤】【Gカップ】【恵比寿】天然Gカップ美女のとZNR洗体に溺れる至高のGHR体験記 #8/23 #東京都内,1,1,0,0.0,41
2026-08-21,1683683,"【8/21.22.24出勤】【Gカップ】【横浜】洗体アシストで悶絶。巨乳美女の「生乳PZ」と、密着バックご奉仕に溺れる至高のフィニッシュ体験記 #8/21,8/22,8/24 #神奈川",0,0,0,0.0,294
2026-08-21,1683635,"【8/21.22.24出勤】【Eカップ】【登戸/溝の口】色白スレンダー美女の「超絶NF奉仕」と、上に跨り繋がる至高のGHR体験記 #8/21,8/22,8/24",1,1,0,0.0,318
2026-08-21,1683650,【8/26出勤】【Hカップ】【浦和】NN解禁！爆乳美女への「生挿入中出し」と溢れるデカ尻に溺れる至高の体験記 #8/26 #埼玉,2,2,0,0.0,464
2026-08-21,1667110,"【8/21.23出勤】【Fカップ】【武蔵小杉】境界線を超えた密着。グラビア級美女の「おっとり吐息」と名器に溺れる、至高の初回本番GHRフィニッシュ体験記 #8/21,8/23 #神奈川",1,1,0,0.0,316
2026-08-21,1653925,"【8/21.22.23出勤】【Fカップ】【新宿】初回から現役JDと濃厚DK＆生本番級GHR！スベスベ美肌の妹系美女と溺れる超密着PZの衝撃！#本日出勤 #8/21,8/22,8/23 #東京都内",1,1,0,0.0,337
2026-08-21,1655202,"【8/21.22.24出勤】【Gカップ】【横浜】初回極上PZの衝撃！初回から弾力MAXのOPIスタンプと禁断の密着洗体…NPの誘惑に搾り取られるPZフィニッシュ #8/21,8/22,8/24 #神奈川",0,0,0,0.0,477
2026-08-21,1667095,"【8/21.22.23出勤】【Fカップ】【関内】初回から理性が決壊する一線越え。本格派美女の「お口で装着」と名器の締め付けに溺れた至高のGHRフィニッシュ体験記 #8/21,8/22,8/23 #神奈川",2,2,0,0.0,644
2026-08-21,1761543,【8/21出勤】【Eカップ】【中野】本番解禁！高身長Fカップ女子大生の「数の子天井ナカ出し」とSPPN密着に溺れる至高のGHR体験記 #8/21 #東京都内,1,1,0,0.0,128
2026-08-21,1677621,【8/21出勤】【Gカップ】【浦和】禁断のモロ出し。Gカップ美女の「生乳PZ」と、吐息が重なる濃厚フィニッシュ体験記 #8/21 #埼玉,2,2,0,0.0,382
2026-08-21,1798265,"【8/21.24.25出勤】【Hカップ】【流山おおたかの森】極上神乳PZで絶頂！過去一柔らかい天然Hカップ美女の超密着パイズリ体験記 #8/21,8/24,8/25 #千葉",2,2,0,0.0,146
2026-08-21,1663754,"【8/24.25.26出勤】【Gカップ】【新宿】初回から境界線を超えた超密着！JD美女と溶け合う「生感覚」の衝撃。極上本番HRフィニッシュ #8/24,8/25,8/26 #東京都内",2,2,0,0.0,143
2026-08-21,1677604,【8/20出勤】【Fカップ】【赤羽】「アニメ声」たぬき顔美女と初回本番解禁！密着マッサージに溺れる至高のGHRフィニッシュ体験記 #8/20 #埼玉,3,3,0,0.0,543
2026-08-21,1656105,【8/20出勤】【Fカップ】【大宮】密着オイル攻めの果てに迎えた、衝撃の初回本番HRフィニッシュ！ #8/20 #埼玉,2,2,0,0.0,468
2026-08-21,1798255,"【8/21.22.23出勤】【Gカップ】【津田沼】むちむちボブ美女AN密着に狂う本番GHR体験記 #8/21,8/22,8/23 #千葉",4,4,0,0.0,151
2026-08-21,1710821,"【8/21.22出勤】【Gカップ】【新宿】元グラドルのH超え爆乳と「２回戦本番HR」に壊される、支配的な至高の体験記 #8/21,8/22 #東京都内",4,4,0,0.0,322
2026-08-21,1656283,"【8/22.23.24出勤】【Fカップ】【調布】清楚な顔立ちに潜む、驚愕の「名器」と感度…理性が決壊する交渉の末、生の温もりに溺れた至高の初回本番HR体験記！ #8/22,8/23,8/24",2,2,0,0.0,476
2026-08-21,1780559,"【8/21.22.23出勤】【Fカップ】【池袋】生ハメNNで絶頂！リアルアイドル顔美女の超濃厚ヌルヌル密着と至高のNN体験記 #8/21,8/22,8/23 #東京都内",0,0,0,0.0,137
2026-08-21,1656219,"【8/21.22.23出勤】【Fカップ】【吉祥寺】初回から濃厚PZ(パイズリ)から搾り取られる、至高の本番HRフィニッシュ！Gカップに溺れる「密着ソファー」の誘惑 #8/21,8/22,8/23",3,3,0,0.0,437
2026-08-21,1754531,【8/20出勤】【Gカップ】【赤坂】驚愕の神乳PZ！林ゆめ似の超絶スレンダー巨乳と、ゼロ距離密着に理性が溶ける体験記 #8/20 #東京都内,7,7,0,0.0,311
2026-08-21,1640011,【8/26出勤】【Gカップ】【池袋】池田エライザ似の爆乳美女と初回から「禁断の中出しNN合体」！深夜枠で溺れた、むっちりマシュマロボディの誘惑 #8/26 #東京都内,3,3,0,0.0,495
2026-08-21,1656212,"【8/21.22.23出勤】【Jカップ】【吉祥寺】視界を塞ぐ爆乳の壁！ソファーでの密着ハグから搾り取られる、至高のPZ(パイズリ)フィニッシュ体験記！ #8/21,8/22,8/23",9,9,0,0.0,527
2026-08-21,1823563,【8/21出勤】【Gカップ】【秋葉原】19歳ハーフ系Gカップ美女と本番解禁！騎乗位密着GHR体験記 #8/20 #東京都内,0,0,0,0.0,28
2026-08-21,1823572,【8/21出勤】【Hカップ】【秋葉原】生挿入NS解禁！色白グラマー巨乳美女と全裸密着NS体験記 #8/21 #東京都内,0,0,0,0.0,18
2026-08-21,1662542,【8/19出勤】【Eカップ】【横浜】至福の初回NS生本番挿入！お腹への発射で締める、最高級の「パコ姫」ホスピタリティ体験記！ #神奈川,1,1,0,0.0,176
2026-08-21,1601302,"【8/21.22.23出勤】【Hカップ】【恵比寿】初回から「ちゃんと着けるから、挿れてもいい？♥」淫らな聖女の逆指名。現役看護師と堕ちる、ヌルヌル密着の絶頂本番HR #8/21,8/22,8/23 #東京都内",11,11,0,0.0,809
2026-08-21,1817054,【8/21出勤】【Fカップ】【武蔵小杉】本番解禁！たぬき顔美女の盛MN密着GHR体験記 #8/21 #神奈川,5,5,0,0.0,59
2026-08-21,1656071,【8/26出勤】【Dカップ】【大宮】パフィーニップルの誘惑とSPPN密着！理性が吹き飛ぶ「NS生挿入」フィニッシュ体験記！ #8/26 #埼玉,4,4,0,0.0,395
2026-08-21,1653910,"【8/21.23.24出勤】【Fカップ】【新宿】お風呂屋超えの濃厚PZ(パイズリ)！Fカップ美乳嬢と溺れる「寸止め地獄」と「密着DKフィニッシュ」 #8/21,8/23,8/24 #東京都内",2,2,0,0.0,193
2026-08-21,1597345,【8/22出勤】【Iカップ】【品川】高身長ムチムチ聖母の「生OPI」洗礼！SKSK衣装から溢れる爆乳PZ(パイズリ)体験記 #8/22 #東京都内,2,2,0,0.0,1014
2026-08-21,1794515,"【8/22.23出勤】【Jカップ】【大宮】地雷系むちむち美女本番解禁！トップレス密着に狂うGHR体験記 #8/22,8/23 #埼玉",3,3,0,0.0,107
2026-08-21,1667106,【8/19出勤】【Fカップ】【厚木】初回で理性が決壊。有村架純似Fカップ美女の吐息と「ツルツル秘部」に溺れた至高の本番GHRフィニッシュ体験記,8,8,0,0.0,359
2026-08-21,1623774,"【8/21.22.23出勤】【Jカップ】【池袋】「時間があるなら2回でもいいよ♥」初回からJカップ爆乳美女の神対応。無料パイズリPZの快感に溺れた、高身長元キャバ嬢との夜 #8/21,8/22,8/23 #東京都内",2,2,0,0.0,981
2026-08-21,1651485,"【8/21.22.24出勤】【Gカップ】【登戸】初回から「ねぇ、もう一回しよ♥」極上Gカップに溺れる本番NS二回転フィニッシュ #8/21,8/22,8/24",1,1,0,0.0,342
2026-08-21,1754540,"【8/21.22.25出勤】【Hカップ】【新宿】驚愕の爆乳PZ！清楚系色白スレンダー美女のゼロ距離密着と、脳がとろける至高の体験記 #8/21,8/22,8/25 #東京都内",2,2,0,0.0,111
2026-08-21,1623796,【8/22出勤】【Fカップ】【中野】「あとで脱がせる方がERいでしょ♥」Fカップ清楚系セラピストと堕ちる、濃厚DK＆背徳の初回本番NS90分 #8/22 #東京都内,0,0,0,0.0,351
2026-08-21,1762959,"【8/22.23出勤】【Fカップ】【綱島】神乳PZで絶頂！エロ可愛いムッチリ巨乳のマイクロビキニ密着と至高のフィニッシュ体験記 #8/22,8/23 #神奈川",3,3,0,0.0,128
2026-08-21,1820272,【8/23出勤】【Jカップ】【秋葉原】爆乳ゆるふわ美女の神乳PZで絶頂！MB密着と顔面埋まり体験記 #8/23 #東京都内,16,16,0,0.0,28
2026-08-21,1754553,"【8/24.26.27出勤】【Hカップ】【登戸】神乳PZで絶頂！細身巨乳美女の「 naked密着」と、鏡越しprprに溺れる至高のフィニッシュ体験記 #8/24,8/26,8/27",2,2,0,0.0,167
2026-08-21,1817046,【8/23出勤】【Hカップ】【武蔵小杉】生のまま中出し解禁！美形細身巨乳美女の全裸密着と生本番NNフィニッシュ体験記 #8/23 #神奈川,1,1,0,0.0,88
2026-08-21,1710842,"【8/22.25.27出勤】【Gカップ】【恵比寿】ゴマキ似ギャル美女と本番解禁！スレンダー巨乳に溺れる至高のGHR体験記 #8/22,8/25,8/27 #東京都内",2,2,0,0.0,331
2026-08-21,1639998,【8/21出勤】【Kカップ】【銀座】揉みごたえ充分の巨乳は感度も抜群！ ふわふわおっ杯で濃厚密着PZ(パイズリ) #8/21 #東京都内,3,3,0,0.0,756
2026-08-21,1761550,【8/23出勤】【Gカップ】【中野】本番解禁！柏木由紀似OLと一緒に入る泡洗体に溺れる至高のGHR体験記 #8/23 #東京都内,2,2,0,0.0,75
2026-08-21,1762946,"【8/21.22.23出勤】【Hカップ】【横浜】170cmの48Kgスーパーモデル級美人のKP剥ぎ取り密着に狂う本番GHR体験記 #8/21,8/22,8/23 #神奈川",2,2,0,0.0,110
2026-08-21,1822419,"【8/21.22.23出勤】【Jカップ】【新宿】神乳PZで絶頂！Jカップ美女MB密着と未体験の極圧パイズリ体験記 #8/21,8/22,8/23 #東京都内",2,2,0,0.0,13
2026-08-21,1823553,【8/22出勤】【Gカップ】【秋葉原】低身長ロリ巨乳美女と本番解禁！トップレス密着GHR体験記 #8/22 #東京都内,6,6,0,0.0,49
2026-08-21,1663730,"【8/21.23.24出勤】【Gカップ】【新宿】現役AV女優と禁断の初回本番GHR！熟練タイ古式と爆乳に搾り取られる、新宿の至高フィニッシュ体験記！ #8/21,8/23,8/24 #東京都内",0,0,0,0.0,133
2026-08-21,1653899,"【8/21.24.26出勤】【Gカップ】【新宿】スレンダーな腰に「上向き巨乳」の奇跡…職場のマドンナ似との密着PZ(パイズリ) #8/21,8/24,8/26 #東京都内",1,1,0,0.0,243
2026-08-21,1677586,【12/10出勤】【Gカップ】【大宮】初回本番解禁！新人美女の「初めてのin」と、重力に抗えない爆乳に溺れる。至高のGHRフィニッシュ体験記 #12/10 #埼玉,0,0,0,0.0,212
2026-08-21,1656054,【8/23出勤】【Jカップ】【大宮】初回から至高の本番NS生挿入！視界を覆う爆乳スタンプ…合意の上で堕ちた締まりに悶絶体験記 #8/23 #埼玉,0,0,0,0.0,638
2026-08-21,1639983,"【8/22.23出勤】【Gカップ】【中野】初回から巨乳ギャルのフルスロットルの寛容度。生Fからの「最後どうする？」で本番GHR。 #8/22,8/23 #東京都内",0,0,0,0.0,568
2026-08-21,1655185,【8/22出勤】【Gカップ】【横浜】癒し系お姉さんの「隠しきれないHカップ」に悶絶！密着オイルから搾り取られる、至高のPZ(パイズリ)フィニッシュ体験記 #8/22 #神奈川,0,0,0,0.0,619
2026-08-21,1655259,【8/23出勤】【Eカップ】【新宿】至高のPZで悶絶！柔らか巨乳の密着スタンプと「もう1回できる？」と囁かれる悦楽 #8/23 #東京都内,1,1,0,0.0,171
2026-08-21,1822402,【8/19出勤】【Gカップ】【登戸】色白小顔ギャル美女と本番解禁！一緒シャワー全裸密着GHR体験記,2,2,0,0.0,14
2026-08-21,1822409,【8/18出勤】【Fカップ】【恵比寿】神乳綺麗系お姉さんのMB密着と至高のパイズリ体験記 #東京都内,1,1,0,0.0,37
2026-08-21,1821353,【8/22出勤】【Fカップ】【渋谷】モデル級スレンダー巨乳美女と本番解禁！顔面胸乗せ密着GHR体験記 #8/22 #東京都内,2,2,0,0.0,31
2026-08-21,1662532,【8/16出勤】【Hカップ】【吉祥寺】クラスの可愛い子と「恋人気分」！水袋のような弾力のHカップで搾り取られる、至高のPZ(パイズリ)フィニッシュ体験記！,0,0,0,0.0,125
2026-08-21,1656126,【8/22出勤】【Gカップ】【大宮】「ムチふわ爆乳」の誘惑…おっぱいスタンプから搾り取られる、至高のPZ(パイズリ)フィニッシュ体験記！,0,0,0,0.0,148
2026-08-21,1788175,"【8/22.23出勤】【Fカップ】【練馬】本番解禁！YouTuberかすちゃん似美女のおっぱい密着に狂うGHR体験記 #8/22,8/23 #東京都内",0,0,0,0.0,91
2026-08-21,1820244,【8/23出勤】【Fカップ】【国分寺】美くびれ巨乳美女と本番解禁！長い爪フェザー密着GHR体験記 #8/23,2,2,0,0.0,75
2026-08-21,1710833,"【8/21.22.23出勤】【Fカップ】【中目黒】清楚系美女の溢れるFカップ爆乳に溺れる至高の本番GHR体験記 #8/21,8/22,8/23 #東京都内",0,0,0,0.0,199
2026-08-21,1761541,"【8/21.22.23出勤】【Gカップ】【品川】驚愕の神乳PZ！清楚系お姉さんの「naked密着」と、ゼロ距離奉仕に理性が溶ける体験記 #8/21,8/22,8/23 #東京都内",1,1,0,0.0,164
2026-08-21,1668292,"【8/22.23出勤】【Iカップ】【新宿】爆乳解禁。清楚系アイドル美女の「生乳PZ」と、理性を奪う中出し。至高のフィニッシュ体験記 #8/22,8/23 #東京都内",0,0,0,0.0,201
2026-08-21,1683671,"【8/22.23出勤】【Eカップ】【大宮】AV女優黒川すみれ似美女の「生乳PZ」と、Sっ気溢れる言葉責めに溺れる至高の体験記 #8/22,8/23 #埼玉",0,0,0,0.0,228
2026-08-21,1821346,【8/20出勤】【Fカップ】【渋谷】神乳美女の紐MB密着と至高のパイズリ体験記 #8/20 #東京都内,2,2,0,0.0,41
2026-08-21,1820251,【8/23出勤】【Hカップ】【恵比寿】巨乳大学生美女と本番解禁！MB密着GHR体験記 #8/23 #東京都内,2,2,0,0.0,52
2026-08-21,1762949,"【8/23.24.25出勤出勤】【Gカップ】【本厚木】HP通り可愛い美女のと一緒に入る泡洗体に溺れる至高の本番GHR体験記 #8/23,8/24,8/25 #神奈川",0,0,0,0.0,328
2026-08-21,1817000,"【8/21.22.23出勤】【Eカップ】【笹塚】爆乳美女の無課金生外だしと全裸お触り密着に狂う体験記 #8/21,8/22,8/23 #東京都内",1,1,0,0.0,54
2026-08-21,1820247,【8/19出勤】【Hカップ】【新宿】グラマラス爆乳美女と本番解禁！TL密着GHR体験記 #東京都内,1,1,0,0.0,13
2026-08-21,1656086,"【12/8.27出勤】【Iカップ】【大宮】神スタイルと初回NSの悦楽！AI超えの美体と堕ちる「生の温もり」…2回戦連続フィニッシュ #12/8,12/27 #埼玉",0,0,0,0.0,475
2026-08-21,1708502,"【8/21.23.24出勤】【Gカップ】【新宿】本番解禁！白川理桜似のGカップ美女と「密着中出し」。理性を焼き切る至高のGHR体験記 #8/21,8/23,8/24 #東京都内",0,0,0,0.0,69
2026-08-21,1788157,"【8/21.22出勤】【Gカップ】【吉祥寺】本番解禁！HP通り美人なムッチリ巨乳と密着69に理性が溶けるGHR体験記 #8/21,8/22",0,0,0,0.0,39
2026-08-21,1761532,"【8/21.22出勤】【Gカップ】【渋谷】本番解禁！現役女子大生のとSPPNで絡み合う至高のGHR体験記 #8/21,8/22 #東京都内",1,1,0,0.0,111
2026-08-21,1662507,"【8/21.23.24出勤】【Gカップ】【五反田】金額交渉なしの神展開！「今日は特別だよ…♥」と囁かれ、生の温もりに溺れた至高の初回生挿入NS体験記！ #8/21,8/23,8/24 #東京都内",1,1,0,0.0,418
2026-08-21,1673756,"【8/21.23出勤】【Fカップ】【大宮】爆乳解禁！追加なしの極上PZ。至高の肉感と密着ハグに溺れるパイズリフィニッシュ体験記 #8/21,8/23 #埼玉",0,0,0,0.0,209
2026-08-21,1817022,"【8/21.22出勤】【Fカップ】【新宿】池田エライザ似ハーフ美女のTL密着と至高のPZフィニッシュ体験記 #8/21,8/22 #東京都内",0,0,0,0.0,13
2026-08-21,1817029,【8/21出勤】【Fカップ】【赤坂】ツルスベ巨乳美女のSPPN全裸密着と怒涛のPZフィニッシュ体験記 #8/21 #東京都内,1,1,0,0.0,58
2026-08-21,1683630,"【8/21.23出勤】【Fカップ】【荻窪】22歳Fカップ美女の「名器の締め付け」と爆乳密着に溺れる至高の初回GHRフィニッシュ体験記 #8/21,8/23",0,0,0,0.0,208
2026-08-21,1802007,"【8/21.23出勤】【Fカップ】【中野】現役学生の高身長童顔美女と楽しむ至高の本番GHR体験記 #8/21,8/23 #東京都内",0,0,0,0.0,19
2026-08-21,1656118,"【8/21.22出勤】【Gカップ】【大宮】初回から巨乳MBのPZ多幸感！密着オイルで理性を溶かし、巨大な肉圧で搾り取られる至高の快楽 #8/21,8/22 #埼玉",0,0,0,0.0,222
2026-08-21,1817039,【8/18出勤】【Iカップ】【本厚木】爆乳美女と無課金本番解禁！紙パンツ脱ぎ捨てトロ顔GHR体験記,1,1,0,0.0,97
2026-08-21,1817043,【8/21出勤】【Jカップ】【藤沢】天然Jカップ巨乳美女がキャミ脱ぎ捨てからの本番GHR体験記 #8/21 #神奈川,1,1,0,0.0,54
2026-08-21,1817008,"【8/22.23出勤】【Iカップ】【新宿】神乳PZで絶頂！ハーフ系二重美女の爆乳パイズリと至高の密着体験記 #8/22,8/23 #東京都内",1,1,0,0.0,23
2026-08-21,1817004,"【8/21.22.23出勤】【Gカップ】【新宿】むちむち可愛い系美女のマイクロビキニ密着と神乳PZフィニッシュ体験記 #8/21,8/22,8/23 #東京都内",0,0,0,0.0,10
2026-08-21,1656274,"【8/21.22.26出勤】【Fカップ】【登戸】溢れる巨乳Gカップの衝撃！密着オイル攻めから交渉で堕ちた、至高の「生感覚」本番GHRフィニッシュ体験記！ #8/21,8/22,8/26",0,0,0,0.0,247
2026-08-21,1780536,"【8/22.23出勤】【Gカップ】【多摩】生ハメNNで絶頂！小顔グラマラス美女の超密着ヌルヌル本番と至高の体験記 #8/22,8/23",0,0,0,0.0,89
2026-08-21,1663647,"【8/22.23出勤】【Fカップ】【新宿】新宿の現役学生と初回「生in」中出し！スレンダー美女の絶景と吐息に溺れる至高のフィニッシュ体験記！ #8/22,8/23 #東京都内",0,0,0,0.0,82
2026-08-21,1797240,"【8/21.22出勤】【Iカップ】【溝の口】ぱるる系清楚アイドルと本番解禁！新人美巨乳密着に狂うGHR体験記 #8/21,8/22",0,0,0,0.0,35
2026-08-21,1808348,【8/22出勤】【Hカップ】【秋葉原】 #8/22 #東京都内,0,0,0,0.0,34
2026-08-21,1662490,"【8/23.30出勤】【Lカップ】【秋葉原】視界を覆う「おっぱいスタンプ」から搾り取られるPZ(パイズリ)フィニッシュ体験記！水袋のような超軟乳の至高のPZ(パイズリ)の衝撃！ #8/23,8/30 #東京都内",1,1,0,0.0,555
2026-08-21,1802001,【8/6出勤】【Kカップ】【池袋】Kカップお姉さん美女のMB密着と爆乳PZフィニッシュ体験記 #東京都内,0,0,0,0.0,51
2026-08-21,1664794,【8/13出勤】【Gカップ】【横浜】初回から理性が決壊する一線越え。Gカップ美女の吐息と「名器の締め付け」に溺れた至高のGHRフィニッシュ体験記,0,0,0,0.0,196
2026-08-21,1789466,"【8/21.22.23出勤】【Hカップ】【海老名】本番解禁！Fカップおっとり美人と生まれたて全裸密着に狂うGHR体験記 #8/21,8/22,8/23 #神奈川",0,0,0,0.0,78
2026-08-21,1642194,"【8/24.25.26出勤】【Fカップ】【登戸】街で二度見する爆美女と「密着シャワー」の悦楽…初回から奥地まで咥え込む濃厚Fで昇天！ #8/24,8/25,8/26",0,0,0,0.0,278
2026-08-21,1806934,【8/5出勤】【Hカップ】【西麻布】本番NS解禁！長身スレンダー美女の四つん這い紙パンツちぎりに狂う体験記 #東京都内,0,0,0,0.0,23
2026-08-21,1806911,"【8/21.22.23出勤】【Eカップ】【新宿】ピンク髪スレンダー美女の丸出し密着に狂うGHR体験記 #8/21,8/22,8/23 #東京都内",0,0,0,0.0,11
2026-08-21,1806940,"【8/21.23.25出勤】【Hカップ】【新宿】グラマラス爆乳美女と膝上乗っかり密着に狂う本番GHR体験記 #8/21,8/23,8/25 #東京都内",0,0,0,0.0,21
2026-08-21,1771377,【8/21出勤】【Iカップ】【秋葉原】爆乳美女のおっぱいポロン密着に狂う本番GHR体験記 #8/21 #東京都内,2,2,0,0.0,79
2026-08-21,1662519,【8/23出勤】【Iカップ】【北千住】爆乳と「爆裂美尻」の衝撃！理性を溶かす密着オイルから、生の熱量に溺れた至高の初回本番HR体験記！ #8/23 #東京都内,1,1,0,0.0,334
2026-08-21,1651197,"【8/22.23出勤】【Hカップ】【中野】「手でやらなきゃいいでしょ？」可愛い顔してPZ(パイズリ)で翻弄する小悪魔系美女 #8/22,8/23 #東京都内",0,0,0,0.0,184
2026-08-21,1656077,【8/23出勤】【Iカップ】【大宮】おわん型巨乳の重圧と「生」の温もり…感度抜群の地雷系美女と堕ちる、衝撃の初回本番NSフィニッシュ！ #8/23 #埼玉,0,0,0,0.0,176
2026-08-21,1667126,"【8/21.22出勤】【Gカップ】【武蔵小杉】ニコル似Iカップ美女の初回本番「生in」。至高のNSフィニッシュ体験記 #8/21,8/22 #神奈川",0,0,0,0.0,151
2026-08-21,1802005,【8/5出勤】【Gカップ】【銀座】人生イチ綺麗なGカップ！福岡美人によるツバ垂らしPZとSPPN密着体験記 #東京都内,1,1,0,0.0,34
2026-08-21,1677614,【7/31出勤】【Fカップ】【浦和】低身長巨乳と密着。色白美肌美女の「生乳PZ」と、耳元への吐息に溺れる至高のフィニッシュ体験記,1,1,0,0.0,224
2026-08-21,1762969,【8/21出勤】【Gカップ】【横浜】神乳PZで絶頂！Gカップアイドル顔美女のマイクロビキニポロリと至高のフィニッシュ体験記 #8/21 #神奈川,0,0,0,0.0,95
2026-08-21,1598368,【8/18出勤】【Iカップ】【秋葉原】焦らしの美学に完敗！プロの脚本で堕ちる「鏡越しの背徳ANR」と至福のPZ(パイズリ)フィニッシュ #東京都内,0,0,0,0.0,610
2026-08-21,1797226,"【8/21.23出勤】【Fカップ】【北千住】ギャル系美人の無課金GHR！紙パンツなし超密着に狂う至高の体験記 #8/21,8/23 #東京都内",1,1,0,0.0,79
2026-08-21,1797257,"【8/23.26.27出勤】【Hカップ】【恵比寿】神乳PZで絶頂！小柄可愛い巨乳美女の極上マイクロビキニ密着と至高のフィニッシュ体験記 #8/23,8/26,8/27 #東京都内",0,0,0,0.0,57
2026-08-21,1797247,【8/20出勤】【Hカップ】【三軒茶屋】天然Gカップロリ体型美女と本番！ふわふわマシュマロ密着に狂うGHR体験記,1,1,0,0.0,2
2026-08-21,1780542,"【8/21.22.23出勤】【Hカップ】【新宿】神乳PZで絶頂！天然Hカップ美女の透けビキニ密着と至高のフィニッシュ体験記 #8/21,8/22,8/23 #東京都内",1,1,0,0.0,49
2026-08-21,1654034,【8/22出勤】【Fカップ】【武蔵小杉】有村架純似の可憐な美女と溺れる「主導権剥奪」の100分…最後は理性を超える初回本番GHRフィニッシュ！ #8/22 #神奈川,0,0,0,0.0,213
2026-08-21,1708856,【8/26出勤】【Dカップ】【麻布】清楚系美女の本番とMBからはみ出す両CKBに溺れる至高のGHR体験記 #8/26 #東京都内,0,0,0,0.0,76
2026-08-21,1642392,"【8/21.26.27出勤】【Gカップ】【秋葉原】甘えたがり必見!!高身長Hカプお姉さんのお◯ぱい密着天国からのPZ(パイズリ)フィニッシュ！ #8/21,8/26,8/27 #東京都内",0,0,0,0.0,258
2026-08-21,1755449,"【8/22.23出勤】【Hカップ】【五反田】伝説級の超マシュマロ巨乳PZ！漫画スタイルの爆乳に溺れる至高のフィニッシュ体験記 #8/22,8/23 #東京都内",1,1,0,0.0,198
2026-08-21,1662528,"【8/22.23出勤】【Gカップ】【新宿】金額交渉で堕ちる「生の温もり」！密着オイルから不意打ちの絶品F、そして衝撃の初回本番HRフィニッシュへ！ #8/22,8/23 #東京都内",0,0,0,0.0,56
2026-08-21,1788140,"【8/21.22.23出勤】【Fカップ】【恵比寿】本番解禁！パネマジなし綺麗系美女の天然巨乳に溺れる至高のGHR体験記 #8/21,8/22,8/23 #東京都内",0,0,0,0.0,41
2026-08-21,1662554,"【8/21.23出勤】【Gカップ】【中野】高身長スレンダー×天然ロケットπ開始30分で理性が決壊！細身の体に宿る巨乳の衝撃と、禁断の初回NSフィニッシュ体験記！ #8/21,8/23 #東京都内",0,0,0,0.0,169
2026-08-21,1764682,"【8/21.22出勤】【Gカップ】【 大宮】Gカップ美女のMBはみ出し密着と至高のPZパイズリフィニッシュ体験記 #8/21,8/22 #埼玉",0,0,0,0.0,79
2026-08-21,1599734,"【8/22.23.25出勤】【Gカップ】【新宿】初回で合体まで至った至福の本番HR体験記「このGカップ、本物だ…」若さ弾ける爆乳美女の神対応。 #8/22,8/23,8/25 #東京都内",1,1,0,0.0,182
2026-08-21,1655143,【8/26出勤】【Fカップ】【横浜】隠れ家で堕ちる「脱衣プレイ」とNBRの誘惑…至近距離で見つめられ搾り取られる極上PZ(パイズリ)の衝撃！ #8/26 #神奈川,0,0,0,0.0,185
2026-08-21,1678781,【7/4出勤】【Gカップ】【船橋】生乳爆乳PZ解禁。色白美肌美女と悪戯な囁きに溺れる至高のフィニッシュ体験記 #千葉,0,0,0,0.0,252
2026-08-21,1708852,【8/21出勤】【Fカップ】【麻布】NN解禁！クール系美女の「生挿入中出し」と、神スタイルに溺れる至高のフィニッシュ体験記 #8/21 #東京都内,0,0,0,0.0,71
2026-08-21,1653916,【8/22出勤】【Gカップ】【新宿】ロシア系クォーターの至高ボディ！爆揺れ巨乳に埋もれる「魔性の69」と絶品PZ(パイズリ)フィニッシュ #8/22 #東京都内,0,0,0,0.0,154
2026-08-21,1754547,"【8/24.26出勤】【Eカップ】【新宿】本番解禁！猫顔スレンダー美女の「名器中出し」と、関西弁の甘い誘惑に溺れる至高のGHR体験記 #8/24,8/26 #東京都内",0,0,0,0.0,52
2026-08-21,1650404,【8/23出勤】【Fカップ】【新宿】「特別コースですから…♥」橋本マナミ風お姉さんの透け衣装誘惑。ムチムチFカップと溶け合う初回PZ(パイズリ)による至福の夜 #8/23 #東京都内,1,1,0,0.0,131
2026-08-21,1654061,【6/26出勤】【Fカップ】【相模大野】メジャーアイドル級美女と溺れる「KPなし」の密着洗体…最後はG着用で果てる禁断の絶頂本番HR体験！,0,0,0,0.0,140
2026-08-21,1710810,"【8/21.24.25出勤】【Gカップ】【新宿】乃木坂系美女と密着本番HR。アニメ級の爆乳に溺れる、至高のGHRフィニッシュ体験記 #8/21,8/24,8/25 #東京都内",0,0,0,0.0,57
2026-08-21,1655253,"【8/21.22出勤】【Gカップ】【新宿】コスプレ級美女と堕ちる「禁断の本番」！溢れ出す爆乳おっぱいスタンプと、本番GHRの積極的な誘いに理性が溶ける至福の90分！ #8/21,8/22 #東京都内",0,0,0,0.0,52
2026-08-21,1668275,【8/14出勤】【Fカップ】【新宿】九州出身セクシー美女の「おっとり吐息」と名器に溺れる、至高の初回本番GHRフィニッシュ体験記,0,0,0,0.0,42
2026-08-21,1663737,【8/22出勤】【Gカップ】【新宿】本番解禁！福原遥似の美少女とGHR。お椀型巨乳とヌルヌル密着オイルに溺れる至高のフィニッシュ体験記 #8/22 #東京都内,0,0,0,0.0,46
2026-08-21,1657099,都内出勤カレンダー,0,0,0,0.0,431
2026-08-21,1657105,埼玉県(大宮)出勤カレンダー,0,0,0,0.0,182
2026-08-21,1657104,横浜周辺出勤カレンダー,0,0,0,0.0,156
2026-08-21,1657101,多摩(吉祥寺)周辺カレンダー,0,0,0,0.0,147
2026-08-21,1648133,【4/3.5出勤】【Gカップ】【田町】【PZ】20歳のふわっふわH乳によるグラインドPZ(パイズリ)でSKR #東京都内,0,0,0,0.0,94
2026-08-22,1828751,【8/22.23出勤】【Fカップ】【成増】小動物系Fカップ美女と本番解禁！透け衣装密着GHR体験記,0,0,0,0.0,0
2026-08-22,1828755,【8/22出勤】【Hカップ】【恵比寿】生挿入NS解禁！爆乳美女の生フェラ密着NS体験記,0,0,0,0.0,1
2026-08-22,1824723,【8/22出勤】【Hカップ】【溝の口】小柄むっちり巨乳美女の神乳PZで絶頂！トップレス密着と顔面胸スタンプ体験記,0,0,0,0.0,0
2026-08-22,1798255,"【8/22.23.28出勤】【Gカップ】【津田沼】むちむちボブ美女AN密着に狂う本番GHR体験記 #8/22,8/23,8/28 #千葉",3,3,0,0.0,162
2026-08-22,1802007,【8/23出勤】【Fカップ】【中野】現役学生の高身長童顔美女と楽しむ至高の本番GHR体験記 #8/23 #東京都内,0,0,0,0.0,20
2026-08-22,1673756,【8/23出勤】【Fカップ】【大宮】爆乳解禁！追加なしの極上PZ。至高の肉感と密着ハグに溺れるパイズリフィニッシュ体験記 #8/23 #埼玉,0,0,0,0.0,213
2026-08-22,1683671,"【8/22.23出勤】【Eカップ】【大宮】AV女優黒川すみれ似美女の「生乳PZ」と、Sっ気溢れる言葉責めに溺れる至高の体験記 #8/22,8/23 #埼玉",0,0,0,0.0,233
2026-08-22,1710833,"【8/22.23.26出勤】【Fカップ】【中目黒】清楚系美女の溢れるFカップ爆乳に溺れる至高の本番GHR体験記 #8/22,8/23,8/26 #東京都内",1,1,0,0.0,211
2026-08-22,1663730,"【8/23.24.26出勤】【Gカップ】【新宿】現役AV女優と禁断の初回本番GHR！熟練タイ古式と爆乳に搾り取られる、新宿の至高フィニッシュ体験記！ #8/23,8/24,8/26 #東京都内",1,1,0,0.0,136
2026-08-22,1639998,【8/21出勤】【Kカップ】【銀座】揉みごたえ充分の巨乳は感度も抜群！ ふわふわおっ杯で濃厚密着PZ(パイズリ) #8/21 #東京都内,4,4,0,0.0,764
2026-08-22,1754540,"【8/22.25.26出勤】【Hカップ】【新宿】驚愕の爆乳PZ！清楚系色白スレンダー美女のゼロ距離密着と、脳がとろける至高の体験記 #8/22,8/25,8/26 #東京都内",0,0,0,0.0,116
2026-08-22,1651485,"【8/22.24.25出勤】【Gカップ】【登戸】初回から「ねぇ、もう一回しよ♥」極上Gカップに溺れる本番NS二回転フィニッシュ #8/22,8/24,8/25",0,0,0,0.0,344
2026-08-22,1623774,"【8/22.23出勤】【Jカップ】【池袋】「時間があるなら2回でもいいよ♥」初回からJカップ爆乳美女の神対応。無料パイズリPZの快感に溺れた、高身長元キャバ嬢との夜 #8/22,8/23 #東京都内",0,0,0,0.0,985
2026-08-22,1794515,"【8/22.23出勤】【Jカップ】【大宮】地雷系むちむち美女本番解禁！トップレス密着に狂うGHR体験記 #8/22,8/23 #埼玉",1,1,0,0.0,114
2026-08-22,1601302,"【8/22.23出勤】【Hカップ】【恵比寿】初回から「ちゃんと着けるから、挿れてもいい？♥」淫らな聖女の逆指名。現役看護師と堕ちる、ヌルヌル密着の絶頂本番HR #8/22,8/23 #東京都内",1,1,0,0.0,818
2026-08-22,1656212,"【8/22.23出勤】【Jカップ】【吉祥寺】視界を塞ぐ爆乳の壁！ソファーでの密着ハグから搾り取られる、至高のPZ(パイズリ)フィニッシュ体験記！ #8/22,8/23",3,3,0,0.0,531
2026-08-22,1656219,"【8/22.23出勤】【Fカップ】【吉祥寺】初回から濃厚PZ(パイズリ)から搾り取られる、至高の本番HRフィニッシュ！Gカップに溺れる「密着ソファー」の誘惑 #8/22,8/23",2,2,0,0.0,438
2026-08-22,1780559,"【8/22.23.24出勤】【Fカップ】【池袋】生ハメNNで絶頂！リアルアイドル顔美女の超濃厚ヌルヌル密着と至高のNN体験記 #8/22,8/23,8/24 #東京都内",2,2,0,0.0,139
2026-08-22,1710821,【8/22出勤】【Gカップ】【新宿】元グラドルのH超え爆乳と「２回戦本番HR」に壊される、支配的な至高の体験記 #8/22 #東京都内,5,5,0,0.0,325
2026-08-22,1798265,【8/27出勤】【Hカップ】【流山おおたかの森】極上神乳PZで絶頂！過去一柔らかい天然Hカップ美女の超密着パイズリ体験記 #8/27 #千葉,2,2,0,0.0,150
2026-08-22,1677621,【8/21出勤】【Gカップ】【浦和】禁断のモロ出し。Gカップ美女の「生乳PZ」と、吐息が重なる濃厚フィニッシュ体験記 #8/21 #埼玉,4,4,0,0.0,384
2026-08-22,1761543,【8/21出勤】【Eカップ】【中野】本番解禁！高身長Fカップ女子大生の「数の子天井ナカ出し」とSPPN密着に溺れる至高のGHR体験記 #8/21 #東京都内,6,6,0,0.0,131
2026-08-22,1667095,"【8/22.23出勤】【Fカップ】【関内】初回から理性が決壊する一線越え。本格派美女の「お口で装着」と名器の締め付けに溺れた至高のGHRフィニッシュ体験記 #8/22,8/23 #神奈川",8,8,0,0.0,651
2026-08-22,1655202,"【8/22.24.25出勤】【Gカップ】【横浜】初回極上PZの衝撃！初回から弾力MAXのOPIスタンプと禁断の密着洗体…NPの誘惑に搾り取られるPZフィニッシュ #8/22,8/24,8/25 #神奈川",2,2,0,0.0,481
2026-08-22,1653925,"【8/22.23.24出勤】【Fカップ】【新宿】初回から現役JDと濃厚DK＆生本番級GHR！スベスベ美肌の妹系美女と溺れる超密着PZの衝撃！#本日出勤 #8/22,8/23,8/24 #東京都内",1,1,0,0.0,342
2026-08-22,1667110,【8/23出勤】【Fカップ】【武蔵小杉】境界線を超えた密着。グラビア級美女の「おっとり吐息」と名器に溺れる、至高の初回本番GHRフィニッシュ体験記 #8/23 #神奈川,4,4,0,0.0,323
2026-08-22,1683635,"【8/22.24.25出勤】【Eカップ】【登戸/溝の口】色白スレンダー美女の「超絶NF奉仕」と、上に跨り繋がる至高のGHR体験記 #8/22,8/24,8/25",3,3,0,0.0,320
2026-08-22,1683683,"【8/22.24.25出勤】【Gカップ】【横浜】洗体アシストで悶絶。巨乳美女の「生乳PZ」と、密着バックご奉仕に溺れる至高のフィニッシュ体験記 #8/22,8/24,8/25 #神奈川",7,7,0,0.0,297
2026-08-22,1798245,【8/27出勤】【Iカップ】【南流山/流山おおたかの森】爆乳JD美女と本番解禁！オイルパイ挟みに狂うGHR体験記 #8/27 #千葉,6,6,0,0.0,124
2026-08-22,1823574,"【8/23.25.27出勤】【Gカップ】【秋葉原】生挿入NS解禁！小顔くびれ美巨乳美女の生中出し濃厚DKS体験記 #8/23,8/25,8/27 #東京都内",0,0,0,0.0,19
2026-08-22,1663765,【8/20出勤】【Hカップ】【新宿】初回中出しNN解禁！沖縄出身ギャルと生in。至高の美ボディと「密着中出し」に溺れる、新宿の禁断生挿入フィニッシュ体験記,1,1,0,0.0,133
2026-08-22,1668882,"【8/25.27出勤】【Gカップ】【錦糸町】初回本番解禁！ムチムチ美女の「名器の締め付け」と、MBから溢れる巨乳に溺れる。至高のGHRフィニッシュ体験記 #8/25,8/27 #東京都内",13,13,0,0.0,509
2026-08-22,1771375,【8/23出勤】【Gカップ】【恵比寿】天然Gカップ美女のとZNR洗体に溺れる至高のGHR体験記 #8/23 #東京都内,2,2,0,0.0,41
2026-08-22,1683650,【8/25出勤】【Hカップ】【浦和】NN解禁！爆乳美女への「生挿入中出し」と溢れるデカ尻に溺れる至高の体験記 #8/25 #埼玉,6,6,0,0.0,468
2026-08-22,1663754,"【8/24.25.26出勤】【Gカップ】【新宿】初回から境界線を超えた超密着！JD美女と溶け合う「生感覚」の衝撃。極上本番HRフィニッシュ #8/24,8/25,8/26 #東京都内",1,1,0,0.0,143
2026-08-22,1677604,【8/26出勤】【Fカップ】【赤羽】「アニメ声」たぬき顔美女と初回本番解禁！密着マッサージに溺れる至高のGHRフィニッシュ体験記 #8/26 #埼玉,1,1,0,0.0,543
2026-08-22,1656105,【8/26出勤】【Fカップ】【大宮】密着オイル攻めの果てに迎えた、衝撃の初回本番HRフィニッシュ！ #8/26 #埼玉,4,4,0,0.0,468
2026-08-22,1656283,"【8/22.23.24出勤】【Fカップ】【調布】清楚な顔立ちに潜む、驚愕の「名器」と感度…理性が決壊する交渉の末、生の温もりに溺れた至高の初回本番HR体験記！ #8/22,8/23,8/24",3,3,0,0.0,476
2026-08-22,1754531,"【8/24.25.26出勤】【Gカップ】【赤坂】驚愕の神乳PZ！林ゆめ似の超絶スレンダー巨乳と、ゼロ距離密着に理性が溶ける体験記 #8/24,8/25,8/26 #東京都内",7,7,0,0.0,313
2026-08-22,1640011,【8/27出勤】【Gカップ】【池袋】池田エライザ似の爆乳美女と初回から「禁断の中出しNN合体」！深夜枠で溺れた、むっちりマシュマロボディの誘惑 #8/27 #東京都内,0,0,0,0.0,495
2026-08-22,1823563,【8/21出勤】【Gカップ】【秋葉原】19歳ハーフ系Gカップ美女と本番解禁！騎乗位密着GHR体験記 #8/21 #東京都内,23,23,0,0.0,32
2026-08-22,1823572,【8/21出勤】【Hカップ】【秋葉原】生挿入NS解禁！色白グラマー巨乳美女と全裸密着NS体験記 #8/21 #東京都内,13,13,0,0.0,21
2026-08-22,1662542,【8/19出勤】【Eカップ】【横浜】至福の初回NS生本番挿入！お腹への発射で締める、最高級の「パコ姫」ホスピタリティ体験記！ #神奈川,0,0,0,0.0,176
2026-08-22,1817054,【8/21出勤】【Fカップ】【武蔵小杉】本番解禁！たぬき顔美女の盛MN密着GHR体験記 #8/21 #神奈川,2,2,0,0.0,60
2026-08-22,1656071,【8/27出勤】【Dカップ】【大宮】パフィーニップルの誘惑とSPPN密着！理性が吹き飛ぶ「NS生挿入」フィニッシュ体験記！ #8/27 #埼玉,2,2,0,0.0,396
2026-08-22,1653910,"【8/23.24.25出勤】【Fカップ】【新宿】お風呂屋超えの濃厚PZ(パイズリ)！Fカップ美乳嬢と溺れる「寸止め地獄」と「密着DKフィニッシュ」 #8/23,8/24,8/25 #東京都内",2,2,0,0.0,193
2026-08-22,1597345,"【8/22.25出勤】【Iカップ】【品川】高身長ムチムチ聖母の「生OPI」洗礼！SKSK衣装から溢れる爆乳PZ(パイズリ)体験記 #8/22,8/25 #東京都内",2,2,0,0.0,1017
2026-08-22,1667106,【8/19出勤】【Fカップ】【厚木】初回で理性が決壊。有村架純似Fカップ美女の吐息と「ツルツル秘部」に溺れた至高の本番GHRフィニッシュ体験記,2,2,0,0.0,359
2026-08-22,1623796,"【8/22.24.26出勤】【Fカップ】【中野】「あとで脱がせる方がERいでしょ♥」Fカップ清楚系セラピストと堕ちる、濃厚DK＆背徳の初回本番NS90分 #8/22,8/24,8/26 #東京都内",1,1,0,0.0,351
2026-08-22,1762959,"【8/22.23出勤】【Fカップ】【綱島】神乳PZで絶頂！エロ可愛いムッチリ巨乳のマイクロビキニ密着と至高のフィニッシュ体験記 #8/22,8/23 #神奈川",1,1,0,0.0,128
2026-08-22,1820272,"【8/23.27出勤】【Jカップ】【秋葉原】爆乳ゆるふわ美女の神乳PZで絶頂！MB密着と顔面埋まり体験記 #8/23,8/27 #東京都内",8,8,0,0.0,31
2026-08-22,1754553,"【8/24.26.27出勤】【Hカップ】【登戸】神乳PZで絶頂！細身巨乳美女の「 naked密着」と、鏡越しprprに溺れる至高のフィニッシュ体験記 #8/24,8/26,8/27",0,0,0,0.0,168
2026-08-22,1817046,【8/23出勤】【Hカップ】【武蔵小杉】生のまま中出し解禁！美形細身巨乳美女の全裸密着と生本番NNフィニッシュ体験記 #8/23 #神奈川,2,2,0,0.0,90
2026-08-22,1710842,"【8/22.25.27出勤】【Gカップ】【恵比寿】ゴマキ似ギャル美女と本番解禁！スレンダー巨乳に溺れる至高のGHR体験記 #8/22,8/25,8/27 #東京都内",1,1,0,0.0,334
2026-08-22,1761550,"【8/23.24出勤】【Gカップ】【中野】本番解禁！柏木由紀似OLと一緒に入る泡洗体に溺れる至高のGHR体験記 #8/23,8/24 #東京都内",1,1,0,0.0,76
2026-08-22,1762946,"【8/22.23出勤】【Hカップ】【横浜】170cmの48Kgスーパーモデル級美人のKP剥ぎ取り密着に狂う本番GHR体験記 #8/22,8/23 #神奈川",0,0,0,0.0,111
2026-08-22,1822419,"【8/22.23出勤】【Jカップ】【新宿】神乳PZで絶頂！Jカップ美女MB密着と未体験の極圧パイズリ体験記 #8/22,8/23 #東京都内",2,2,0,0.0,13
2026-08-22,1823553,"【8/22.23.26出勤】【Gカップ】【秋葉原】低身長ロリ巨乳美女と本番解禁！トップレス密着GHR体験記 #8/22,8/23,8/26 #東京都内",4,4,0,0.0,49
2026-08-22,1653899,"【8/24.26.27出勤】【Gカップ】【新宿】スレンダーな腰に「上向き巨乳」の奇跡…職場のマドンナ似との密着PZ(パイズリ) #8/24,8/26,8/27 #東京都内",1,1,0,0.0,244
2026-08-22,1677586,【12/10出勤】【Gカップ】【大宮】初回本番解禁！新人美女の「初めてのin」と、重力に抗えない爆乳に溺れる。至高のGHRフィニッシュ体験記 #12/10 #埼玉,0,0,0,0.0,212
2026-08-22,1656054,【8/23出勤】【Jカップ】【大宮】初回から至高の本番NS生挿入！視界を覆う爆乳スタンプ…合意の上で堕ちた締まりに悶絶体験記 #8/23 #埼玉,1,1,0,0.0,639
2026-08-22,1639983,"【8/22.23出勤】【Gカップ】【中野】初回から巨乳ギャルのフルスロットルの寛容度。生Fからの「最後どうする？」で本番GHR。 #8/22,8/23 #東京都内",1,1,0,0.0,568
2026-08-22,1655185,"【8/22.27出勤】【Gカップ】【横浜】癒し系お姉さんの「隠しきれないHカップ」に悶絶！密着オイルから搾り取られる、至高のPZ(パイズリ)フィニッシュ体験記 #8/22,8/27 #神奈川",0,0,0,0.0,622
2026-08-22,1655259,【8/23出勤】【Eカップ】【新宿】至高のPZで悶絶！柔らか巨乳の密着スタンプと「もう1回できる？」と囁かれる悦楽 #8/23 #東京都内,1,1,0,0.0,171
2026-08-22,1822402,【8/19出勤】【Gカップ】【登戸】色白小顔ギャル美女と本番解禁！一緒シャワー全裸密着GHR体験記,0,0,0,0.0,15
2026-08-22,1822409,【8/18出勤】【Fカップ】【恵比寿】神乳綺麗系お姉さんのMB密着と至高のパイズリ体験記 #東京都内,2,2,0,0.0,39
2026-08-22,1821353,【8/22出勤】【Fカップ】【渋谷】モデル級スレンダー巨乳美女と本番解禁！顔面胸乗せ密着GHR体験記 #8/22 #東京都内,0,0,0,0.0,31
2026-08-22,1662532,【8/16出勤】【Hカップ】【吉祥寺】クラスの可愛い子と「恋人気分」！水袋のような弾力のHカップで搾り取られる、至高のPZ(パイズリ)フィニッシュ体験記！,0,0,0,0.0,125
2026-08-22,1656126,【8/22出勤】【Gカップ】【大宮】「ムチふわ爆乳」の誘惑…おっぱいスタンプから搾り取られる、至高のPZ(パイズリ)フィニッシュ体験記！,0,0,0,0.0,148
2026-08-22,1788175,"【8/22.23出勤】【Fカップ】【練馬】本番解禁！YouTuberかすちゃん似美女のおっぱい密着に狂うGHR体験記 #8/22,8/23 #東京都内",1,1,0,0.0,91
2026-08-22,1820244,【8/23出勤】【Fカップ】【国分寺】美くびれ巨乳美女と本番解禁！長い爪フェザー密着GHR体験記 #8/23,3,3,0,0.0,75
2026-08-22,1761541,"【8/22.23.24出勤】【Gカップ】【品川】驚愕の神乳PZ！清楚系お姉さんの「naked密着」と、ゼロ距離奉仕に理性が溶ける体験記 #8/22,8/23,8/24 #東京都内",1,1,0,0.0,165
2026-08-22,1668292,"【8/22.23.26出勤】【Iカップ】【新宿】爆乳解禁。清楚系アイドル美女の「生乳PZ」と、理性を奪う中出し。至高のフィニッシュ体験記 #8/22,8/23,8/26 #東京都内",0,0,0,0.0,201
2026-08-22,1821346,【8/20出勤】【Fカップ】【渋谷】神乳美女の紐MB密着と至高のパイズリ体験記 #東京都内,3,3,0,0.0,41
2026-08-22,1820251,"【8/23.28出勤】【Hカップ】【恵比寿】巨乳大学生美女と本番解禁！MB密着GHR体験記 #8/23,8/28 #東京都内",3,3,0,0.0,52
2026-08-22,1762949,"【8/23.24.25出勤出勤】【Gカップ】【本厚木】HP通り可愛い美女のと一緒に入る泡洗体に溺れる至高の本番GHR体験記 #8/23,8/24,8/25 #神奈川",4,4,0,0.0,330
2026-08-22,1817000,"【8/22.23.24出勤】【Eカップ】【笹塚】爆乳美女の無課金生外だしと全裸お触り密着に狂う体験記 #8/22,8/23,8/24 #東京都内",3,3,0,0.0,55
2026-08-22,1820247,【8/19出勤】【Hカップ】【新宿】グラマラス爆乳美女と本番解禁！TL密着GHR体験記 #東京都内,0,0,0,0.0,15
2026-08-22,1656086,"【12/8.27出勤】【Iカップ】【大宮】神スタイルと初回NSの悦楽！AI超えの美体と堕ちる「生の温もり」…2回戦連続フィニッシュ #12/8,12/27 #埼玉",1,1,0,0.0,475
2026-08-22,1708502,"【8/23.24.25出勤】【Gカップ】【新宿】本番解禁！白川理桜似のGカップ美女と「密着中出し」。理性を焼き切る至高のGHR体験記 #8/23,8/24,8/25 #東京都内",0,0,0,0.0,69
2026-08-22,1788157,【8/22出勤】【Gカップ】【吉祥寺】本番解禁！HP通り美人なムッチリ巨乳と密着69に理性が溶けるGHR体験記 #8/22,1,1,0,0.0,39
2026-08-22,1761532,【8/22出勤】【Gカップ】【渋谷】本番解禁！現役女子大生のとSPPNで絡み合う至高のGHR体験記 #8/22 #東京都内,0,0,0,0.0,112
2026-08-22,1662507,"【8/23.24.26出勤】【Gカップ】【五反田】金額交渉なしの神展開！「今日は特別だよ…♥」と囁かれ、生の温もりに溺れた至高の初回生挿入NS体験記！ #8/23,8/24,8/26 #東京都内",1,1,0,0.0,418
2026-08-22,1817022,"【8/22.25.26出勤】【Fカップ】【新宿】池田エライザ似ハーフ美女のTL密着と至高のPZフィニッシュ体験記 #8/22,8/25,8/26 #東京都内",0,0,0,0.0,13
2026-08-22,1817029,【8/21出勤】【Fカップ】【赤坂】ツルスベ巨乳美女のSPPN全裸密着と怒涛のPZフィニッシュ体験記 #8/21 #本日出勤 #東京都内,5,5,0,0.0,61
2026-08-22,1683630,【8/23出勤】【Fカップ】【荻窪】22歳Fカップ美女の「名器の締め付け」と爆乳密着に溺れる至高の初回GHRフィニッシュ体験記 #8/23,2,2,0,0.0,208
2026-08-22,1656118,【8/27出勤】【Gカップ】【大宮】初回から巨乳MBのPZ多幸感！密着オイルで理性を溶かし、巨大な肉圧で搾り取られる至高の快楽 #8/27 #埼玉,1,1,0,0.0,224
2026-08-22,1817039,【8/18出勤】【Iカップ】【本厚木】爆乳美女と無課金本番解禁！紙パンツ脱ぎ捨てトロ顔GHR体験記,4,4,0,0.0,104
2026-08-22,1817043,【8/21出勤】【Jカップ】【藤沢】天然Jカップ巨乳美女がキャミ脱ぎ捨てからの本番GHR体験記 #8/21 #神奈川,1,1,0,0.0,54
2026-08-22,1817008,"【8/22.23出勤】【Iカップ】【新宿】神乳PZで絶頂！ハーフ系二重美女の爆乳パイズリと至高の密着体験記 #8/22,8/23 #東京都内",1,1,0,0.0,24
2026-08-22,1817004,"【8/22.23.24出勤】【Gカップ】【新宿】むちむち可愛い系美女のマイクロビキニ密着と神乳PZフィニッシュ体験記 #8/22,8/23,8/24 #東京都内",0,0,0,0.0,10
2026-08-22,1656274,"【8/26.27出勤】【Fカップ】【登戸】溢れる巨乳Gカップの衝撃！密着オイル攻めから交渉で堕ちた、至高の「生感覚」本番GHRフィニッシュ体験記！ #8/26,8/27",0,0,0,0.0,247
2026-08-22,1780536,"【8/22.23出勤】【Gカップ】【多摩】生ハメNNで絶頂！小顔グラマラス美女の超密着ヌルヌル本番と至高の体験記 #8/22,8/23",1,1,0,0.0,89
2026-08-22,1663647,"【8/22.23出勤】【Fカップ】【新宿】新宿の現役学生と初回「生in」中出し！スレンダー美女の絶景と吐息に溺れる至高のフィニッシュ体験記！ #8/22,8/23 #東京都内",1,1,0,0.0,82
2026-08-22,1797240,【8/22出勤】【Iカップ】【溝の口】ぱるる系清楚アイドルと本番解禁！新人美巨乳密着に狂うGHR体験記 #8/22,0,0,0,0.0,38
2026-08-22,1808348,【8/22出勤】【Hカップ】【秋葉原】 #8/22 #東京都内,1,1,0,0.0,34
2026-08-22,1662490,"【8/23.30出勤】【Lカップ】【秋葉原】視界を覆う「おっぱいスタンプ」から搾り取られるPZ(パイズリ)フィニッシュ体験記！水袋のような超軟乳の至高のPZ(パイズリ)の衝撃！ #8/23,8/30 #東京都内",0,0,0,0.0,555
2026-08-22,1802001,【8/6出勤】【Kカップ】【池袋】Kカップお姉さん美女のMB密着と爆乳PZフィニッシュ体験記 #東京都内,0,0,0,0.0,51
2026-08-22,1664794,【8/13出勤】【Gカップ】【横浜】初回から理性が決壊する一線越え。Gカップ美女の吐息と「名器の締め付け」に溺れた至高のGHRフィニッシュ体験記,0,0,0,0.0,196
2026-08-22,1789466,"【8/22.23出勤】【Hカップ】【海老名】本番解禁！Fカップおっとり美人と生まれたて全裸密着に狂うGHR体験記 #8/22,8/23 #神奈川",0,0,0,0.0,79
2026-08-22,1642194,"【8/24.25.26出勤】【Fカップ】【登戸】街で二度見する爆美女と「密着シャワー」の悦楽…初回から奥地まで咥え込む濃厚Fで昇天！ #8/24,8/25,8/26",0,0,0,0.0,278
2026-08-22,1806934,【8/5出勤】【Hカップ】【西麻布】本番NS解禁！長身スレンダー美女の四つん這い紙パンツちぎりに狂う体験記 #東京都内,0,0,0,0.0,25
2026-08-22,1806911,"【8/22.23.24出勤】【Eカップ】【新宿】ピンク髪スレンダー美女の丸出し密着に狂うGHR体験記 #8/22,8/23,8/24 #東京都内",0,0,0,0.0,11
2026-08-22,1806940,"【8/23.25.27出勤】【Hカップ】【新宿】グラマラス爆乳美女と膝上乗っかり密着に狂う本番GHR体験記 #8/23,8/25,8/27 #東京都内",1,1,0,0.0,21
2026-08-22,1771377,"【8/22.25.26出勤】【Iカップ】【秋葉原】爆乳美女のおっぱいポロン密着に狂う本番GHR体験記 #8/22,8/25,8/26 #東京都内",3,3,0,0.0,79
2026-08-22,1662519,【8/23出勤】【Iカップ】【北千住】爆乳と「爆裂美尻」の衝撃！理性を溶かす密着オイルから、生の熱量に溺れた至高の初回本番HR体験記！ #8/23 #東京都内,2,2,0,0.0,335
2026-08-22,1651197,"【8/22.23出勤】【Hカップ】【中野】「手でやらなきゃいいでしょ？」可愛い顔してPZ(パイズリ)で翻弄する小悪魔系美女 #8/22,8/23 #東京都内",0,0,0,0.0,184
2026-08-22,1656077,【8/23出勤】【Iカップ】【大宮】おわん型巨乳の重圧と「生」の温もり…感度抜群の地雷系美女と堕ちる、衝撃の初回本番NSフィニッシュ！ #8/23 #埼玉,0,0,0,0.0,176
2026-08-22,1667126,【8/22出勤】【Gカップ】【武蔵小杉】ニコル似Iカップ美女の初回本番「生in」。至高のNSフィニッシュ体験記 #8/22 #神奈川,2,2,0,0.0,151
2026-08-22,1802005,【8/5出勤】【Gカップ】【銀座】人生イチ綺麗なGカップ！福岡美人によるツバ垂らしPZとSPPN密着体験記 #東京都内,0,0,0,0.0,35
2026-08-22,1677614,【7/31出勤】【Fカップ】【浦和】低身長巨乳と密着。色白美肌美女の「生乳PZ」と、耳元への吐息に溺れる至高のフィニッシュ体験記,0,0,0,0.0,224
2026-08-22,1762969,【8/21出勤】【Gカップ】【横浜】神乳PZで絶頂！Gカップアイドル顔美女のマイクロビキニポロリと至高のフィニッシュ体験記 #8/21 #神奈川,1,1,0,0.0,96
2026-08-22,1598368,【8/18出勤】【Iカップ】【秋葉原】焦らしの美学に完敗！プロの脚本で堕ちる「鏡越しの背徳ANR」と至福のPZ(パイズリ)フィニッシュ #東京都内,0,0,0,0.0,610
2026-08-22,1797226,【8/23出勤】【Fカップ】【北千住】ギャル系美人の無課金GHR！紙パンツなし超密着に狂う至高の体験記 #8/23 #東京都内,1,1,0,0.0,82
2026-08-22,1797257,"【8/23.26.27出勤】【Hカップ】【恵比寿】神乳PZで絶頂！小柄可愛い巨乳美女の極上マイクロビキニ密着と至高のフィニッシュ体験記 #8/23,8/26,8/27 #東京都内",0,0,0,0.0,57
2026-08-22,1797247,【8/20出勤】【Hカップ】【三軒茶屋】天然Gカップロリ体型美女と本番！ふわふわマシュマロ密着に狂うGHR体験記,1,1,0,0.0,2
2026-08-22,1780542,"【8/22.23.24出勤】【Hカップ】【新宿】神乳PZで絶頂！天然Hカップ美女の透けビキニ密着と至高のフィニッシュ体験記 #8/22,8/23,8/24 #東京都内",1,1,0,0.0,49
2026-08-22,1654034,【8/22出勤】【Fカップ】【武蔵小杉】有村架純似の可憐な美女と溺れる「主導権剥奪」の100分…最後は理性を超える初回本番GHRフィニッシュ！ #8/22 #神奈川,0,0,0,0.0,213
2026-08-22,1708856,【8/22出勤】【Dカップ】【麻布】清楚系美女の本番とMBからはみ出す両CKBに溺れる至高のGHR体験記 #8/22 #東京都内,1,1,0,0.0,76
2026-08-22,1642392,"【8/26.27.28出勤】【Gカップ】【秋葉原】甘えたがり必見!!高身長Hカプお姉さんのお◯ぱい密着天国からのPZ(パイズリ)フィニッシュ！ #8/26,8/27,8/28 #東京都内",1,1,0,0.0,258
2026-08-22,1755449,"【8/22.23出勤】【Hカップ】【五反田】伝説級の超マシュマロ巨乳PZ！漫画スタイルの爆乳に溺れる至高のフィニッシュ体験記 #8/22,8/23 #東京都内",1,1,0,0.0,203
2026-08-22,1662528,"【8/22.23出勤】【Gカップ】【新宿】金額交渉で堕ちる「生の温もり」！密着オイルから不意打ちの絶品F、そして衝撃の初回本番HRフィニッシュへ！ #8/22,8/23 #東京都内",1,1,0,0.0,56
2026-08-22,1788140,"【8/22.23.26出勤】【Fカップ】【恵比寿】本番解禁！パネマジなし綺麗系美女の天然巨乳に溺れる至高のGHR体験記 #8/22,8/23,8/26 #東京都内",2,2,0,0.0,44
2026-08-22,1662554,【8/23出勤】【Gカップ】【中野】高身長スレンダー×天然ロケットπ開始30分で理性が決壊！細身の体に宿る巨乳の衝撃と、禁断の初回NSフィニッシュ体験記！ #8/23 #東京都内,0,0,0,0.0,170
2026-08-22,1764682,【8/27出勤】【Gカップ】【 大宮】Gカップ美女のMBはみ出し密着と至高のPZパイズリフィニッシュ体験記 #8/27 #埼玉,1,1,0,0.0,79
2026-08-22,1599734,"【8/22.23.25出勤】【Gカップ】【新宿】初回で合体まで至った至福の本番HR体験記「このGカップ、本物だ…」若さ弾ける爆乳美女の神対応。 #8/22,8/23,8/25 #東京都内",1,1,0,0.0,182
2026-08-22,1655143,【8/26出勤】【Fカップ】【横浜】隠れ家で堕ちる「脱衣プレイ」とNBRの誘惑…至近距離で見つめられ搾り取られる極上PZ(パイズリ)の衝撃！ #8/26 #神奈川,0,0,0,0.0,187
2026-08-22,1678781,【7/4出勤】【Gカップ】【船橋】生乳爆乳PZ解禁。色白美肌美女と悪戯な囁きに溺れる至高のフィニッシュ体験記 #千葉,2,2,0,0.0,252
2026-08-22,1708852,【8/27出勤】【Fカップ】【麻布】NN解禁！クール系美女の「生挿入中出し」と、神スタイルに溺れる至高のフィニッシュ体験記 #8/27 #東京都内,1,1,0,0.0,71
2026-08-22,1653916,【8/22出勤】【Gカップ】【新宿】ロシア系クォーターの至高ボディ！爆揺れ巨乳に埋もれる「魔性の69」と絶品PZ(パイズリ)フィニッシュ #8/22 #東京都内,0,0,0,0.0,154
2026-08-22,1754547,"【8/24.26出勤】【Eカップ】【新宿】本番解禁！猫顔スレンダー美女の「名器中出し」と、関西弁の甘い誘惑に溺れる至高のGHR体験記 #8/24,8/26 #東京都内",1,1,0,0.0,52
2026-08-22,1650404,【8/23出勤】【Fカップ】【新宿】「特別コースですから…♥」橋本マナミ風お姉さんの透け衣装誘惑。ムチムチFカップと溶け合う初回PZ(パイズリ)による至福の夜 #8/23 #東京都内,1,1,0,0.0,131
2026-08-22,1654061,【6/26出勤】【Fカップ】【相模大野】メジャーアイドル級美女と溺れる「KPなし」の密着洗体…最後はG着用で果てる禁断の絶頂本番HR体験！,0,0,0,0.0,142
2026-08-22,1710810,"【8/24.25.26出勤】【Gカップ】【新宿】乃木坂系美女と密着本番HR。アニメ級の爆乳に溺れる、至高のGHRフィニッシュ体験記 #8/24,8/25,8/26 #東京都内",1,1,0,0.0,57
2026-08-22,1655253,【8/22出勤】【Gカップ】【新宿】コスプレ級美女と堕ちる「禁断の本番」！溢れ出す爆乳おっぱいスタンプと、本番GHRの積極的な誘いに理性が溶ける至福の90分！ #8/22 #東京都内,0,0,0,0.0,52
2026-08-22,1668275,【8/26出勤】【Fカップ】【新宿】九州出身セクシー美女の「おっとり吐息」と名器に溺れる、至高の初回本番GHRフィニッシュ体験記 #8/26 #東京都内,0,0,0,0.0,42
2026-08-22,1663737,【8/22出勤】【Gカップ】【新宿】本番解禁！福原遥似の美少女とGHR。お椀型巨乳とヌルヌル密着オイルに溺れる至高のフィニッシュ体験記 #8/22 #東京都内,0,0,0,0.0,46
2026-08-22,1657099,都内出勤カレンダー,1,1,0,0.0,431
2026-08-22,1657105,埼玉県(大宮)出勤カレンダー,0,0,0,0.0,182
2026-08-22,1657104,横浜周辺出勤カレンダー,1,1,0,0.0,156
2026-08-22,1657101,多摩(吉祥寺)周辺カレンダー,0,0,0,0.0,147
2026-08-22,1648133,【4/3.5出勤】【Gカップ】【田町】【PZ】20歳のふわっふわH乳によるグラインドPZ(パイズリ)でSKR #東京都内,0,0,0,0.0,94
2026-08-23,1824707,【8/24出勤】【Gカップ】【大和】白ギャル系の巨乳神乳PZで絶頂！全裸密着とロケット巨乳パイズリ体験記,0,0,0,0.0,0
2026-08-23,1798255,"【8/23.28.29出勤】【Gカップ】【津田沼】むちむちボブ美女AN密着に狂う本番GHR体験記 #8/23,8/28,8/29 #千葉",9,9,0,0.0,170
2026-08-23,1668292,"【8/23.26.27出勤】【Iカップ】【新宿】爆乳解禁。清楚系アイドル美女の「生乳PZ」と、理性を奪う中出し。至高のフィニッシュ体験記 #8/23,8/26,8/27 #東京都内",0,0,0,0.0,204
2026-08-23,1655185,【8/27出勤】【Gカップ】【横浜】癒し系お姉さんの「隠しきれないHカップ」に悶絶！密着オイルから搾り取られる、至高のPZ(パイズリ)フィニッシュ体験記 #8/27 #神奈川,3,3,0,0.0,630
2026-08-23,1639983,"【8/23.24.27出勤】【Gカップ】【中野】初回から巨乳ギャルのフルスロットルの寛容度。生Fからの「最後どうする？」で本番GHR。 #8/23,8/24,8/27 #東京都内",0,0,0,0.0,574
2026-08-23,1656054,【8/23出勤】【Jカップ】【大宮】初回から至高の本番NS生挿入！視界を覆う爆乳スタンプ…合意の上で堕ちた締まりに悶絶体験記 #8/23 #埼玉,1,1,0,0.0,653
2026-08-23,1597345,"【8/25.26出勤】【Iカップ】【品川】高身長ムチムチ聖母の「生OPI」洗礼！SKSK衣装から溢れる爆乳PZ(パイズリ)体験記 #8/25,8/26 #東京都内",3,3,0,0.0,1036
2026-08-23,1656283,"【8/23.24.25出勤】【Fカップ】【調布】清楚な顔立ちに潜む、驚愕の「名器」と感度…理性が決壊する交渉の末、生の温もりに溺れた至高の初回本番HR体験記！ #8/23,8/24,8/25",0,0,0,0.0,480
2026-08-23,1798245,【8/28出勤】【Iカップ】【南流山/流山おおたかの森】爆乳JD美女と本番解禁！オイルパイ挟みに狂うGHR体験記 #8/28 #千葉,6,6,0,0.0,125
2026-08-23,1653925,"【8/23.24.25出勤】【Fカップ】【新宿】初回から現役JDと濃厚DK＆生本番級GHR！スベスベ美肌の妹系美女と溺れる超密着PZの衝撃！#本日出勤 #8/23,8/24,8/25 #東京都内",5,5,0,0.0,346
2026-08-23,1655202,"【8/24.25.27出勤】【Gカップ】【横浜】初回極上PZの衝撃！初回から弾力MAXのOPIスタンプと禁断の密着洗体…NPの誘惑に搾り取られるPZフィニッシュ #8/24,8/25,8/27 #神奈川",2,2,0,0.0,483
2026-08-23,1667095,"【8/23.24.25出勤】【Fカップ】【関内】初回から理性が決壊する一線越え。本格派美女の「お口で装着」と名器の締め付けに溺れた至高のGHRフィニッシュ体験記 #8/23,8/24,8/25 #神奈川",6,6,0,0.0,657
2026-08-23,1798265,"【8/24.25.26出勤】【Hカップ】【流山おおたかの森】極上神乳PZで絶頂！過去一柔らかい天然Hカップ美女の超密着パイズリ体験記 #8/24,8/25,8/26 #千葉",2,2,0,0.0,152
2026-08-23,1710821,【8/22出勤】【Gカップ】【新宿】元グラドルのH超え爆乳と「２回戦本番HR」に壊される、支配的な至高の体験記 #8/22 #東京都内,3,3,0,0.0,331
2026-08-23,1780559,"【8/23.24.25出勤】【Fカップ】【池袋】生ハメNNで絶頂！リアルアイドル顔美女の超濃厚ヌルヌル密着と至高のNN体験記 #8/23,8/24,8/25 #東京都内",1,1,0,0.0,144
2026-08-23,1656219,"【8/23.24.25出勤】【Fカップ】【吉祥寺】初回から濃厚PZ(パイズリ)から搾り取られる、至高の本番HRフィニッシュ！Gカップに溺れる「密着ソファー」の誘惑 #8/23,8/24,8/25",1,1,0,0.0,443
2026-08-23,1656212,"【8/23.24.25出勤】【Jカップ】【吉祥寺】視界を塞ぐ爆乳の壁！ソファーでの密着ハグから搾り取られる、至高のPZ(パイズリ)フィニッシュ体験記！ #8/23,8/24,8/25",4,4,0,0.0,539
2026-08-23,1601302,【8/23出勤】【Hカップ】【恵比寿】初回から「ちゃんと着けるから、挿れてもいい？♥」淫らな聖女の逆指名。現役看護師と堕ちる、ヌルヌル密着の絶頂本番HR #8/23 #東京都内,5,5,0,0.0,828
2026-08-23,1794515,"【8/23.24.26出勤】【Jカップ】【大宮】地雷系むちむち美女本番解禁！トップレス密着に狂うGHR体験記 #8/23,8/24,8/26 #埼玉",7,7,0,0.0,122
2026-08-23,1623774,【8/23出勤】【Jカップ】【池袋】「時間があるなら2回でもいいよ♥」初回からJカップ爆乳美女の神対応。無料パイズリPZの快感に溺れた、高身長元キャバ嬢との夜 #8/23 #東京都内,3,3,0,0.0,991
2026-08-23,1651485,"【8/24.25.26出勤】【Gカップ】【登戸】初回から「ねぇ、もう一回しよ♥」極上Gカップに溺れる本番NS二回転フィニッシュ #8/24,8/25,8/26",2,2,0,0.0,344
2026-08-23,1754540,"【8/25.26.28出勤】【Hカップ】【新宿】驚愕の爆乳PZ！清楚系色白スレンダー美女のゼロ距離密着と、脳がとろける至高の体験記 #8/25,8/26,8/28 #東京都内",4,4,0,0.0,118
2026-08-23,1710833,"【8/23.26.27出勤】【Fカップ】【中目黒】清楚系美女の溢れるFカップ爆乳に溺れる至高の本番GHR体験記 #8/23,8/26,8/27 #東京都内",8,8,0,0.0,222
2026-08-23,1683671,"【8/23.28出勤】【Eカップ】【大宮】AV女優黒川すみれ似美女の「生乳PZ」と、Sっ気溢れる言葉責めに溺れる至高の体験記 #8/23,8/28 #埼玉",5,5,0,0.0,238
2026-08-23,1673756,"【8/23.26.28出勤】【Fカップ】【大宮】爆乳解禁！追加なしの極上PZ。至高の肉感と密着ハグに溺れるパイズリフィニッシュ体験記 #8/23,8/26,8/28 #埼玉",3,3,0,0.0,223
2026-08-23,1828751,"【8/23.27.28出勤】【Fカップ】【成増】小動物系Fカップ美女と本番解禁！透け衣装密着GHR体験記 #8/23,8/27,8/28 #東京都内",0,0,0,0.0,7
2026-08-23,1828755,【8/22出勤】【Hカップ】【恵比寿】生挿入NS解禁！爆乳美女の生フェラ密着NS体験記 #8/22 #東京都内,0,0,0,0.0,24
2026-08-23,1824723,"【8/26.27.28出勤】【Hカップ】【溝の口】小柄むっちり巨乳美女の神乳PZで絶頂！トップレス密着と顔面胸スタンプ体験記 #8/26,8/27,8/28 #神奈川",0,0,0,0.0,24
2026-08-23,1802007,"【8/23.24.26出勤】【Fカップ】【中野】現役学生の高身長童顔美女と楽しむ至高の本番GHR体験記 #8/23,8/24,8/26 #東京都内",1,1,0,0.0,20
2026-08-23,1663730,"【8/23.24.26出勤】【Gカップ】【新宿】現役AV女優と禁断の初回本番GHR！熟練タイ古式と爆乳に搾り取られる、新宿の至高フィニッシュ体験記！ #8/23,8/24,8/26 #東京都内",3,3,0,0.0,137
2026-08-23,1639998,"【8/25.28出勤】【Kカップ】【銀座】揉みごたえ充分の巨乳は感度も抜群！ ふわふわおっ杯で濃厚密着PZ(パイズリ) #8/25,8/28 #東京都内",7,7,0,0.0,765
2026-08-23,1677621,"【8/24.25.26出勤】【Gカップ】【浦和】禁断のモロ出し。Gカップ美女の「生乳PZ」と、吐息が重なる濃厚フィニッシュ体験記 #8/24,8/25,8/26 #埼玉",2,2,0,0.0,385
2026-08-23,1761543,"【8/26.28出勤】【Eカップ】【中野】本番解禁！高身長Fカップ女子大生の「数の子天井ナカ出し」とSPPN密着に溺れる至高のGHR体験記 #8/26,8/28 #東京都内",2,2,0,0.0,131
2026-08-23,1667110,"【8/23.24.27出勤】【Fカップ】【武蔵小杉】境界線を超えた密着。グラビア級美女の「おっとり吐息」と名器に溺れる、至高の初回本番GHRフィニッシュ体験記 #8/23,8/24,8/27 #神奈川",6,6,0,0.0,324
2026-08-23,1683635,"【8/24.25.26出勤】【Eカップ】【登戸/溝の口】色白スレンダー美女の「超絶NF奉仕」と、上に跨り繋がる至高のGHR体験記 #8/24,8/25,8/26",2,2,0,0.0,320
2026-08-23,1683683,"【8/24.25.27出勤】【Gカップ】【横浜】洗体アシストで悶絶。巨乳美女の「生乳PZ」と、密着バックご奉仕に溺れる至高のフィニッシュ体験記 #8/24,8/25,8/27 #神奈川",3,3,0,0.0,297
2026-08-23,1823574,"【8/23.25.27出勤】【Gカップ】【秋葉原】生挿入NS解禁！小顔くびれ美巨乳美女の生中出し濃厚DKS体験記 #8/23,8/25,8/27 #東京都内",18,18,0,0.0,21
2026-08-23,1663765,【8/20出勤】【Hカップ】【新宿】初回中出しNN解禁！沖縄出身ギャルと生in。至高の美ボディと「密着中出し」に溺れる、新宿の禁断生挿入フィニッシュ体験記,0,0,0,0.0,133
2026-08-23,1668882,"【8/25.27出勤】【Gカップ】【錦糸町】初回本番解禁！ムチムチ美女の「名器の締め付け」と、MBから溢れる巨乳に溺れる。至高のGHRフィニッシュ体験記 #8/25,8/27 #東京都内",3,3,0,0.0,510
2026-08-23,1771375,【8/23出勤】【Gカップ】【恵比寿】天然Gカップ美女のとZNR洗体に溺れる至高のGHR体験記 #8/23 #東京都内,0,0,0,0.0,41
2026-08-23,1683650,【8/25出勤】【Hカップ】【浦和】NN解禁！爆乳美女への「生挿入中出し」と溢れるデカ尻に溺れる至高の体験記 #8/25 #埼玉,1,1,0,0.0,469
2026-08-23,1663754,"【8/24.25.26出勤】【Gカップ】【新宿】初回から境界線を超えた超密着！JD美女と溶け合う「生感覚」の衝撃。極上本番HRフィニッシュ #8/24,8/25,8/26 #東京都内",0,0,0,0.0,144
2026-08-23,1677604,"【8/24.26出勤】【Fカップ】【赤羽】「アニメ声」たぬき顔美女と初回本番解禁！密着マッサージに溺れる至高のGHRフィニッシュ体験記 #8/24,8/26 #埼玉",0,0,0,0.0,545
2026-08-23,1656105,"【8/24.26出勤】【Fカップ】【大宮】密着オイル攻めの果てに迎えた、衝撃の初回本番HRフィニッシュ！ #8/24,8/26 #埼玉",0,0,0,0.0,469
2026-08-23,1754531,"【8/24.25.26出勤】【Gカップ】【赤坂】驚愕の神乳PZ！林ゆめ似の超絶スレンダー巨乳と、ゼロ距離密着に理性が溶ける体験記 #8/24,8/25,8/26 #東京都内",2,2,0,0.0,313
2026-08-23,1640011,"【8/24.25.27出勤】【Gカップ】【池袋】池田エライザ似の爆乳美女と初回から「禁断の中出しNN合体」！深夜枠で溺れた、むっちりマシュマロボディの誘惑 #8/24,8/25,8/27 #東京都内",0,0,0,0.0,495
2026-08-23,1823563,【8/21出勤】【Gカップ】【秋葉原】19歳ハーフ系Gカップ美女と本番解禁！騎乗位密着GHR体験記 #東京都内,3,3,0,0.0,32
2026-08-23,1823572,【8/21出勤】【Hカップ】【秋葉原】生挿入NS解禁！色白グラマー巨乳美女と全裸密着NS体験記 #東京都内,3,3,0,0.0,21
2026-08-23,1662542,【8/19出勤】【Eカップ】【横浜】至福の初回NS生本番挿入！お腹への発射で締める、最高級の「パコ姫」ホスピタリティ体験記！ #神奈川,0,0,0,0.0,176
2026-08-23,1817054,"【8/24.26.28出勤】【Fカップ】【武蔵小杉】本番解禁！たぬき顔美女の盛MN密着GHR体験記 #8/24,8/26,8/28 #神奈川",1,1,0,0.0,60
2026-08-23,1656071,【8/28出勤】【Dカップ】【大宮】パフィーニップルの誘惑とSPPN密着！理性が吹き飛ぶ「NS生挿入」フィニッシュ体験記！ #8/28 #埼玉,1,1,0,0.0,398
2026-08-23,1653910,"【8/23.24.25出勤】【Fカップ】【新宿】お風呂屋超えの濃厚PZ(パイズリ)！Fカップ美乳嬢と溺れる「寸止め地獄」と「密着DKフィニッシュ」 #8/23,8/24,8/25 #東京都内",0,0,0,0.0,193
2026-08-23,1667106,【8/27出勤】【Fカップ】【厚木】初回で理性が決壊。有村架純似Fカップ美女の吐息と「ツルツル秘部」に溺れた至高の本番GHRフィニッシュ体験記 #8/27 #神奈川,0,0,0,0.0,362
2026-08-23,1623796,"【8/24.26.28出勤】【Fカップ】【中野】「あとで脱がせる方がERいでしょ♥」Fカップ清楚系セラピストと堕ちる、濃厚DK＆背徳の初回本番NS90分 #8/24,8/26,8/28 #東京都内",0,0,0,0.0,351
2026-08-23,1762959,"【8/23.24.28出勤】【Fカップ】【綱島】神乳PZで絶頂！エロ可愛いムッチリ巨乳のマイクロビキニ密着と至高のフィニッシュ体験記 #8/23,8/24,8/28 #神奈川",0,0,0,0.0,130
2026-08-23,1820272,"【8/23.27出勤】【Jカップ】【秋葉原】爆乳ゆるふわ美女の神乳PZで絶頂！MB密着と顔面埋まり体験記 #8/23,8/27 #東京都内",2,2,0,0.0,36
2026-08-23,1754553,"【8/24.26.27出勤】【Hカップ】【登戸】神乳PZで絶頂！細身巨乳美女の「 naked密着」と、鏡越しprprに溺れる至高のフィニッシュ体験記 #8/24,8/26,8/27",1,1,0,0.0,169
2026-08-23,1817046,"【8/23.27.28出勤】【Hカップ】【武蔵小杉】生のまま中出し解禁！美形細身巨乳美女の全裸密着と生本番NNフィニッシュ体験記 #8/23,8/27,8/28 #神奈川",1,1,0,0.0,92
2026-08-23,1710842,"【8/25.27.29出勤】【Gカップ】【恵比寿】ゴマキ似ギャル美女と本番解禁！スレンダー巨乳に溺れる至高のGHR体験記 #8/25,8/27,8/29 #東京都内",3,3,0,0.0,336
2026-08-23,1761550,"【8/23.24出勤】【Gカップ】【中野】本番解禁！柏木由紀似OLと一緒に入る泡洗体に溺れる至高のGHR体験記 #8/23,8/24 #東京都内",1,1,0,0.0,76
2026-08-23,1762946,"【8/23.24.29出勤】【Hカップ】【横浜】170cmの48Kgスーパーモデル級美人のKP剥ぎ取り密着に狂う本番GHR体験記 #8/23,8/24,8/29 #神奈川",1,1,0,0.0,113
2026-08-23,1822419,"【8/23.26.27出勤】【Jカップ】【新宿】神乳PZで絶頂！Jカップ美女MB密着と未体験の極圧パイズリ体験記 #8/23,8/26,8/27 #東京都内",0,0,0,0.0,14
2026-08-23,1823553,"【8/23.26.27出勤】【Gカップ】【秋葉原】低身長ロリ巨乳美女と本番解禁！トップレス密着GHR体験記 #8/23,8/26,8/27 #東京都内",0,0,0,0.0,51
2026-08-23,1653899,"【8/24.26.27出勤】【Gカップ】【新宿】スレンダーな腰に「上向き巨乳」の奇跡…職場のマドンナ似との密着PZ(パイズリ) #8/24,8/26,8/27 #東京都内",1,1,0,0.0,244
2026-08-23,1677586,"【8/24.28出勤】【Gカップ】【大宮】初回本番解禁！新人美女の「初めてのin」と、重力に抗えない爆乳に溺れる。至高のGHRフィニッシュ体験記 #8/24,8/28 #埼玉",0,0,0,0.0,212
2026-08-23,1655259,"【8/23.24.25出勤】【Eカップ】【新宿】至高のPZで悶絶！柔らか巨乳の密着スタンプと「もう1回できる？」と囁かれる悦楽 #8/23,8/24,8/25 #東京都内",0,0,0,0.0,171
2026-08-23,1822402,【8/19出勤】【Gカップ】【登戸】色白小顔ギャル美女と本番解禁！一緒シャワー全裸密着GHR体験記,1,1,0,0.0,15
2026-08-23,1822409,【8/18出勤】【Fカップ】【恵比寿】神乳綺麗系お姉さんのMB密着と至高のパイズリ体験記 #東京都内,2,2,0,0.0,40
2026-08-23,1821353,【8/22出勤】【Fカップ】【渋谷】モデル級スレンダー巨乳美女と本番解禁！顔面胸乗せ密着GHR体験記 #8/22 #東京都内,0,0,0,0.0,32
2026-08-23,1662532,【8/16出勤】【Hカップ】【吉祥寺】クラスの可愛い子と「恋人気分」！水袋のような弾力のHカップで搾り取られる、至高のPZ(パイズリ)フィニッシュ体験記！,0,0,0,0.0,129
2026-08-23,1656126,【8/28出勤】【Gカップ】【大宮】「ムチふわ爆乳」の誘惑…おっぱいスタンプから搾り取られる、至高のPZ(パイズリ)フィニッシュ体験記！ #8/28 #埼玉,0,0,0,0.0,155
2026-08-23,1788175,"【8/23.27.28出勤】【Fカップ】【練馬】本番解禁！YouTuberかすちゃん似美女のおっぱい密着に狂うGHR体験記 #8/23,8/27,8/28 #東京都内",0,0,0,0.0,96
2026-08-23,1820244,【8/23出勤】【Fカップ】【国分寺】美くびれ巨乳美女と本番解禁！長い爪フェザー密着GHR体験記 #8/23,0,0,0,0.0,75
2026-08-23,1761541,"【8/23.24.25出勤】【Gカップ】【品川】驚愕の神乳PZ！清楚系お姉さんの「naked密着」と、ゼロ距離奉仕に理性が溶ける体験記 #8/23,8/24,8/25 #東京都内",1,1,0,0.0,167
2026-08-23,1821346,【8/20出勤】【Fカップ】【渋谷】神乳美女の紐MB密着と至高のパイズリ体験記 #東京都内,0,0,0,0.0,41
2026-08-23,1820251,"【8/23.28出勤】【Hカップ】【恵比寿】巨乳大学生美女と本番解禁！MB密着GHR体験記 #8/23,8/28 #東京都内",0,0,0,0.0,53
2026-08-23,1762949,"【8/23.24.25出勤出勤】【Gカップ】【本厚木】HP通り可愛い美女のと一緒に入る泡洗体に溺れる至高の本番GHR体験記 #8/23,8/24,8/25 #神奈川",1,1,0,0.0,333
2026-08-23,1817000,"【8/23.24.25出勤】【Eカップ】【笹塚】爆乳美女の無課金生外だしと全裸お触り密着に狂う体験記 #8/23,8/24,8/25 #東京都内",1,1,0,0.0,61
2026-08-23,1820247,【8/19出勤】【Hカップ】【新宿】グラマラス爆乳美女と本番解禁！TL密着GHR体験記 #東京都内,1,1,0,0.0,15
2026-08-23,1656086,【8/28出勤】【Iカップ】【大宮】神スタイルと初回NSの悦楽！AI超えの美体と堕ちる「生の温もり」…2回戦連続フィニッシュ #8/28 #埼玉,0,0,0,0.0,478
2026-08-23,1708502,"【8/23.24.25出勤】【Gカップ】【新宿】本番解禁！白川理桜似のGカップ美女と「密着中出し」。理性を焼き切る至高のGHR体験記 #8/23,8/24,8/25 #東京都内",0,0,0,0.0,69
2026-08-23,1788157,"【8/26.27出勤】【Gカップ】【吉祥寺】本番解禁！HP通り美人なムッチリ巨乳と密着69に理性が溶けるGHR体験記 #8/26,8/27",0,0,0,0.0,39
2026-08-23,1761532,"【8/24.26.27出勤】【Gカップ】【渋谷】本番解禁！現役女子大生のとSPPNで絡み合う至高のGHR体験記 #8/24,8/26,8/27 #東京都内",1,1,0,0.0,113
2026-08-23,1662507,"【8/23.24.26出勤】【Gカップ】【五反田】金額交渉なしの神展開！「今日は特別だよ…♥」と囁かれ、生の温もりに溺れた至高の初回生挿入NS体験記！ #8/23,8/24,8/26 #東京都内",0,0,0,0.0,426
2026-08-23,1817022,"【8/25.26.27出勤】【Fカップ】【新宿】池田エライザ似ハーフ美女のTL密着と至高のPZフィニッシュ体験記 #8/25,8/26,8/27 #東京都内",0,0,0,0.0,15
2026-08-23,1817029,【8/21出勤】【Fカップ】【赤坂】ツルスベ巨乳美女のSPPN全裸密着と怒涛のPZフィニッシュ体験記,3,3,0,0.0,61
2026-08-23,1683630,【8/23出勤】【Fカップ】【荻窪】22歳Fカップ美女の「名器の締め付け」と爆乳密着に溺れる至高の初回GHRフィニッシュ体験記 #8/23,0,0,0,0.0,209
2026-08-23,1656118,【8/28出勤】【Gカップ】【大宮】初回から巨乳MBのPZ多幸感！密着オイルで理性を溶かし、巨大な肉圧で搾り取られる至高の快楽 #8/28 #埼玉,1,1,0,0.0,225
2026-08-23,1817039,【8/18出勤】【Iカップ】【本厚木】爆乳美女と無課金本番解禁！紙パンツ脱ぎ捨てトロ顔GHR体験記,3,3,0,0.0,107
2026-08-23,1817043,【8/21出勤】【Jカップ】【藤沢】天然Jカップ巨乳美女がキャミ脱ぎ捨てからの本番GHR体験記,0,0,0,0.0,55
2026-08-23,1817008,【8/23出勤】【Iカップ】【新宿】神乳PZで絶頂！ハーフ系二重美女の爆乳パイズリと至高の密着体験記 #8/23 #東京都内,1,1,0,0.0,26
2026-08-23,1817004,"【8/23.24.26出勤】【Gカップ】【新宿】むちむち可愛い系美女のマイクロビキニ密着と神乳PZフィニッシュ体験記 #8/23,8/24,8/26 #東京都内",0,0,0,0.0,10
2026-08-23,1656274,"【8/23.26.27出勤】【Fカップ】【登戸】溢れる巨乳Gカップの衝撃！密着オイル攻めから交渉で堕ちた、至高の「生感覚」本番GHRフィニッシュ体験記！ #8/23,8/26,8/27",0,0,0,0.0,247
2026-08-23,1780536,【8/23出勤】【Gカップ】【多摩】生ハメNNで絶頂！小顔グラマラス美女の超密着ヌルヌル本番と至高の体験記 #8/23,0,0,0,0.0,90
2026-08-23,1663647,【8/23出勤】【Fカップ】【新宿】新宿の現役学生と初回「生in」中出し！スレンダー美女の絶景と吐息に溺れる至高のフィニッシュ体験記！ #8/23 #東京都内,0,0,0,0.0,82
2026-08-23,1797240,【8/22出勤】【Iカップ】【溝の口】ぱるる系清楚アイドルと本番解禁！新人美巨乳密着に狂うGHR体験記 #8/22,2,2,0,0.0,38
2026-08-23,1808348,【8/22出勤】【Hカップ】【秋葉原】 #8/22 #東京都内,0,0,0,0.0,34
2026-08-23,1662490,【8/30出勤】【Lカップ】【秋葉原】視界を覆う「おっぱいスタンプ」から搾り取られるPZ(パイズリ)フィニッシュ体験記！水袋のような超軟乳の至高のPZ(パイズリ)の衝撃！ #8/30 #東京都内,0,0,0,0.0,556
2026-08-23,1802001,"【8/24.25.26出勤】【Kカップ】【池袋】Kカップお姉さん美女のMB密着と爆乳PZフィニッシュ体験記 #8/24,8/25,8/26 #東京都内",0,0,0,0.0,51
2026-08-23,1664794,【8/24出勤】【Gカップ】【横浜】初回から理性が決壊する一線越え。Gカップ美女の吐息と「名器の締め付け」に溺れた至高のGHRフィニッシュ体験記 #8/24 #神奈川,0,0,0,0.0,196
2026-08-23,1789466,【8/23出勤】【Hカップ】【海老名】本番解禁！Fカップおっとり美人と生まれたて全裸密着に狂うGHR体験記 #8/23 #神奈川,1,1,0,0.0,80
2026-08-23,1642194,"【8/24.25.26出勤】【Fカップ】【登戸】街で二度見する爆美女と「密着シャワー」の悦楽…初回から奥地まで咥え込む濃厚Fで昇天！ #8/24,8/25,8/26",0,0,0,0.0,278
2026-08-23,1806934,【8/5出勤】【Hカップ】【西麻布】本番NS解禁！長身スレンダー美女の四つん這い紙パンツちぎりに狂う体験記 #東京都内,2,2,0,0.0,25
2026-08-23,1806911,"【8/23.24.27出勤】【Eカップ】【新宿】ピンク髪スレンダー美女の丸出し密着に狂うGHR体験記 #8/23,8/24,8/27 #東京都内",0,0,0,0.0,12
2026-08-23,1806940,"【8/23.25.27出勤】【Hカップ】【新宿】グラマラス爆乳美女と膝上乗っかり密着に狂う本番GHR体験記 #8/23,8/25,8/27 #東京都内",0,0,0,0.0,21
2026-08-23,1771377,"【8/25.26出勤】【Iカップ】【秋葉原】爆乳美女のおっぱいポロン密着に狂う本番GHR体験記 #8/25,8/26 #東京都内",0,0,0,0.0,79
2026-08-23,1662519,"【8/23.27.28出勤】【Iカップ】【北千住】爆乳と「爆裂美尻」の衝撃！理性を溶かす密着オイルから、生の熱量に溺れた至高の初回本番HR体験記！ #8/23,8/27,8/28 #東京都内",1,1,0,0.0,337
2026-08-23,1651197,【8/23出勤】【Hカップ】【中野】「手でやらなきゃいいでしょ？」可愛い顔してPZ(パイズリ)で翻弄する小悪魔系美女 #8/23 #東京都内,0,0,0,0.0,184
2026-08-23,1656077,【8/23出勤】【Iカップ】【大宮】おわん型巨乳の重圧と「生」の温もり…感度抜群の地雷系美女と堕ちる、衝撃の初回本番NSフィニッシュ！ #8/23 #埼玉,0,0,0,0.0,176
2026-08-23,1667126,【8/29出勤】【Gカップ】【武蔵小杉】ニコル似Iカップ美女の初回本番「生in」。至高のNSフィニッシュ体験記 #8/29 #神奈川,0,0,0,0.0,151
2026-08-23,1802005,【8/5出勤】【Gカップ】【銀座】人生イチ綺麗なGカップ！福岡美人によるツバ垂らしPZとSPPN密着体験記 #東京都内,1,1,0,0.0,35
2026-08-23,1677614,【7/31出勤】【Fカップ】【浦和】低身長巨乳と密着。色白美肌美女の「生乳PZ」と、耳元への吐息に溺れる至高のフィニッシュ体験記,0,0,0,0.0,225
2026-08-23,1762969,【8/21出勤】【Gカップ】【横浜】神乳PZで絶頂！Gカップアイドル顔美女のマイクロビキニポロリと至高のフィニッシュ体験記 #神奈川,1,1,0,0.0,96
2026-08-23,1598368,"【8/29.30出勤】【Iカップ】【秋葉原】焦らしの美学に完敗！プロの脚本で堕ちる「鏡越しの背徳ANR」と至福のPZ(パイズリ)フィニッシュ #8/29,8/30 #東京都内",0,0,0,0.0,610
2026-08-23,1797226,"【8/23.25出勤】【Fカップ】【北千住】ギャル系美人の無課金GHR！紙パンツなし超密着に狂う至高の体験記 #8/23,8/25 #東京都内",2,2,0,0.0,83
2026-08-23,1797257,"【8/23.26.27出勤】【Hカップ】【恵比寿】神乳PZで絶頂！小柄可愛い巨乳美女の極上マイクロビキニ密着と至高のフィニッシュ体験記 #8/23,8/26,8/27 #東京都内",0,0,0,0.0,59
2026-08-23,1797247,【8/20出勤】【Hカップ】【三軒茶屋】天然Gカップロリ体型美女と本番！ふわふわマシュマロ密着に狂うGHR体験記,0,0,0,0.0,2
2026-08-23,1780542,"【8/23.24.25出勤】【Hカップ】【新宿】神乳PZで絶頂！天然Hカップ美女の透けビキニ密着と至高のフィニッシュ体験記 #8/23,8/24,8/25 #東京都内",0,0,0,0.0,51
2026-08-23,1654034,【8/22出勤】【Fカップ】【武蔵小杉】有村架純似の可憐な美女と溺れる「主導権剥奪」の100分…最後は理性を超える初回本番GHRフィニッシュ！,0,0,0,0.0,213
2026-08-23,1708856,【8/28出勤】【Dカップ】【麻布】清楚系美女の本番とMBからはみ出す両CKBに溺れる至高のGHR体験記 #8/28 #東京都内,0,0,0,0.0,76
2026-08-23,1642392,"【8/26.27出勤】【Gカップ】【秋葉原】甘えたがり必見!!高身長Hカプお姉さんのお◯ぱい密着天国からのPZ(パイズリ)フィニッシュ！ #8/26,8/27 #東京都内",0,0,0,0.0,258
2026-08-23,1755449,【8/23出勤】【Hカップ】【五反田】伝説級の超マシュマロ巨乳PZ！漫画スタイルの爆乳に溺れる至高のフィニッシュ体験記 #8/23 #東京都内,0,0,0,0.0,204
2026-08-23,1662528,"【8/23.25.26出勤】【Gカップ】【新宿】金額交渉で堕ちる「生の温もり」！密着オイルから不意打ちの絶品F、そして衝撃の初回本番HRフィニッシュへ！ #8/23,8/25,8/26 #東京都内",0,0,0,0.0,59
2026-08-23,1788140,"【8/23.26.27出勤】【Fカップ】【恵比寿】本番解禁！パネマジなし綺麗系美女の天然巨乳に溺れる至高のGHR体験記 #8/23,8/26,8/27 #東京都内",1,1,0,0.0,45
2026-08-23,1662554,"【8/23.24.28出勤】【Gカップ】【中野】高身長スレンダー×天然ロケットπ開始30分で理性が決壊！細身の体に宿る巨乳の衝撃と、禁断の初回NSフィニッシュ体験記！ #8/23,8/24,8/28 #東京都内",1,1,0,0.0,170
2026-08-23,1764682,【8/28出勤】【Gカップ】【 大宮】Gカップ美女のMBはみ出し密着と至高のPZパイズリフィニッシュ体験記 #8/28 #埼玉,0,0,0,0.0,81
2026-08-23,1599734,"【8/23.25.27出勤】【Gカップ】【新宿】初回で合体まで至った至福の本番HR体験記「このGカップ、本物だ…」若さ弾ける爆乳美女の神対応。 #8/23,8/25,8/27 #東京都内",0,0,0,0.0,182
2026-08-23,1655143,"【8/26.28出勤】【Fカップ】【横浜】隠れ家で堕ちる「脱衣プレイ」とNBRの誘惑…至近距離で見つめられ搾り取られる極上PZ(パイズリ)の衝撃！ #8/26,8/28 #神奈川",2,2,0,0.0,187
2026-08-23,1678781,【7/4出勤】【Gカップ】【船橋】生乳爆乳PZ解禁。色白美肌美女と悪戯な囁きに溺れる至高のフィニッシュ体験記 #千葉,0,0,0,0.0,252
2026-08-23,1708852,"【8/27.28出勤】【Fカップ】【麻布】NN解禁！クール系美女の「生挿入中出し」と、神スタイルに溺れる至高のフィニッシュ体験記 #8/27,8/28 #東京都内",0,0,0,0.0,71
2026-08-23,1653916,【8/22出勤】【Gカップ】【新宿】ロシア系クォーターの至高ボディ！爆揺れ巨乳に埋もれる「魔性の69」と絶品PZ(パイズリ)フィニッシュ #8/22 #東京都内,0,0,0,0.0,156
2026-08-23,1754547,"【8/24.26出勤】【Eカップ】【新宿】本番解禁！猫顔スレンダー美女の「名器中出し」と、関西弁の甘い誘惑に溺れる至高のGHR体験記 #8/24,8/26 #東京都内",0,0,0,0.0,52
2026-08-23,1650404,"【8/23.26.29出勤】【Fカップ】【新宿】「特別コースですから…♥」橋本マナミ風お姉さんの透け衣装誘惑。ムチムチFカップと溶け合う初回PZ(パイズリ)による至福の夜 #8/23,8/26,8/29 #東京都内",0,0,0,0.0,131
2026-08-23,1654061,【6/26出勤】【Fカップ】【相模大野】メジャーアイドル級美女と溺れる「KPなし」の密着洗体…最後はG着用で果てる禁断の絶頂本番HR体験！,2,2,0,0.0,142
2026-08-23,1710810,"【8/24.25.26出勤】【Gカップ】【新宿】乃木坂系美女と密着本番HR。アニメ級の爆乳に溺れる、至高のGHRフィニッシュ体験記 #8/24,8/25,8/26 #東京都内",0,0,0,0.0,57
2026-08-23,1655253,【8/22出勤】【Gカップ】【新宿】コスプレ級美女と堕ちる「禁断の本番」！溢れ出す爆乳おっぱいスタンプと、本番GHRの積極的な誘いに理性が溶ける至福の90分！ #8/22 #本日出勤 #東京都内,0,0,0,0.0,52
2026-08-23,1668275,【8/26出勤】【Fカップ】【新宿】九州出身セクシー美女の「おっとり吐息」と名器に溺れる、至高の初回本番GHRフィニッシュ体験記 #8/26 #東京都内,0,0,0,0.0,42
2026-08-23,1663737,【8/22出勤】【Gカップ】【新宿】本番解禁！福原遥似の美少女とGHR。お椀型巨乳とヌルヌル密着オイルに溺れる至高のフィニッシュ体験記 #8/22 #東京都内,0,0,0,0.0,46
2026-08-23,1657099,都内出勤カレンダー,0,0,0,0.0,435
2026-08-23,1657105,埼玉県(大宮)出勤カレンダー,0,0,0,0.0,185
2026-08-23,1657104,横浜周辺出勤カレンダー,0,0,0,0.0,156
2026-08-23,1657101,多摩(吉祥寺)周辺カレンダー,0,0,0,0.0,147
2026-08-23,1648133,【4/3.5出勤】【Gカップ】【田町】【PZ】20歳のふわっふわH乳によるグラインドPZ(パイズリ)でSKR #東京都内,0,0,0,0.0,95
2026-08-24,1798245,【8/28出勤】【Iカップ】【南流山/流山おおたかの森】爆乳JD美女と本番解禁！オイルパイ挟みに狂うGHR体験記 #8/23 #千葉,1,1,0,0.0,134
2026-08-24,1662519,"【8/27.28.29出勤】【Iカップ】【北千住】爆乳と「爆裂美尻」の衝撃！理性を溶かす密着オイルから、生の熱量に溺れた至高の初回本番HR体験記！ #8/27,8/28,8/29 #東京都内",1,1,0,0.0,349
2026-08-24,1762949,"【8/24.25.26出勤出勤】【Gカップ】【本厚木】HP通り可愛い美女のと一緒に入る泡洗体に溺れる至高の本番GHR体験記 #8/24,8/25,8/26 #神奈川",3,3,0,0.0,341
2026-08-24,1761541,"【8/24.25.26出勤】【Gカップ】【品川】驚愕の神乳PZ！清楚系お姉さんの「naked密着」と、ゼロ距離奉仕に理性が溶ける体験記 #8/24,8/25,8/26 #東京都内",2,2,0,0.0,173
2026-08-24,1820244,【8/23出勤】【Fカップ】【国分寺】美くびれ巨乳美女と本番解禁！長い爪フェザー密着GHR体験記 #8/23,0,0,0,0.0,79
2026-08-24,1788175,"【8/27.28.29出勤】【Fカップ】【練馬】本番解禁！YouTuberかすちゃん似美女のおっぱい密着に狂うGHR体験記 #8/27,8/28,8/29 #東京都内",3,3,0,0.0,101
2026-08-24,1653910,"【8/24.25.26出勤】【Fカップ】【新宿】お風呂屋超えの濃厚PZ(パイズリ)！Fカップ美乳嬢と溺れる「寸止め地獄」と「密着DKフィニッシュ」 #8/24,8/25,8/26 #東京都内",0,0,0,0.0,195
2026-08-24,1677604,"【8/24.26出勤】【Fカップ】【赤羽】「アニメ声」たぬき顔美女と初回本番解禁！密着マッサージに溺れる至高のGHRフィニッシュ体験記 #8/24,8/26 #埼玉",1,1,0,0.0,550
2026-08-24,1667110,"【8/24.27出勤】【Fカップ】【武蔵小杉】境界線を超えた密着。グラビア級美女の「おっとり吐息」と名器に溺れる、至高の初回本番GHRフィニッシュ体験記 #8/24,8/27 #神奈川",1,1,0,0.0,332
2026-08-24,1663730,"【8/24.26出勤】【Gカップ】【新宿】現役AV女優と禁断の初回本番GHR！熟練タイ古式と爆乳に搾り取られる、新宿の至高フィニッシュ体験記！ #8/24,8/26 #東京都内",1,1,0,0.0,138
2026-08-24,1673756,"【8/26.28出勤】【Fカップ】【大宮】爆乳解禁！追加なしの極上PZ。至高の肉感と密着ハグに溺れるパイズリフィニッシュ体験記 #8/26,8/28 #埼玉",8,8,0,0.0,224
2026-08-24,1683671,"【8/28.29出勤】【Eカップ】【大宮】AV女優黒川すみれ似美女の「生乳PZ」と、Sっ気溢れる言葉責めに溺れる至高の体験記 #8/28,8/29 #埼玉",5,5,0,0.0,238
2026-08-24,1710833,"【8/26.27.30出勤】【Fカップ】【中目黒】清楚系美女の溢れるFカップ爆乳に溺れる至高の本番GHR体験記 #8/26,8/27,8/30 #東京都内",7,7,0,0.0,226
2026-08-24,1623774,【8/23出勤】【Jカップ】【池袋】「時間があるなら2回でもいいよ♥」初回からJカップ爆乳美女の神対応。無料パイズリPZの快感に溺れた、高身長元キャバ嬢との夜 #8/23 #東京都内,4,4,0,0.0,1001
2026-08-24,1794515,"【8/25.26出勤】【Jカップ】【大宮】地雷系むちむち美女本番解禁！トップレス密着に狂うGHR体験記 #8/25,8/26 #埼玉",4,4,0,0.0,126
2026-08-24,1601302,"【8/24.25.26出勤】【Hカップ】【恵比寿】初回から「ちゃんと着けるから、挿れてもいい？♥」淫らな聖女の逆指名。現役看護師と堕ちる、ヌルヌル密着の絶頂本番HR #8/24,8/25,8/26 #東京都内",5,5,0,0.0,835
2026-08-24,1656212,"【8/24.25.26出勤】【Jカップ】【吉祥寺】視界を塞ぐ爆乳の壁！ソファーでの密着ハグから搾り取られる、至高のPZ(パイズリ)フィニッシュ体験記！ #8/24,8/25,8/26",5,5,0,0.0,540
2026-08-24,1656219,"【8/24.25.26出勤】【Fカップ】【吉祥寺】初回から濃厚PZ(パイズリ)から搾り取られる、至高の本番HRフィニッシュ！Gカップに溺れる「密着ソファー」の誘惑 #8/24,8/25,8/26",4,4,0,0.0,445
2026-08-24,1780559,"【8/24.25.26出勤】【Fカップ】【池袋】生ハメNNで絶頂！リアルアイドル顔美女の超濃厚ヌルヌル密着と至高のNN体験記 #8/24,8/25,8/26 #東京都内",3,3,0,0.0,147
2026-08-24,1798265,"【8/24.25.26出勤】【Hカップ】【流山おおたかの森】極上神乳PZで絶頂！過去一柔らかい天然Hカップ美女の超密着パイズリ体験記 #8/24,8/25,8/26 #千葉",3,3,0,0.0,156
2026-08-24,1667095,"【8/24.25.28出勤】【Fカップ】【関内】初回から理性が決壊する一線越え。本格派美女の「お口で装着」と名器の締め付けに溺れた至高のGHRフィニッシュ体験記 #8/24,8/25,8/28 #神奈川",3,3,0,0.0,669
2026-08-24,1653925,"【8/24.25.27出勤】【Fカップ】【新宿】初回から現役JDと濃厚DK＆生本番級GHR！スベスベ美肌の妹系美女と溺れる超密着PZの衝撃！#本日出勤 #8/24,8/25,8/27 #東京都内",2,2,0,0.0,347
2026-08-24,1656283,"【8/24.25出勤】【Fカップ】【調布】清楚な顔立ちに潜む、驚愕の「名器」と感度…理性が決壊する交渉の末、生の温もりに溺れた至高の初回本番HR体験記！ #8/24,8/25",3,3,0,0.0,482
2026-08-24,1639983,"【8/24.27.28出勤】【Gカップ】【中野】初回から巨乳ギャルのフルスロットルの寛容度。生Fからの「最後どうする？」で本番GHR。 #8/24,8/27,8/28 #東京都内",3,3,0,0.0,576
2026-08-24,1668292,"【8/26.27.29出勤】【Iカップ】【新宿】爆乳解禁。清楚系アイドル美女の「生乳PZ」と、理性を奪う中出し。至高のフィニッシュ体験記 #8/26,8/27,8/29 #東京都内",3,3,0,0.0,204
2026-08-24,1798255,"【8/28.29出勤】【Gカップ】【津田沼】むちむちボブ美女AN密着に狂う本番GHR体験記 #8/28,8/29 #千葉",6,6,0,0.0,173
2026-08-24,1824707,"【8/24.25.27出勤】【Gカップ】【大和】白ギャル系の巨乳神乳PZで絶頂！全裸密着とロケット巨乳パイズリ体験記 #8/24,8/25,8/27 #神奈川",0,0,0,0.0,14
2026-08-24,1655185,【8/27出勤】【Gカップ】【横浜】癒し系お姉さんの「隠しきれないHカップ」に悶絶！密着オイルから搾り取られる、至高のPZ(パイズリ)フィニッシュ体験記 #8/27 #神奈川,6,6,0,0.0,630
2026-08-24,1656054,【8/23出勤】【Jカップ】【大宮】初回から至高の本番NS生挿入！視界を覆う爆乳スタンプ…合意の上で堕ちた締まりに悶絶体験記 #8/23 #埼玉,11,11,0,0.0,657
2026-08-24,1597345,"【8/25.26出勤】【Iカップ】【品川】高身長ムチムチ聖母の「生OPI」洗礼！SKSK衣装から溢れる爆乳PZ(パイズリ)体験記 #8/25,8/26 #東京都内",10,10,0,0.0,1037
2026-08-24,1655202,"【8/24.25.27出勤】【Gカップ】【横浜】初回極上PZの衝撃！初回から弾力MAXのOPIスタンプと禁断の密着洗体…NPの誘惑に搾り取られるPZフィニッシュ #8/24,8/25,8/27 #神奈川",2,2,0,0.0,484
2026-08-24,1710821,【8/22出勤】【Gカップ】【新宿】元グラドルのH超え爆乳と「２回戦本番HR」に壊される、支配的な至高の体験記 #東京都内,6,6,0,0.0,331
2026-08-24,1651485,"【8/24.25.26出勤】【Gカップ】【登戸】初回から「ねぇ、もう一回しよ♥」極上Gカップに溺れる本番NS二回転フィニッシュ #8/24,8/25,8/26",0,0,0,0.0,344
2026-08-24,1754540,"【8/25.26.28出勤】【Hカップ】【新宿】驚愕の爆乳PZ！清楚系色白スレンダー美女のゼロ距離密着と、脳がとろける至高の体験記 #8/25,8/26,8/28 #東京都内",2,2,0,0.0,118
2026-08-24,1828751,"【8/27.28.29出勤】【Fカップ】【成増】小動物系Fカップ美女と本番解禁！透け衣装密着GHR体験記 #8/27,8/28,8/29 #東京都内",6,6,0,0.0,14
2026-08-24,1828755,【8/27出勤】【Hカップ】【恵比寿】生挿入NS解禁！爆乳美女の生フェラ密着NS体験記 #8/27 #東京都内,17,17,0,0.0,29
2026-08-24,1824723,"【8/26.27.28出勤】【Hカップ】【溝の口】小柄むっちり巨乳美女の神乳PZで絶頂！トップレス密着と顔面胸スタンプ体験記 #8/26,8/27,8/28 #神奈川",19,19,0,0.0,30
2026-08-24,1802007,"【8/24.26.28出勤】【Fカップ】【中野】現役学生の高身長童顔美女と楽しむ至高の本番GHR体験記 #8/24,8/26,8/28 #東京都内",0,0,0,0.0,23
2026-08-24,1639998,"【8/25.28出勤】【Kカップ】【銀座】揉みごたえ充分の巨乳は感度も抜群！ ふわふわおっ杯で濃厚密着PZ(パイズリ) #8/25,8/28 #東京都内",1,1,0,0.0,766
2026-08-24,1677621,"【8/24.25.26出勤】【Gカップ】【浦和】禁断のモロ出し。Gカップ美女の「生乳PZ」と、吐息が重なる濃厚フィニッシュ体験記 #8/24,8/25,8/26 #埼玉",1,1,0,0.0,385
2026-08-24,1761543,"【8/26.28.30出勤】【Eカップ】【中野】本番解禁！高身長Fカップ女子大生の「数の子天井ナカ出し」とSPPN密着に溺れる至高のGHR体験記 #8/26,8/28,8/30 #東京都内",0,0,0,0.0,131
2026-08-24,1683635,"【8/24.25.26出勤】【Eカップ】【登戸/溝の口】色白スレンダー美女の「超絶NF奉仕」と、上に跨り繋がる至高のGHR体験記 #8/24,8/25,8/26",0,0,0,0.0,320
2026-08-24,1683683,"【8/24.25.27出勤】【Gカップ】【横浜】洗体アシストで悶絶。巨乳美女の「生乳PZ」と、密着バックご奉仕に溺れる至高のフィニッシュ体験記 #8/24,8/25,8/27 #神奈川",0,0,0,0.0,299
2026-08-24,1823574,"【8/25.27.28出勤】【Gカップ】【秋葉原】生挿入NS解禁！小顔くびれ美巨乳美女の生中出し濃厚DKS体験記 #8/25,8/27,8/28 #東京都内",2,2,0,0.0,22
2026-08-24,1663765,【8/29出勤】【Hカップ】【新宿】初回中出しNN解禁！沖縄出身ギャルと生in。至高の美ボディと「密着中出し」に溺れる、新宿の禁断生挿入フィニッシュ体験記 #8/29 #東京都内,0,0,0,0.0,133
2026-08-24,1668882,"【8/25.27出勤】【Gカップ】【錦糸町】初回本番解禁！ムチムチ美女の「名器の締め付け」と、MBから溢れる巨乳に溺れる。至高のGHRフィニッシュ体験記 #8/25,8/27 #東京都内",1,1,0,0.0,511
2026-08-24,1771375,【8/30出勤】【Gカップ】【恵比寿】天然Gカップ美女のとZNR洗体に溺れる至高のGHR体験記 #8/30 #東京都内,0,0,0,0.0,41
2026-08-24,1683650,【8/25出勤】【Hカップ】【浦和】NN解禁！爆乳美女への「生挿入中出し」と溢れるデカ尻に溺れる至高の体験記 #8/25 #埼玉,1,1,0,0.0,472
2026-08-24,1663754,"【8/24.25.26出勤】【Gカップ】【新宿】初回から境界線を超えた超密着！JD美女と溶け合う「生感覚」の衝撃。極上本番HRフィニッシュ #8/24,8/25,8/26 #東京都内",1,1,0,0.0,144
2026-08-24,1656105,"【8/24.26出勤】【Fカップ】【大宮】密着オイル攻めの果てに迎えた、衝撃の初回本番HRフィニッシュ！ #8/24,8/26 #埼玉",1,1,0,0.0,469
2026-08-24,1754531,"【8/24.25.26出勤】【Gカップ】【赤坂】驚愕の神乳PZ！林ゆめ似の超絶スレンダー巨乳と、ゼロ距離密着に理性が溶ける体験記 #8/24,8/25,8/26 #東京都内",0,0,0,0.0,314
2026-08-24,1640011,"【8/24.25.27出勤】【Gカップ】【池袋】池田エライザ似の爆乳美女と初回から「禁断の中出しNN合体」！深夜枠で溺れた、むっちりマシュマロボディの誘惑 #8/24,8/25,8/27 #東京都内",0,0,0,0.0,499
2026-08-24,1823563,【8/21出勤】【Gカップ】【秋葉原】19歳ハーフ系Gカップ美女と本番解禁！騎乗位密着GHR体験記 #東京都内,0,0,0,0.0,34
2026-08-24,1823572,【8/21出勤】【Hカップ】【秋葉原】生挿入NS解禁！色白グラマー巨乳美女と全裸密着NS体験記 #東京都内,0,0,0,0.0,21
2026-08-24,1662542,"【8/26.29出勤】【Eカップ】【横浜】至福の初回NS生本番挿入！お腹への発射で締める、最高級の「パコ姫」ホスピタリティ体験記！ #8/26,8/29 #神奈川",0,0,0,0.0,176
2026-08-24,1817054,"【8/24.26.28出勤】【Fカップ】【武蔵小杉】本番解禁！たぬき顔美女の盛MN密着GHR体験記 #8/24,8/26,8/28 #神奈川",0,0,0,0.0,60
2026-08-24,1656071,【8/28出勤】【Dカップ】【大宮】パフィーニップルの誘惑とSPPN密着！理性が吹き飛ぶ「NS生挿入」フィニッシュ体験記！ #8/28 #埼玉,2,2,0,0.0,399
2026-08-24,1667106,【8/27出勤】【Fカップ】【厚木】初回で理性が決壊。有村架純似Fカップ美女の吐息と「ツルツル秘部」に溺れた至高の本番GHRフィニッシュ体験記 #8/27 #神奈川,3,3,0,0.0,362
2026-08-24,1623796,"【8/24.26.28出勤】【Fカップ】【中野】「あとで脱がせる方がERいでしょ♥」Fカップ清楚系セラピストと堕ちる、濃厚DK＆背徳の初回本番NS90分 #8/24,8/26,8/28 #東京都内",0,0,0,0.0,351
2026-08-24,1762959,"【8/24.28出勤】【Fカップ】【綱島】神乳PZで絶頂！エロ可愛いムッチリ巨乳のマイクロビキニ密着と至高のフィニッシュ体験記 #8/24,8/28 #神奈川",2,2,0,0.0,131
2026-08-24,1820272,【8/27出勤】【Jカップ】【秋葉原】爆乳ゆるふわ美女の神乳PZで絶頂！MB密着と顔面埋まり体験記 #8/27 #東京都内,4,4,0,0.0,36
2026-08-24,1754553,"【8/24.26.27出勤】【Hカップ】【登戸】神乳PZで絶頂！細身巨乳美女の「 naked密着」と、鏡越しprprに溺れる至高のフィニッシュ体験記 #8/24,8/26,8/27",1,1,0,0.0,169
2026-08-24,1817046,"【8/27.28出勤】【Hカップ】【武蔵小杉】生のまま中出し解禁！美形細身巨乳美女の全裸密着と生本番NNフィニッシュ体験記 #8/27,8/28 #神奈川",2,2,0,0.0,92
2026-08-24,1710842,【8/25出勤】【Gカップ】【恵比寿】ゴマキ似ギャル美女と本番解禁！スレンダー巨乳に溺れる至高のGHR体験記 #8/25 #東京都内,2,2,0,0.0,336
2026-08-24,1761550,【8/24出勤】【Gカップ】【中野】本番解禁！柏木由紀似OLと一緒に入る泡洗体に溺れる至高のGHR体験記 #8/24 #東京都内,0,0,0,0.0,77
2026-08-24,1762946,"【8/24.29出勤】【Hカップ】【横浜】170cmの48Kgスーパーモデル級美人のKP剥ぎ取り密着に狂う本番GHR体験記 #8/24,8/29 #神奈川",2,2,0,0.0,113
2026-08-24,1822419,"【8/26.27.28出勤】【Jカップ】【新宿】神乳PZで絶頂！Jカップ美女MB密着と未体験の極圧パイズリ体験記 #8/26,8/27,8/28 #東京都内",1,1,0,0.0,14
2026-08-24,1823553,"【8/25.26.27出勤】【Gカップ】【秋葉原】低身長ロリ巨乳美女と本番解禁！トップレス密着GHR体験記 #8/25,8/26,8/27 #東京都内",2,2,0,0.0,54
2026-08-24,1653899,"【8/24.26.27出勤】【Gカップ】【新宿】スレンダーな腰に「上向き巨乳」の奇跡…職場のマドンナ似との密着PZ(パイズリ) #8/24,8/26,8/27 #東京都内",0,0,0,0.0,244
2026-08-24,1677586,"【8/24.28出勤】【Gカップ】【大宮】初回本番解禁！新人美女の「初めてのin」と、重力に抗えない爆乳に溺れる。至高のGHRフィニッシュ体験記 #8/24,8/28 #埼玉",0,0,0,0.0,212
2026-08-24,1655259,"【8/24.26出勤】【Eカップ】【新宿】至高のPZで悶絶！柔らか巨乳の密着スタンプと「もう1回できる？」と囁かれる悦楽 #8/24,8/26 #東京都内",0,0,0,0.0,172
2026-08-24,1822402,"【8/25.30出勤】【Gカップ】【登戸】色白小顔ギャル美女と本番解禁！一緒シャワー全裸密着GHR体験記 #8/25,8/30",0,0,0,0.0,15
2026-08-24,1822409,【8/18出勤】【Fカップ】【恵比寿】神乳綺麗系お姉さんのMB密着と至高のパイズリ体験記 #東京都内,1,1,0,0.0,41
2026-08-24,1821353,【8/22出勤】【Fカップ】【渋谷】モデル級スレンダー巨乳美女と本番解禁！顔面胸乗せ密着GHR体験記 #東京都内,1,1,0,0.0,32
2026-08-24,1662532,【8/16出勤】【Hカップ】【吉祥寺】クラスの可愛い子と「恋人気分」！水袋のような弾力のHカップで搾り取られる、至高のPZ(パイズリ)フィニッシュ体験記！,3,3,0,0.0,129
2026-08-24,1656126,【8/28出勤】【Gカップ】【大宮】「ムチふわ爆乳」の誘惑…おっぱいスタンプから搾り取られる、至高のPZ(パイズリ)フィニッシュ体験記！ #8/28 #埼玉,3,3,0,0.0,156
2026-08-24,1821346,【8/20出勤】【Fカップ】【渋谷】神乳美女の紐MB密着と至高のパイズリ体験記 #東京都内,0,0,0,0.0,41
2026-08-24,1820251,【8/28出勤】【Hカップ】【恵比寿】巨乳大学生美女と本番解禁！MB密着GHR体験記 #8/28 #東京都内,1,1,0,0.0,54
2026-08-24,1817000,"【8/24.25.26出勤】【Eカップ】【笹塚】爆乳美女の無課金生外だしと全裸お触り密着に狂う体験記 #8/24,8/25,8/26 #東京都内",2,2,0,0.0,62
2026-08-24,1820247,【8/19出勤】【Hカップ】【新宿】グラマラス爆乳美女と本番解禁！TL密着GHR体験記 #東京都内,0,0,0,0.0,15
2026-08-24,1656086,"【8/28.29出勤】【Iカップ】【大宮】神スタイルと初回NSの悦楽！AI超えの美体と堕ちる「生の温もり」…2回戦連続フィニッシュ #8/28,8/29 #埼玉",2,2,0,0.0,478
2026-08-24,1708502,"【8/24.25.26出勤】【Gカップ】【新宿】本番解禁！白川理桜似のGカップ美女と「密着中出し」。理性を焼き切る至高のGHR体験記 #8/24,8/25,8/26 #東京都内",0,0,0,0.0,69
2026-08-24,1788157,"【8/26.27出勤】【Gカップ】【吉祥寺】本番解禁！HP通り美人なムッチリ巨乳と密着69に理性が溶けるGHR体験記 #8/26,8/27",0,0,0,0.0,39
2026-08-24,1761532,"【8/24.26.27出勤】【Gカップ】【渋谷】本番解禁！現役女子大生のとSPPNで絡み合う至高のGHR体験記 #8/24,8/26,8/27 #東京都内",1,1,0,0.0,114
2026-08-24,1662507,"【8/24.26.27出勤】【Gカップ】【五反田】金額交渉なしの神展開！「今日は特別だよ…♥」と囁かれ、生の温もりに溺れた至高の初回生挿入NS体験記！ #8/24,8/26,8/27 #東京都内",5,5,0,0.0,427
2026-08-24,1817022,"【8/25.26.27出勤】【Fカップ】【新宿】池田エライザ似ハーフ美女のTL密着と至高のPZフィニッシュ体験記 #8/25,8/26,8/27 #東京都内",1,1,0,0.0,15
2026-08-24,1817029,【8/21出勤】【Fカップ】【赤坂】ツルスベ巨乳美女のSPPN全裸密着と怒涛のPZフィニッシュ体験記,0,0,0,0.0,62
2026-08-24,1683630,"【8/25.29出勤】【Fカップ】【荻窪】22歳Fカップ美女の「名器の締め付け」と爆乳密着に溺れる至高の初回GHRフィニッシュ体験記 #8/25,8/29",1,1,0,0.0,209
2026-08-24,1656118,【8/28出勤】【Gカップ】【大宮】初回から巨乳MBのPZ多幸感！密着オイルで理性を溶かし、巨大な肉圧で搾り取られる至高の快楽 #8/28 #埼玉,1,1,0,0.0,226
2026-08-24,1817039,【8/26出勤】【Iカップ】【本厚木】爆乳美女と無課金本番解禁！紙パンツ脱ぎ捨てトロ顔GHR体験記 #8/26 #神奈川,3,3,0,0.0,109
2026-08-24,1817043,"【8/26.27.28出勤】【Jカップ】【藤沢】天然Jカップ巨乳美女がキャミ脱ぎ捨てからの本番GHR体験記 #8/26,8/27,8/28 #神奈川",1,1,0,0.0,55
2026-08-24,1817008,【8/23出勤】【Iカップ】【新宿】神乳PZで絶頂！ハーフ系二重美女の爆乳パイズリと至高の密着体験記 #8/23 #東京都内,2,2,0,0.0,26
2026-08-24,1817004,"【8/24.26.27出勤】【Gカップ】【新宿】むちむち可愛い系美女のマイクロビキニ密着と神乳PZフィニッシュ体験記 #8/24,8/26,8/27 #東京都内",0,0,0,0.0,10
2026-08-24,1656274,"【8/26.27出勤】【Fカップ】【登戸】溢れる巨乳Gカップの衝撃！密着オイル攻めから交渉で堕ちた、至高の「生感覚」本番GHRフィニッシュ体験記！ #8/26,8/27",0,0,0,0.0,247
2026-08-24,1780536,【8/29出勤】【Gカップ】【多摩】生ハメNNで絶頂！小顔グラマラス美女の超密着ヌルヌル本番と至高の体験記 #8/29,1,1,0,0.0,90
2026-08-24,1663647,【8/23出勤】【Fカップ】【新宿】新宿の現役学生と初回「生in」中出し！スレンダー美女の絶景と吐息に溺れる至高のフィニッシュ体験記！ #8/23 #東京都内,0,0,0,0.0,82
2026-08-24,1797240,【8/22出勤】【Iカップ】【溝の口】ぱるる系清楚アイドルと本番解禁！新人美巨乳密着に狂うGHR体験記,0,0,0,0.0,38
2026-08-24,1808348,【8/22出勤】【Hカップ】【秋葉原】,0,0,0,0.0,34
2026-08-24,1662490,【8/30出勤】【Lカップ】【秋葉原】視界を覆う「おっぱいスタンプ」から搾り取られるPZ(パイズリ)フィニッシュ体験記！水袋のような超軟乳の至高のPZ(パイズリ)の衝撃！ #8/30 #東京都内,1,1,0,0.0,556
2026-08-24,1802001,"【8/24.25.26出勤】【Kカップ】【池袋】Kカップお姉さん美女のMB密着と爆乳PZフィニッシュ体験記 #8/24,8/25,8/26 #東京都内",0,0,0,0.0,51
2026-08-24,1664794,【8/24出勤】【Gカップ】【横浜】初回から理性が決壊する一線越え。Gカップ美女の吐息と「名器の締め付け」に溺れた至高のGHRフィニッシュ体験記 #8/24 #神奈川,0,0,0,0.0,197
2026-08-24,1789466,【8/23出勤】【Hカップ】【海老名】本番解禁！Fカップおっとり美人と生まれたて全裸密着に狂うGHR体験記 #8/23 #神奈川,1,1,0,0.0,80
2026-08-24,1642194,"【8/24.25.26出勤】【Fカップ】【登戸】街で二度見する爆美女と「密着シャワー」の悦楽…初回から奥地まで咥え込む濃厚Fで昇天！ #8/24,8/25,8/26",0,0,0,0.0,278
2026-08-24,1806934,【8/5出勤】【Hカップ】【西麻布】本番NS解禁！長身スレンダー美女の四つん這い紙パンツちぎりに狂う体験記 #東京都内,0,0,0,0.0,25
2026-08-24,1806911,"【8/24.27.28出勤】【Eカップ】【新宿】ピンク髪スレンダー美女の丸出し密着に狂うGHR体験記 #8/24,8/27,8/28 #東京都内",1,1,0,0.0,12
2026-08-24,1806940,"【8/24.26.28出勤】【Hカップ】【新宿】グラマラス爆乳美女と膝上乗っかり密着に狂う本番GHR体験記 #8/24,8/26,8/28 #東京都内",0,0,0,0.0,22
2026-08-24,1771377,"【8/24.25.27出勤】【Iカップ】【秋葉原】爆乳美女のおっぱいポロン密着に狂う本番GHR体験記 #8/24,8/25,8/27 #東京都内",0,0,0,0.0,79
2026-08-24,1651197,【8/23出勤】【Hカップ】【中野】「手でやらなきゃいいでしょ？」可愛い顔してPZ(パイズリ)で翻弄する小悪魔系美女 #8/23 #東京都内,0,0,0,0.0,184
2026-08-24,1656077,【8/23出勤】【Iカップ】【大宮】おわん型巨乳の重圧と「生」の温もり…感度抜群の地雷系美女と堕ちる、衝撃の初回本番NSフィニッシュ！ #8/23 #埼玉,0,0,0,0.0,176
2026-08-24,1667126,【8/29出勤】【Gカップ】【武蔵小杉】ニコル似Iカップ美女の初回本番「生in」。至高のNSフィニッシュ体験記 #8/29 #神奈川,0,0,0,0.0,151
2026-08-24,1802005,【8/5出勤】【Gカップ】【銀座】人生イチ綺麗なGカップ！福岡美人によるツバ垂らしPZとSPPN密着体験記 #東京都内,0,0,0,0.0,36
2026-08-24,1677614,【7/31出勤】【Fカップ】【浦和】低身長巨乳と密着。色白美肌美女の「生乳PZ」と、耳元への吐息に溺れる至高のフィニッシュ体験記,1,1,0,0.0,225
2026-08-24,1762969,【8/21出勤】【Gカップ】【横浜】神乳PZで絶頂！Gカップアイドル顔美女のマイクロビキニポロリと至高のフィニッシュ体験記 #神奈川,0,0,0,0.0,96
2026-08-24,1598368,"【8/29.30出勤】【Iカップ】【秋葉原】焦らしの美学に完敗！プロの脚本で堕ちる「鏡越しの背徳ANR」と至福のPZ(パイズリ)フィニッシュ #8/29,8/30 #東京都内",0,0,0,0.0,610
2026-08-24,1797226,"【8/25.29出勤】【Fカップ】【北千住】ギャル系美人の無課金GHR！紙パンツなし超密着に狂う至高の体験記 #8/25,8/29 #東京都内",1,1,0,0.0,86
2026-08-24,1797257,"【8/26.27.28出勤】【Hカップ】【恵比寿】神乳PZで絶頂！小柄可愛い巨乳美女の極上マイクロビキニ密着と至高のフィニッシュ体験記 #8/26,8/27,8/28 #東京都内",1,1,0,0.0,60
2026-08-24,1797247,【8/20出勤】【Hカップ】【三軒茶屋】天然Gカップロリ体型美女と本番！ふわふわマシュマロ密着に狂うGHR体験記,0,0,0,0.0,2
2026-08-24,1780542,"【8/24.25.27出勤】【Hカップ】【新宿】神乳PZで絶頂！天然Hカップ美女の透けビキニ密着と至高のフィニッシュ体験記 #8/24,8/25,8/27 #東京都内",1,1,0,0.0,51
2026-08-24,1654034,【8/22出勤】【Fカップ】【武蔵小杉】有村架純似の可憐な美女と溺れる「主導権剥奪」の100分…最後は理性を超える初回本番GHRフィニッシュ！,0,0,0,0.0,213
2026-08-24,1708856,"【8/25.27出勤】【Dカップ】【麻布】清楚系美女の本番とMBからはみ出す両CKBに溺れる至高のGHR体験記 #8/25,8/27 #東京都内",0,0,0,0.0,76
2026-08-24,1642392,"【8/26.27出勤】【Gカップ】【秋葉原】甘えたがり必見!!高身長Hカプお姉さんのお◯ぱい密着天国からのPZ(パイズリ)フィニッシュ！ #8/26,8/27 #東京都内",0,0,0,0.0,258
2026-08-24,1755449,"【8/25.29.30出勤】【Hカップ】【五反田】伝説級の超マシュマロ巨乳PZ！漫画スタイルの爆乳に溺れる至高のフィニッシュ体験記 #8/25,8/29,8/30 #東京都内",1,1,0,0.0,205
2026-08-24,1662528,"【8/25.26.28出勤】【Gカップ】【新宿】金額交渉で堕ちる「生の温もり」！密着オイルから不意打ちの絶品F、そして衝撃の初回本番HRフィニッシュへ！ #8/25,8/26,8/28 #東京都内",1,1,0,0.0,59
2026-08-24,1788140,"【8/26.27.28出勤】【Fカップ】【恵比寿】本番解禁！パネマジなし綺麗系美女の天然巨乳に溺れる至高のGHR体験記 #8/26,8/27,8/28 #東京都内",1,1,0,0.0,46
2026-08-24,1662554,"【8/24.28.30出勤】【Gカップ】【中野】高身長スレンダー×天然ロケットπ開始30分で理性が決壊！細身の体に宿る巨乳の衝撃と、禁断の初回NSフィニッシュ体験記！ #8/24,8/28,8/30 #東京都内",0,0,0,0.0,170
2026-08-24,1764682,【8/28出勤】【Gカップ】【 大宮】Gカップ美女のMBはみ出し密着と至高のPZパイズリフィニッシュ体験記 #8/28 #埼玉,2,2,0,0.0,81
2026-08-24,1599734,"【8/24.26.28出勤】【Gカップ】【新宿】初回で合体まで至った至福の本番HR体験記「このGカップ、本物だ…」若さ弾ける爆乳美女の神対応。 #8/24,8/26,8/28 #東京都内",0,0,0,0.0,182
2026-08-24,1655143,"【8/26.28出勤】【Fカップ】【横浜】隠れ家で堕ちる「脱衣プレイ」とNBRの誘惑…至近距離で見つめられ搾り取られる極上PZ(パイズリ)の衝撃！ #8/26,8/28 #神奈川",0,0,0,0.0,187
2026-08-24,1678781,【7/4出勤】【Gカップ】【船橋】生乳爆乳PZ解禁。色白美肌美女と悪戯な囁きに溺れる至高のフィニッシュ体験記 #千葉,0,0,0,0.0,252
2026-08-24,1708852,"【8/27.28出勤】【Fカップ】【麻布】NN解禁！クール系美女の「生挿入中出し」と、神スタイルに溺れる至高のフィニッシュ体験記 #8/27,8/28 #東京都内",0,0,0,0.0,71
2026-08-24,1653916,【8/22出勤】【Gカップ】【新宿】ロシア系クォーターの至高ボディ！爆揺れ巨乳に埋もれる「魔性の69」と絶品PZ(パイズリ)フィニッシュ,1,1,0,0.0,156
2026-08-24,1754547,"【8/24.26出勤】【Eカップ】【新宿】本番解禁！猫顔スレンダー美女の「名器中出し」と、関西弁の甘い誘惑に溺れる至高のGHR体験記 #8/24,8/26 #東京都内",0,0,0,0.0,52
2026-08-24,1650404,【8/29出勤】【Fカップ】【新宿】「特別コースですから…♥」橋本マナミ風お姉さんの透け衣装誘惑。ムチムチFカップと溶け合う初回PZ(パイズリ)による至福の夜 #8/29 #東京都内,0,0,0,0.0,131
2026-08-24,1654061,【6/26出勤】【Fカップ】【相模大野】メジャーアイドル級美女と溺れる「KPなし」の密着洗体…最後はG着用で果てる禁断の絶頂本番HR体験！,0,0,0,0.0,142
2026-08-24,1710810,"【8/24.25.26出勤】【Gカップ】【新宿】乃木坂系美女と密着本番HR。アニメ級の爆乳に溺れる、至高のGHRフィニッシュ体験記 #8/24,8/25,8/26 #東京都内",0,0,0,0.0,57
2026-08-24,1655253,【8/29出勤】【Gカップ】【新宿】コスプレ級美女と堕ちる「禁断の本番」！溢れ出す爆乳おっぱいスタンプと、本番GHRの積極的な誘いに理性が溶ける至福の90分！ #8/29 #東京都内,0,0,0,0.0,52
2026-08-24,1668275,【8/26出勤】【Fカップ】【新宿】九州出身セクシー美女の「おっとり吐息」と名器に溺れる、至高の初回本番GHRフィニッシュ体験記 #8/26 #東京都内,0,0,0,0.0,42
2026-08-24,1663737,【8/22出勤】【Gカップ】【新宿】本番解禁！福原遥似の美少女とGHR。お椀型巨乳とヌルヌル密着オイルに溺れる至高のフィニッシュ体験記,0,0,0,0.0,46
2026-08-24,1657099,都内出勤カレンダー,2,2,0,0.0,435
2026-08-24,1657105,埼玉県(大宮)出勤カレンダー,1,1,0,0.0,185
2026-08-24,1657104,横浜周辺出勤カレンダー,0,0,0,0.0,158
2026-08-24,1657101,多摩(吉祥寺)周辺カレンダー,0,0,0,0.0,147
2026-08-24,1648133,【4/3.5出勤】【Gカップ】【田町】【PZ】20歳のふわっふわH乳によるグラインドPZ(パイズリ)でSKR #東京都内,1,1,0,0.0,95
2026-08-25,1823559,【8/26.27.29出勤】【Fカップ】【秋葉原】ハーフモデル美女神乳PZで絶頂！細身Gカップ密着とスリット全開体験記,0,0,0,0.0,0
2026-08-25,1599734,"【8/24.26.28出勤】【Gカップ】【新宿】初回で合体まで至った至福の本番HR体験記「このGカップ、本物だ…」若さ弾ける爆乳美女の神対応。 #8/24,8/26,8/28 #本日出勤 #東京都内",0,0,0,0.0,185
2026-08-25,1780542,"【8/24.25.27出勤】【Hカップ】【新宿】神乳PZで絶頂！天然Hカップ美女の透けビキニ密着と至高のフィニッシュ体験記 #8/24,8/25,8/27 #本日出勤 #東京都内",0,0,0,0.0,52
2026-08-25,1802001,"【8/24.25.26出勤】【Kカップ】【池袋】Kカップお姉さん美女のMB密着と爆乳PZフィニッシュ体験記 #8/24,8/25,8/26 #本日出勤 #東京都内",0,0,0,0.0,54
2026-08-25,1662507,"【8/24.26.27出勤】【Gカップ】【五反田】金額交渉なしの神展開！「今日は特別だよ…♥」と囁かれ、生の温もりに溺れた至高の初回生挿入NS体験記！ #8/24,8/26,8/27 #本日出勤 #東京都内",1,1,0,0.0,434
2026-08-25,1655259,"【8/24.26出勤】【Eカップ】【新宿】至高のPZで悶絶！柔らか巨乳の密着スタンプと「もう1回できる？」と囁かれる悦楽 #8/24,8/26 #本日出勤 #東京都内",1,1,0,0.0,173
2026-08-25,1677586,"【8/24.28出勤】【Gカップ】【大宮】初回本番解禁！新人美女の「初めてのin」と、重力に抗えない爆乳に溺れる。至高のGHRフィニッシュ体験記 #8/24,8/28 #本日出勤 #埼玉",0,0,0,0.0,216
2026-08-25,1754553,"【8/24.26.27出勤】【Hカップ】【登戸】神乳PZで絶頂！細身巨乳美女の「 naked密着」と、鏡越しprprに溺れる至高のフィニッシュ体験記 #8/24,8/26,8/27 #本日出勤",0,0,0,0.0,169
2026-08-25,1640011,"【8/24.25.27出勤】【Gカップ】【池袋】池田エライザ似の爆乳美女と初回から「禁断の中出しNN合体」！深夜枠で溺れた、むっちりマシュマロボディの誘惑 #8/24,8/25,8/27 #本日出勤 #東京都内",4,4,0,0.0,503
2026-08-25,1754531,"【8/24.25.26出勤】【Gカップ】【赤坂】驚愕の神乳PZ！林ゆめ似の超絶スレンダー巨乳と、ゼロ距離密着に理性が溶ける体験記 #8/24,8/25,8/26 #本日出勤 #東京都内",1,1,0,0.0,317
2026-08-25,1656105,"【8/24.26出勤】【Fカップ】【大宮】密着オイル攻めの果てに迎えた、衝撃の初回本番HRフィニッシュ！ #8/24,8/26 #本日出勤 #埼玉",0,0,0,0.0,470
2026-08-25,1683635,"【8/24.25.26出勤】【Eカップ】【登戸/溝の口】色白スレンダー美女の「超絶NF奉仕」と、上に跨り繋がる至高のGHR体験記 #8/24,8/25,8/26 #本日出勤",0,0,0,0.0,320
2026-08-25,1677621,"【8/24.25.26出勤】【Gカップ】【浦和】禁断のモロ出し。Gカップ美女の「生乳PZ」と、吐息が重なる濃厚フィニッシュ体験記 #8/24,8/25,8/26 #本日出勤 #埼玉",0,0,0,0.0,389
2026-08-25,1651485,"【8/24.25.26出勤】【Gカップ】【登戸】初回から「ねぇ、もう一回しよ♥」極上Gカップに溺れる本番NS二回転フィニッシュ #8/24,8/25,8/26 #本日出勤",0,0,0,0.0,346
2026-08-25,1710821,"【8/24.26.27出勤】【Gカップ】【新宿】元グラドルのH超え爆乳と「２回戦本番HR」に壊される、支配的な至高の体験記 #8/24,8/26,8/27 #本日出勤 #東京都内",0,0,0,0.0,336
2026-08-25,1655202,"【8/24.25.27出勤】【Gカップ】【横浜】初回極上PZの衝撃！初回から弾力MAXのOPIスタンプと禁断の密着洗体…NPの誘惑に搾り取られるPZフィニッシュ #8/24,8/25,8/27 #本日出勤 #神奈川",1,1,0,0.0,487
2026-08-25,1798255,"【8/28.29.30出勤】【Gカップ】【津田沼】むちむちボブ美女AN密着に狂う本番GHR体験記 #8/28,8/29,8/30 #千葉",3,3,0,0.0,176
2026-08-25,1639983,"【8/24.27.28出勤】【Gカップ】【中野】初回から巨乳ギャルのフルスロットルの寛容度。生Fからの「最後どうする？」で本番GHR。 #8/24,8/27,8/28 #本日出勤 #東京都内",2,2,0,0.0,579
2026-08-25,1656283,"【8/24.25出勤】【Fカップ】【調布】清楚な顔立ちに潜む、驚愕の「名器」と感度…理性が決壊する交渉の末、生の温もりに溺れた至高の初回本番HR体験記！ #8/24,8/25 #本日出勤",2,2,0,0.0,487
2026-08-25,1667095,"【8/24.25.28出勤】【Fカップ】【関内】初回から理性が決壊する一線越え。本格派美女の「お口で装着」と名器の締め付けに溺れた至高のGHRフィニッシュ体験記 #8/24,8/25,8/28 #本日出勤 #神奈川",7,7,0,0.0,676
2026-08-25,1798265,"【8/24.25.26出勤】【Hカップ】【流山おおたかの森】極上神乳PZで絶頂！過去一柔らかい天然Hカップ美女の超密着パイズリ体験記 #8/24,8/25,8/26 #本日出勤 #千葉",4,4,0,0.0,162
2026-08-25,1780559,"【8/24.25.26出勤】【Fカップ】【池袋】生ハメNNで絶頂！リアルアイドル顔美女の超濃厚ヌルヌル密着と至高のNN体験記 #8/24,8/25,8/26 #本日出勤 #東京都内",3,3,0,0.0,152
2026-08-25,1601302,"【8/24.25.26出勤】【Hカップ】【恵比寿】初回から「ちゃんと着けるから、挿れてもいい？♥」淫らな聖女の逆指名。現役看護師と堕ちる、ヌルヌル密着の絶頂本番HR #8/24,8/25,8/26 #本日出勤 #東京都内",7,7,0,0.0,839
2026-08-25,1667110,"【8/24.27出勤】【Fカップ】【武蔵小杉】境界線を超えた密着。グラビア級美女の「おっとり吐息」と名器に溺れる、至高の初回本番GHRフィニッシュ体験記 #8/24,8/27 #本日出勤 #神奈川",7,7,0,0.0,334
2026-08-25,1677604,"【8/24.26出勤】【Fカップ】【赤羽】「アニメ声」たぬき顔美女と初回本番解禁！密着マッサージに溺れる至高のGHRフィニッシュ体験記 #8/24,8/26 #本日出勤 #埼玉",5,5,0,0.0,554
2026-08-25,1761541,"【8/24.25.26出勤】【Gカップ】【品川】驚愕の神乳PZ！清楚系お姉さんの「naked密着」と、ゼロ距離奉仕に理性が溶ける体験記 #8/24,8/25,8/26 #本日出勤 #東京都内",6,6,0,0.0,175
2026-08-25,1762949,"【8/24.25.26出勤出勤】【Gカップ】【本厚木】HP通り可愛い美女のと一緒に入る泡洗体に溺れる至高の本番GHR体験記 #8/24,8/25,8/26 #本日出勤 #神奈川",7,7,0,0.0,349
2026-08-25,1798245,【8/29出勤】【Iカップ】【南流山/流山おおたかの森】爆乳JD美女と本番解禁！オイルパイ挟みに狂うGHR体験記 #8/29 #千葉,5,5,0,0.0,138
2026-08-25,1662519,"【8/27.28.29出勤】【Iカップ】【北千住】爆乳と「爆裂美尻」の衝撃！理性を溶かす密着オイルから、生の熱量に溺れた至高の初回本番HR体験記！ #8/27,8/28,8/29 #東京都内",12,12,0,0.0,354
2026-08-25,1820244,【8/23出勤】【Fカップ】【国分寺】美くびれ巨乳美女と本番解禁！長い爪フェザー密着GHR体験記 #8/23,3,3,0,0.0,81
2026-08-25,1788175,"【8/27.28.29出勤】【Fカップ】【練馬】本番解禁！YouTuberかすちゃん似美女のおっぱい密着に狂うGHR体験記 #8/27,8/28,8/29 #東京都内",5,5,0,0.0,103
2026-08-25,1653910,"【8/24.25.26出勤】【Fカップ】【新宿】お風呂屋超えの濃厚PZ(パイズリ)！Fカップ美乳嬢と溺れる「寸止め地獄」と「密着DKフィニッシュ」 #8/24,8/25,8/26 #東京都内",1,1,0,0.0,195
2026-08-25,1663730,"【8/24.26出勤】【Gカップ】【新宿】現役AV女優と禁断の初回本番GHR！熟練タイ古式と爆乳に搾り取られる、新宿の至高フィニッシュ体験記！ #8/24,8/26 #東京都内",1,1,0,0.0,139
2026-08-25,1673756,"【8/26.28出勤】【Fカップ】【大宮】爆乳解禁！追加なしの極上PZ。至高の肉感と密着ハグに溺れるパイズリフィニッシュ体験記 #8/26,8/28 #埼玉",1,1,0,0.0,224
2026-08-25,1683671,"【8/28.29出勤】【Eカップ】【大宮】AV女優黒川すみれ似美女の「生乳PZ」と、Sっ気溢れる言葉責めに溺れる至高の体験記 #8/28,8/29 #埼玉",0,0,0,0.0,239
2026-08-25,1710833,"【8/26.27.30出勤】【Fカップ】【中目黒】清楚系美女の溢れるFカップ爆乳に溺れる至高の本番GHR体験記 #8/26,8/27,8/30 #東京都内",4,4,0,0.0,227
2026-08-25,1623774,"【8/25.26.27出勤】【Jカップ】【池袋】「時間があるなら2回でもいいよ♥」初回からJカップ爆乳美女の神対応。無料パイズリPZの快感に溺れた、高身長元キャバ嬢との夜 #8/25,8/26,8/27 #東京都内",5,5,0,0.0,1002
2026-08-25,1794515,"【8/25.26出勤】【Jカップ】【大宮】地雷系むちむち美女本番解禁！トップレス密着に狂うGHR体験記 #8/25,8/26 #埼玉",3,3,0,0.0,128
2026-08-25,1656212,"【8/24.25.26出勤】【Jカップ】【吉祥寺】視界を塞ぐ爆乳の壁！ソファーでの密着ハグから搾り取られる、至高のPZ(パイズリ)フィニッシュ体験記！ #8/24,8/25,8/26",1,1,0,0.0,541
2026-08-25,1656219,"【8/24.25.26出勤】【Fカップ】【吉祥寺】初回から濃厚PZ(パイズリ)から搾り取られる、至高の本番HRフィニッシュ！Gカップに溺れる「密着ソファー」の誘惑 #8/24,8/25,8/26",2,2,0,0.0,446
2026-08-25,1653925,"【8/24.25.27出勤】【Fカップ】【新宿】初回から現役JDと濃厚DK＆生本番級GHR！スベスベ美肌の妹系美女と溺れる超密着PZの衝撃！#本日出勤 #8/24,8/25,8/27 #東京都内",1,1,0,0.0,348
2026-08-25,1668292,"【8/26.27.29出勤】【Iカップ】【新宿】爆乳解禁。清楚系アイドル美女の「生乳PZ」と、理性を奪う中出し。至高のフィニッシュ体験記 #8/26,8/27,8/29 #東京都内",0,0,0,0.0,204
2026-08-25,1824707,"【8/24.25.27出勤】【Gカップ】【大和】白ギャル系の巨乳神乳PZで絶頂！全裸密着とロケット巨乳パイズリ体験記 #8/24,8/25,8/27 #本日出勤 #神奈川",13,13,0,0.0,25
2026-08-25,1655185,【8/27出勤】【Gカップ】【横浜】癒し系お姉さんの「隠しきれないHカップ」に悶絶！密着オイルから搾り取られる、至高のPZ(パイズリ)フィニッシュ体験記 #8/27 #神奈川,0,0,0,0.0,632
2026-08-25,1656054,"【8/27.28出勤】【Jカップ】【大宮】初回から至高の本番NS生挿入！視界を覆う爆乳スタンプ…合意の上で堕ちた締まりに悶絶体験記 #8/27,8/28 #埼玉",2,2,0,0.0,657
2026-08-25,1597345,"【8/25.26出勤】【Iカップ】【品川】高身長ムチムチ聖母の「生OPI」洗礼！SKSK衣装から溢れる爆乳PZ(パイズリ)体験記 #8/25,8/26 #東京都内",1,1,0,0.0,1038
2026-08-25,1754540,"【8/25.26.28出勤】【Hカップ】【新宿】驚愕の爆乳PZ！清楚系色白スレンダー美女のゼロ距離密着と、脳がとろける至高の体験記 #8/25,8/26,8/28 #東京都内",0,0,0,0.0,120
2026-08-25,1828751,"【8/27.28.29出勤】【Fカップ】【成増】小動物系Fカップ美女と本番解禁！透け衣装密着GHR体験記 #8/27,8/28,8/29 #東京都内",6,6,0,0.0,15
2026-08-25,1828755,【8/27出勤】【Hカップ】【恵比寿】生挿入NS解禁！爆乳美女の生フェラ密着NS体験記 #8/27 #東京都内,4,4,0,0.0,29
2026-08-25,1824723,"【8/26.27.28出勤】【Hカップ】【溝の口】小柄むっちり巨乳美女の神乳PZで絶頂！トップレス密着と顔面胸スタンプ体験記 #8/26,8/27,8/28 #神奈川",4,4,0,0.0,32
2026-08-25,1802007,"【8/24.26.28出勤】【Fカップ】【中野】現役学生の高身長童顔美女と楽しむ至高の本番GHR体験記 #8/24,8/26,8/28 #本日出勤 #東京都内",2,2,0,0.0,23
2026-08-25,1639998,"【8/25.28出勤】【Kカップ】【銀座】揉みごたえ充分の巨乳は感度も抜群！ ふわふわおっ杯で濃厚密着PZ(パイズリ) #8/25,8/28 #東京都内",1,1,0,0.0,768
2026-08-25,1761543,"【8/26.28.30出勤】【Eカップ】【中野】本番解禁！高身長Fカップ女子大生の「数の子天井ナカ出し」とSPPN密着に溺れる至高のGHR体験記 #8/26,8/28,8/30 #東京都内",0,0,0,0.0,132
2026-08-25,1683683,"【8/24.25.27出勤】【Gカップ】【横浜】洗体アシストで悶絶。巨乳美女の「生乳PZ」と、密着バックご奉仕に溺れる至高のフィニッシュ体験記 #8/24,8/25,8/27 #本日出勤 #神奈川",2,2,0,0.0,303
2026-08-25,1823574,"【8/25.27.28出勤】【Gカップ】【秋葉原】生挿入NS解禁！小顔くびれ美巨乳美女の生中出し濃厚DKS体験記 #8/25,8/27,8/28 #東京都内",1,1,0,0.0,24
2026-08-25,1663765,【8/29出勤】【Hカップ】【新宿】初回中出しNN解禁！沖縄出身ギャルと生in。至高の美ボディと「密着中出し」に溺れる、新宿の禁断生挿入フィニッシュ体験記 #8/29 #東京都内,0,0,0,0.0,133
2026-08-25,1668882,"【8/25.27出勤】【Gカップ】【錦糸町】初回本番解禁！ムチムチ美女の「名器の締め付け」と、MBから溢れる巨乳に溺れる。至高のGHRフィニッシュ体験記 #8/25,8/27 #東京都内",1,1,0,0.0,513
2026-08-25,1771375,【8/30出勤】【Gカップ】【恵比寿】天然Gカップ美女のとZNR洗体に溺れる至高のGHR体験記 #8/30 #東京都内,0,0,0,0.0,41
2026-08-25,1683650,【8/25出勤】【Hカップ】【浦和】NN解禁！爆乳美女への「生挿入中出し」と溢れるデカ尻に溺れる至高の体験記 #8/25 #埼玉,3,3,0,0.0,475
2026-08-25,1663754,"【8/24.25.26出勤】【Gカップ】【新宿】初回から境界線を超えた超密着！JD美女と溶け合う「生感覚」の衝撃。極上本番HRフィニッシュ #8/24,8/25,8/26 #東京都内",0,0,0,0.0,144
2026-08-25,1823563,【8/21出勤】【Gカップ】【秋葉原】19歳ハーフ系Gカップ美女と本番解禁！騎乗位密着GHR体験記 #東京都内,2,2,0,0.0,35
2026-08-25,1823572,【8/21出勤】【Hカップ】【秋葉原】生挿入NS解禁！色白グラマー巨乳美女と全裸密着NS体験記 #東京都内,0,0,0,0.0,23
2026-08-25,1662542,"【8/26.29出勤】【Eカップ】【横浜】至福の初回NS生本番挿入！お腹への発射で締める、最高級の「パコ姫」ホスピタリティ体験記！ #8/26,8/29 #神奈川",0,0,0,0.0,176
2026-08-25,1817054,"【8/24.26.28出勤】【Fカップ】【武蔵小杉】本番解禁！たぬき顔美女の盛MN密着GHR体験記 #8/24,8/26,8/28 #本日出勤 #神奈川",0,0,0,0.0,60
2026-08-25,1656071,"【8/26.28.29出勤】【Dカップ】【大宮】パフィーニップルの誘惑とSPPN密着！理性が吹き飛ぶ「NS生挿入」フィニッシュ体験記！ #8/26,8/28,8/29 #埼玉",1,1,0,0.0,401
2026-08-25,1667106,【8/27出勤】【Fカップ】【厚木】初回で理性が決壊。有村架純似Fカップ美女の吐息と「ツルツル秘部」に溺れた至高の本番GHRフィニッシュ体験記 #8/27 #神奈川,0,0,0,0.0,363
2026-08-25,1623796,"【8/24.26.28出勤】【Fカップ】【中野】「あとで脱がせる方がERいでしょ♥」Fカップ清楚系セラピストと堕ちる、濃厚DK＆背徳の初回本番NS90分 #8/24,8/26,8/28 #本日出勤 #東京都内",0,0,0,0.0,351
2026-08-25,1762959,"【8/24.28出勤】【Fカップ】【綱島】神乳PZで絶頂！エロ可愛いムッチリ巨乳のマイクロビキニ密着と至高のフィニッシュ体験記 #8/24,8/28 #本日出勤 #神奈川",1,1,0,0.0,133
2026-08-25,1820272,【8/27出勤】【Jカップ】【秋葉原】爆乳ゆるふわ美女の神乳PZで絶頂！MB密着と顔面埋まり体験記 #8/27 #東京都内,0,0,0,0.0,37
2026-08-25,1817046,"【8/27.28出勤】【Hカップ】【武蔵小杉】生のまま中出し解禁！美形細身巨乳美女の全裸密着と生本番NNフィニッシュ体験記 #8/27,8/28 #神奈川",0,0,0,0.0,92
2026-08-25,1710842,【8/25出勤】【Gカップ】【恵比寿】ゴマキ似ギャル美女と本番解禁！スレンダー巨乳に溺れる至高のGHR体験記 #8/25 #東京都内,0,0,0,0.0,338
2026-08-25,1761550,【8/24出勤】【Gカップ】【中野】本番解禁！柏木由紀似OLと一緒に入る泡洗体に溺れる至高のGHR体験記 #8/24 #本日出勤 #東京都内,1,1,0,0.0,77
2026-08-25,1762946,"【8/24.29出勤】【Hカップ】【横浜】170cmの48Kgスーパーモデル級美人のKP剥ぎ取り密着に狂う本番GHR体験記 #8/24,8/29 #本日出勤 #神奈川",0,0,0,0.0,114
2026-08-25,1822419,"【8/26.27.28出勤】【Jカップ】【新宿】神乳PZで絶頂！Jカップ美女MB密着と未体験の極圧パイズリ体験記 #8/26,8/27,8/28 #東京都内",0,0,0,0.0,14
2026-08-25,1823553,"【8/25.26.27出勤】【Gカップ】【秋葉原】低身長ロリ巨乳美女と本番解禁！トップレス密着GHR体験記 #8/25,8/26,8/27 #東京都内",3,3,0,0.0,56
2026-08-25,1653899,"【8/24.26.27出勤】【Gカップ】【新宿】スレンダーな腰に「上向き巨乳」の奇跡…職場のマドンナ似との密着PZ(パイズリ) #8/24,8/26,8/27 #東京都内",0,0,0,0.0,245
2026-08-25,1822402,"【8/25.30出勤】【Gカップ】【登戸】色白小顔ギャル美女と本番解禁！一緒シャワー全裸密着GHR体験記 #8/25,8/30",0,0,0,0.0,16
2026-08-25,1822409,【8/18出勤】【Fカップ】【恵比寿】神乳綺麗系お姉さんのMB密着と至高のパイズリ体験記 #東京都内,1,1,0,0.0,43
2026-08-25,1821353,【8/22出勤】【Fカップ】【渋谷】モデル級スレンダー巨乳美女と本番解禁！顔面胸乗せ密着GHR体験記 #東京都内,0,0,0,0.0,34
2026-08-25,1662532,【8/16出勤】【Hカップ】【吉祥寺】クラスの可愛い子と「恋人気分」！水袋のような弾力のHカップで搾り取られる、至高のPZ(パイズリ)フィニッシュ体験記！,0,0,0,0.0,129
2026-08-25,1656126,【8/28出勤】【Gカップ】【大宮】「ムチふわ爆乳」の誘惑…おっぱいスタンプから搾り取られる、至高のPZ(パイズリ)フィニッシュ体験記！ #8/28 #埼玉,1,1,0,0.0,157
2026-08-25,1821346,【8/20出勤】【Fカップ】【渋谷】神乳美女の紐MB密着と至高のパイズリ体験記 #東京都内,0,0,0,0.0,42
2026-08-25,1820251,【8/28出勤】【Hカップ】【恵比寿】巨乳大学生美女と本番解禁！MB密着GHR体験記 #8/28 #東京都内,1,1,0,0.0,56
2026-08-25,1817000,"【8/24.25.26出勤】【Eカップ】【笹塚】爆乳美女の無課金生外だしと全裸お触り密着に狂う体験記 #8/24,8/25,8/26 #本日出勤 #東京都内",1,1,0,0.0,62
2026-08-25,1820247,"【8/26.29出勤】【Hカップ】【新宿】グラマラス爆乳美女と本番解禁！TL密着GHR体験記 #8/26,8/29 #東京都内",0,0,0,0.0,15
2026-08-25,1656086,"【8/28.29出勤】【Iカップ】【大宮】神スタイルと初回NSの悦楽！AI超えの美体と堕ちる「生の温もり」…2回戦連続フィニッシュ #8/28,8/29 #埼玉",0,0,0,0.0,479
2026-08-25,1708502,"【8/24.25.26出勤】【Gカップ】【新宿】本番解禁！白川理桜似のGカップ美女と「密着中出し」。理性を焼き切る至高のGHR体験記 #8/24,8/25,8/26 #東京都内",0,0,0,0.0,69
2026-08-25,1788157,"【8/26.27出勤】【Gカップ】【吉祥寺】本番解禁！HP通り美人なムッチリ巨乳と密着69に理性が溶けるGHR体験記 #8/26,8/27",0,0,0,0.0,39
2026-08-25,1761532,"【8/24.26.27出勤】【Gカップ】【渋谷】本番解禁！現役女子大生のとSPPNで絡み合う至高のGHR体験記 #8/24,8/26,8/27 #本日出勤 #東京都内",1,1,0,0.0,115
2026-08-25,1817022,"【8/25.26.27出勤】【Fカップ】【新宿】池田エライザ似ハーフ美女のTL密着と至高のPZフィニッシュ体験記 #8/25,8/26,8/27 #東京都内",0,0,0,0.0,15
2026-08-25,1817029,"【8/24.27.28出勤】【Fカップ】【赤坂】ツルスベ巨乳美女のSPPN全裸密着と怒涛のPZフィニッシュ体験記 #8/24,8/27,8/28 #本日出勤 #東京都内",1,1,0,0.0,64
2026-08-25,1683630,"【8/25.29出勤】【Fカップ】【荻窪】22歳Fカップ美女の「名器の締め付け」と爆乳密着に溺れる至高の初回GHRフィニッシュ体験記 #8/25,8/29",0,0,0,0.0,209
2026-08-25,1656118,"【8/25.26.28出勤】【Gカップ】【大宮】初回から巨乳MBのPZ多幸感！密着オイルで理性を溶かし、巨大な肉圧で搾り取られる至高の快楽 #8/25,8/26,8/28 #埼玉",1,1,0,0.0,227
2026-08-25,1817039,【8/26出勤】【Iカップ】【本厚木】爆乳美女と無課金本番解禁！紙パンツ脱ぎ捨てトロ顔GHR体験記 #8/26 #神奈川,1,1,0,0.0,115
2026-08-25,1817043,"【8/26.27.28出勤】【Jカップ】【藤沢】天然Jカップ巨乳美女がキャミ脱ぎ捨てからの本番GHR体験記 #8/26,8/27,8/28 #神奈川",0,0,0,0.0,58
2026-08-25,1817008,【8/24出勤】【Iカップ】【新宿】神乳PZで絶頂！ハーフ系二重美女の爆乳パイズリと至高の密着体験記 #8/24 #本日出勤 #東京都内,0,0,0,0.0,26
2026-08-25,1817004,"【8/24.26.27出勤】【Gカップ】【新宿】むちむち可愛い系美女のマイクロビキニ密着と神乳PZフィニッシュ体験記 #8/24,8/26,8/27 #本日出勤 #東京都内",0,0,0,0.0,10
2026-08-25,1656274,"【8/26.27出勤】【Fカップ】【登戸】溢れる巨乳Gカップの衝撃！密着オイル攻めから交渉で堕ちた、至高の「生感覚」本番GHRフィニッシュ体験記！ #8/26,8/27",0,0,0,0.0,247
2026-08-25,1780536,【8/29出勤】【Gカップ】【多摩】生ハメNNで絶頂！小顔グラマラス美女の超密着ヌルヌル本番と至高の体験記 #8/29,0,0,0,0.0,90
2026-08-25,1663647,【8/23出勤】【Fカップ】【新宿】新宿の現役学生と初回「生in」中出し！スレンダー美女の絶景と吐息に溺れる至高のフィニッシュ体験記！ #8/23 #東京都内,0,0,0,0.0,82
2026-08-25,1797240,【8/24出勤】【Iカップ】【溝の口】ぱるる系清楚アイドルと本番解禁！新人美巨乳密着に狂うGHR体験記 #8/24 #本日出勤,0,0,0,0.0,38
2026-08-25,1808348,【8/22出勤】【Hカップ】【秋葉原】,0,0,0,0.0,34
2026-08-25,1662490,【8/30出勤】【Lカップ】【秋葉原】視界を覆う「おっぱいスタンプ」から搾り取られるPZ(パイズリ)フィニッシュ体験記！水袋のような超軟乳の至高のPZ(パイズリ)の衝撃！ #8/30 #東京都内,0,0,0,0.0,557
2026-08-25,1664794,【8/24出勤】【Gカップ】【横浜】初回から理性が決壊する一線越え。Gカップ美女の吐息と「名器の締め付け」に溺れた至高のGHRフィニッシュ体験記 #8/24 #本日出勤 #神奈川,1,1,0,0.0,198
2026-08-25,1789466,【8/23出勤】【Hカップ】【海老名】本番解禁！Fカップおっとり美人と生まれたて全裸密着に狂うGHR体験記 #8/23 #神奈川,0,0,0,0.0,80
2026-08-25,1642194,"【8/24.25.26出勤】【Fカップ】【登戸】街で二度見する爆美女と「密着シャワー」の悦楽…初回から奥地まで咥え込む濃厚Fで昇天！ #8/24,8/25,8/26 #本日出勤",0,0,0,0.0,278
2026-08-25,1806934,【8/5出勤】【Hカップ】【西麻布】本番NS解禁！長身スレンダー美女の四つん這い紙パンツちぎりに狂う体験記 #東京都内,0,0,0,0.0,25
2026-08-25,1806911,"【8/24.27.28出勤】【Eカップ】【新宿】ピンク髪スレンダー美女の丸出し密着に狂うGHR体験記 #8/24,8/27,8/28 #本日出勤 #東京都内",0,0,0,0.0,12
2026-08-25,1806940,"【8/24.26.28出勤】【Hカップ】【新宿】グラマラス爆乳美女と膝上乗っかり密着に狂う本番GHR体験記 #8/24,8/26,8/28 #本日出勤 #東京都内",1,1,0,0.0,25
2026-08-25,1771377,"【8/24.25.27出勤】【Iカップ】【秋葉原】爆乳美女のおっぱいポロン密着に狂う本番GHR体験記 #8/24,8/25,8/27 #本日出勤 #東京都内",0,0,0,0.0,80
2026-08-25,1651197,【8/23出勤】【Hカップ】【中野】「手でやらなきゃいいでしょ？」可愛い顔してPZ(パイズリ)で翻弄する小悪魔系美女 #8/23 #東京都内,0,0,0,0.0,184
2026-08-25,1656077,【8/29出勤】【Iカップ】【大宮】おわん型巨乳の重圧と「生」の温もり…感度抜群の地雷系美女と堕ちる、衝撃の初回本番NSフィニッシュ！ #8/29 #埼玉,0,0,0,0.0,176
2026-08-25,1667126,【8/29出勤】【Gカップ】【武蔵小杉】ニコル似Iカップ美女の初回本番「生in」。至高のNSフィニッシュ体験記 #8/29 #神奈川,0,0,0,0.0,151
2026-08-25,1802005,【8/5出勤】【Gカップ】【銀座】人生イチ綺麗なGカップ！福岡美人によるツバ垂らしPZとSPPN密着体験記 #東京都内,1,1,0,0.0,36
2026-08-25,1677614,【7/31出勤】【Fカップ】【浦和】低身長巨乳と密着。色白美肌美女の「生乳PZ」と、耳元への吐息に溺れる至高のフィニッシュ体験記,0,0,0,0.0,226
2026-08-25,1762969,【8/21出勤】【Gカップ】【横浜】神乳PZで絶頂！Gカップアイドル顔美女のマイクロビキニポロリと至高のフィニッシュ体験記 #神奈川,0,0,0,0.0,98
2026-08-25,1598368,"【8/29.30出勤】【Iカップ】【秋葉原】焦らしの美学に完敗！プロの脚本で堕ちる「鏡越しの背徳ANR」と至福のPZ(パイズリ)フィニッシュ #8/29,8/30 #東京都内",0,0,0,0.0,610
2026-08-25,1797226,"【8/25.29出勤】【Fカップ】【北千住】ギャル系美人の無課金GHR！紙パンツなし超密着に狂う至高の体験記 #8/25,8/29 #東京都内",3,3,0,0.0,97
2026-08-25,1797257,"【8/26.27.28出勤】【Hカップ】【恵比寿】神乳PZで絶頂！小柄可愛い巨乳美女の極上マイクロビキニ密着と至高のフィニッシュ体験記 #8/26,8/27,8/28 #東京都内",1,1,0,0.0,60
2026-08-25,1797247,【8/20出勤】【Hカップ】【三軒茶屋】天然Gカップロリ体型美女と本番！ふわふわマシュマロ密着に狂うGHR体験記,0,0,0,0.0,2
2026-08-25,1654034,【8/22出勤】【Fカップ】【武蔵小杉】有村架純似の可憐な美女と溺れる「主導権剥奪」の100分…最後は理性を超える初回本番GHRフィニッシュ！,0,0,0,0.0,214
2026-08-25,1708856,"【8/25.27出勤】【Dカップ】【麻布】清楚系美女の本番とMBからはみ出す両CKBに溺れる至高のGHR体験記 #8/25,8/27 #東京都内",0,0,0,0.0,77
2026-08-25,1642392,"【8/26.27出勤】【Gカップ】【秋葉原】甘えたがり必見!!高身長Hカプお姉さんのお◯ぱい密着天国からのPZ(パイズリ)フィニッシュ！ #8/26,8/27 #東京都内",0,0,0,0.0,258
2026-08-25,1755449,"【8/25.29.30出勤】【Hカップ】【五反田】伝説級の超マシュマロ巨乳PZ！漫画スタイルの爆乳に溺れる至高のフィニッシュ体験記 #8/25,8/29,8/30 #東京都内",1,1,0,0.0,206
2026-08-25,1662528,"【8/25.26.28出勤】【Gカップ】【新宿】金額交渉で堕ちる「生の温もり」！密着オイルから不意打ちの絶品F、そして衝撃の初回本番HRフィニッシュへ！ #8/25,8/26,8/28 #東京都内",0,0,0,0.0,59
2026-08-25,1788140,"【8/26.27.28出勤】【Fカップ】【恵比寿】本番解禁！パネマジなし綺麗系美女の天然巨乳に溺れる至高のGHR体験記 #8/26,8/27,8/28 #東京都内",1,1,0,0.0,46
2026-08-25,1662554,"【8/24.28.30出勤】【Gカップ】【中野】高身長スレンダー×天然ロケットπ開始30分で理性が決壊！細身の体に宿る巨乳の衝撃と、禁断の初回NSフィニッシュ体験記！ #8/24,8/28,8/30 #本日出勤 #東京都内",0,0,0,0.0,170
2026-08-25,1764682,"【8/25.26.28出勤】【Gカップ】【 大宮】Gカップ美女のMBはみ出し密着と至高のPZパイズリフィニッシュ体験記 #8/25,8/26,8/28 #埼玉",0,0,0,0.0,87
2026-08-25,1655143,"【8/26.28出勤】【Fカップ】【横浜】隠れ家で堕ちる「脱衣プレイ」とNBRの誘惑…至近距離で見つめられ搾り取られる極上PZ(パイズリ)の衝撃！ #8/26,8/28 #神奈川",0,0,0,0.0,189
2026-08-25,1678781,【7/4出勤】【Gカップ】【船橋】生乳爆乳PZ解禁。色白美肌美女と悪戯な囁きに溺れる至高のフィニッシュ体験記 #千葉,0,0,0,0.0,252
2026-08-25,1708852,"【8/27.28出勤】【Fカップ】【麻布】NN解禁！クール系美女の「生挿入中出し」と、神スタイルに溺れる至高のフィニッシュ体験記 #8/27,8/28 #東京都内",0,0,0,0.0,71
2026-08-25,1653916,【8/22出勤】【Gカップ】【新宿】ロシア系クォーターの至高ボディ！爆揺れ巨乳に埋もれる「魔性の69」と絶品PZ(パイズリ)フィニッシュ,0,0,0,0.0,156
2026-08-25,1754547,"【8/24.26.30出勤】【Eカップ】【新宿】本番解禁！猫顔スレンダー美女の「名器中出し」と、関西弁の甘い誘惑に溺れる至高のGHR体験記 #8/24,8/26,8/30 #本日出勤 #東京都内",0,0,0,0.0,52
2026-08-25,1650404,【8/29出勤】【Fカップ】【新宿】「特別コースですから…♥」橋本マナミ風お姉さんの透け衣装誘惑。ムチムチFカップと溶け合う初回PZ(パイズリ)による至福の夜 #8/29 #東京都内,0,0,0,0.0,131
2026-08-25,1654061,【6/26出勤】【Fカップ】【相模大野】メジャーアイドル級美女と溺れる「KPなし」の密着洗体…最後はG着用で果てる禁断の絶頂本番HR体験！,0,0,0,0.0,142
2026-08-25,1710810,"【8/24.25.26出勤】【Gカップ】【新宿】乃木坂系美女と密着本番HR。アニメ級の爆乳に溺れる、至高のGHRフィニッシュ体験記 #8/24,8/25,8/26 #東京都内",0,0,0,0.0,57
2026-08-25,1655253,【8/29出勤】【Gカップ】【新宿】コスプレ級美女と堕ちる「禁断の本番」！溢れ出す爆乳おっぱいスタンプと、本番GHRの積極的な誘いに理性が溶ける至福の90分！ #8/29 #東京都内,0,0,0,0.0,52
2026-08-25,1668275,【8/26出勤】【Fカップ】【新宿】九州出身セクシー美女の「おっとり吐息」と名器に溺れる、至高の初回本番GHRフィニッシュ体験記 #8/26 #東京都内,0,0,0,0.0,42
2026-08-25,1663737,【8/22出勤】【Gカップ】【新宿】本番解禁！福原遥似の美少女とGHR。お椀型巨乳とヌルヌル密着オイルに溺れる至高のフィニッシュ体験記,0,0,0,0.0,46
2026-08-25,1657099,都内出勤カレンダー,0,0,0,0.0,436
2026-08-25,1657105,埼玉県(大宮)出勤カレンダー,0,0,0,0.0,192
2026-08-25,1657104,横浜周辺出勤カレンダー,2,2,0,0.0,160
2026-08-25,1657101,多摩(吉祥寺)周辺カレンダー,0,0,0,0.0,147
2026-08-25,1648133,【4/3.5出勤】【Gカップ】【田町】【PZ】20歳のふわっふわH乳によるグラインドPZ(パイズリ)でSKR #東京都内,0,0,0,0.0,96
2026-08-26,1828762,【8/27出勤】【Hカップ】【溝の口】天然H神乳美女のノーブラニット密着PZで絶頂！顔面胸当て体験記,0,0,0,0.0,0
2026-08-26,1798255,"【8/28.29.30出勤】【Gカップ】【津田沼】むちむちボブ美女AN密着に狂う本番GHR体験記 #8/28,8/29,8/30 #千葉",3,3,0,0.0,182
2026-08-26,1798265,"【8/26.29.30出勤】【Hカップ】【流山おおたかの森】極上神乳PZで絶頂！過去一柔らかい天然Hカップ美女の超密着パイズリ体験記 #8/26,8/29,8/30 #千葉",6,6,0,0.0,164
2026-08-26,1642194,【8/26出勤】【Fカップ】【登戸】街で二度見する爆美女と「密着シャワー」の悦楽…初回から奥地まで咥え込む濃厚Fで昇天！ #8/26,0,0,0,0.0,286
2026-08-26,1656118,"【8/26.28出勤】【Gカップ】【大宮】初回から巨乳MBのPZ多幸感！密着オイルで理性を溶かし、巨大な肉圧で搾り取られる至高の快楽 #8/26,8/28 #埼玉",1,1,0,0.0,232
2026-08-26,1663754,"【8/25.26出勤】【Gカップ】【新宿】初回から境界線を超えた超密着！JD美女と溶け合う「生感覚」の衝撃。極上本番HRフィニッシュ #8/25,8/26 #本日出勤 #東京都内",0,0,0,0.0,146
2026-08-26,1683650,【8/29出勤】【Hカップ】【浦和】NN解禁！爆乳美女への「生挿入中出し」と溢れるデカ尻に溺れる至高の体験記 #8/29 #埼玉,3,3,0,0.0,486
2026-08-26,1683683,"【8/27.31出勤】【Gカップ】【横浜】洗体アシストで悶絶。巨乳美女の「生乳PZ」と、密着バックご奉仕に溺れる至高のフィニッシュ体験記 #8/27,8/31 #神奈川",3,3,0,0.0,311
2026-08-26,1639998,【8/28出勤】【Kカップ】【銀座】揉みごたえ充分の巨乳は感度も抜群！ ふわふわおっ杯で濃厚密着PZ(パイズリ) #8/28 #東京都内,2,2,0,0.0,789
2026-08-26,1754540,"【8/26.28.29出勤】【Hカップ】【新宿】驚愕の爆乳PZ！清楚系色白スレンダー美女のゼロ距離密着と、脳がとろける至高の体験記 #8/26,8/28,8/29 #東京都内",2,2,0,0.0,125
2026-08-26,1653925,"【8/27.28.29出勤】【Fカップ】【新宿】初回から現役JDと濃厚DK＆生本番級GHR！スベスベ美肌の妹系美女と溺れる超密着PZの衝撃！#本日出勤 #8/27,8/28,8/29 #東京都内",1,1,0,0.0,355
2026-08-26,1794515,"【8/26.29.30出勤】【Jカップ】【大宮】地雷系むちむち美女本番解禁！トップレス密着に狂うGHR体験記 #8/26,8/29,8/30 #埼玉",1,1,0,0.0,133
2026-08-26,1623774,"【8/26.27.29出勤】【Jカップ】【池袋】「時間があるなら2回でもいいよ♥」初回からJカップ爆乳美女の神対応。無料パイズリPZの快感に溺れた、高身長元キャバ嬢との夜 #8/26,8/27,8/29 #東京都内",1,1,0,0.0,1006
2026-08-26,1653910,"【8/26.27.28出勤】【Fカップ】【新宿】お風呂屋超えの濃厚PZ(パイズリ)！Fカップ美乳嬢と溺れる「寸止め地獄」と「密着DKフィニッシュ」 #8/26,8/27,8/28 #東京都内",0,0,0,0.0,198
2026-08-26,1762949,"【8/26.27出勤出勤】【Gカップ】【本厚木】HP通り可愛い美女のと一緒に入る泡洗体に溺れる至高の本番GHR体験記 #8/26,8/27 #神奈川",8,8,0,0.0,354
2026-08-26,1601302,"【8/26.30出勤】【Hカップ】【恵比寿】初回から「ちゃんと着けるから、挿れてもいい？♥」淫らな聖女の逆指名。現役看護師と堕ちる、ヌルヌル密着の絶頂本番HR #8/26,8/30 #東京都内",4,4,0,0.0,847
2026-08-26,1780559,"【8/26.28.29出勤】【Fカップ】【池袋】生ハメNNで絶頂！リアルアイドル顔美女の超濃厚ヌルヌル密着と至高のNN体験記 #8/26,8/28,8/29 #東京都内",4,4,0,0.0,153
2026-08-26,1667095,"【8/28.29.30出勤】【Fカップ】【関内】初回から理性が決壊する一線越え。本格派美女の「お口で装着」と名器の締め付けに溺れた至高のGHRフィニッシュ体験記 #8/28,8/29,8/30 #神奈川",6,6,0,0.0,682
2026-08-26,1656283,【8/25出勤】【Fカップ】【調布】清楚な顔立ちに潜む、驚愕の「名器」と感度…理性が決壊する交渉の末、生の温もりに溺れた至高の初回本番HR体験記！ #8/25,1,1,0,0.0,494
2026-08-26,1655202,"【8/27.31出勤】【Gカップ】【横浜】初回極上PZの衝撃！初回から弾力MAXのOPIスタンプと禁断の密着洗体…NPの誘惑に搾り取られるPZフィニッシュ #8/27,8/31 #神奈川",3,3,0,0.0,490
2026-08-26,1651485,【8/26出勤】【Gカップ】【登戸】初回から「ねぇ、もう一回しよ♥」極上Gカップに溺れる本番NS二回転フィニッシュ #8/26,1,1,0,0.0,346
2026-08-26,1677621,"【8/26.27出勤】【Gカップ】【浦和】禁断のモロ出し。Gカップ美女の「生乳PZ」と、吐息が重なる濃厚フィニッシュ体験記 #8/26,8/27 #埼玉",3,3,0,0.0,398
2026-08-26,1683635,"【8/26.27.28出勤】【Eカップ】【登戸/溝の口】色白スレンダー美女の「超絶NF奉仕」と、上に跨り繋がる至高のGHR体験記 #8/26,8/27,8/28",0,0,0,0.0,324
2026-08-26,1754531,"【8/26.27出勤】【Gカップ】【赤坂】驚愕の神乳PZ！林ゆめ似の超絶スレンダー巨乳と、ゼロ距離密着に理性が溶ける体験記 #8/26,8/27 #東京都内",3,3,0,0.0,324
2026-08-26,1640011,"【8/27.28.29出勤】【Gカップ】【池袋】池田エライザ似の爆乳美女と初回から「禁断の中出しNN合体」！深夜枠で溺れた、むっちりマシュマロボディの誘惑 #8/27,8/28,8/29 #東京都内",3,3,0,0.0,506
2026-08-26,1802001,"【8/26.27.28出勤】【Kカップ】【池袋】Kカップお姉さん美女のMB密着と爆乳PZフィニッシュ体験記 #8/26,8/27,8/28 #東京都内",3,3,0,0.0,56
2026-08-26,1823559,"【8/26.27.29出勤】【Fカップ】【秋葉原】ハーフモデル美女神乳PZで絶頂！細身Gカップ密着とスリット全開体験記 #8/26,8/27,8/29 #東京都内",0,0,0,0.0,21
2026-08-26,1599734,"【8/26.28.30出勤】【Gカップ】【新宿】初回で合体まで至った至福の本番HR体験記「このGカップ、本物だ…」若さ弾ける爆乳美女の神対応。 #8/26,8/28,8/30 #東京都内",3,3,0,0.0,185
2026-08-26,1780542,"【8/27.28.29出勤】【Hカップ】【新宿】神乳PZで絶頂！天然Hカップ美女の透けビキニ密着と至高のフィニッシュ体験記 #8/27,8/28,8/29 #東京都内",1,1,0,0.0,52
2026-08-26,1662507,"【8/26.27.30出勤】【Gカップ】【五反田】金額交渉なしの神展開！「今日は特別だよ…♥」と囁かれ、生の温もりに溺れた至高の初回生挿入NS体験記！ #8/26,8/27,8/30 #東京都内",6,6,0,0.0,439
2026-08-26,1655259,【8/28出勤】【Eカップ】【新宿】至高のPZで悶絶！柔らか巨乳の密着スタンプと「もう1回できる？」と囁かれる悦楽 #8/28 #東京都内,1,1,0,0.0,173
2026-08-26,1677586,【8/28出勤】【Gカップ】【大宮】初回本番解禁！新人美女の「初めてのin」と、重力に抗えない爆乳に溺れる。至高のGHRフィニッシュ体験記 #8/28 #埼玉,4,4,0,0.0,216
2026-08-26,1754553,"【8/26.27.30出勤】【Hカップ】【登戸】神乳PZで絶頂！細身巨乳美女の「 naked密着」と、鏡越しprprに溺れる至高のフィニッシュ体験記 #8/26,8/27,8/30",0,0,0,0.0,169
2026-08-26,1656105,【8/26出勤】【Fカップ】【大宮】密着オイル攻めの果てに迎えた、衝撃の初回本番HRフィニッシュ！ #8/26 #埼玉,1,1,0,0.0,470
2026-08-26,1710821,"【8/26.27.29出勤】【Gカップ】【新宿】元グラドルのH超え爆乳と「２回戦本番HR」に壊される、支配的な至高の体験記 #8/26,8/27,8/29 #東京都内",4,4,0,0.0,353
2026-08-26,1639983,"【8/27.28.30出勤】【Gカップ】【中野】初回から巨乳ギャルのフルスロットルの寛容度。生Fからの「最後どうする？」で本番GHR。 #8/27,8/28,8/30 #東京都内",3,3,0,0.0,579
2026-08-26,1667110,【8/27出勤】【Fカップ】【武蔵小杉】境界線を超えた密着。グラビア級美女の「おっとり吐息」と名器に溺れる、至高の初回本番GHRフィニッシュ体験記 #8/27 #神奈川,2,2,0,0.0,334
2026-08-26,1677604,【8/26出勤】【Fカップ】【赤羽】「アニメ声」たぬき顔美女と初回本番解禁！密着マッサージに溺れる至高のGHRフィニッシュ体験記 #8/26 #埼玉,4,4,0,0.0,555
2026-08-26,1761541,"【8/26.29出勤】【Gカップ】【品川】驚愕の神乳PZ！清楚系お姉さんの「naked密着」と、ゼロ距離奉仕に理性が溶ける体験記 #8/26,8/29 #東京都内",2,2,0,0.0,175
2026-08-26,1798245,【8/29出勤】【Iカップ】【南流山/流山おおたかの森】爆乳JD美女と本番解禁！オイルパイ挟みに狂うGHR体験記,4,4,0,0.0,138
2026-08-26,1662519,"【8/27.28.29出勤】【Iカップ】【北千住】爆乳と「爆裂美尻」の衝撃！理性を溶かす密着オイルから、生の熱量に溺れた至高の初回本番HR体験記！ #8/27,8/28,8/29 #東京都内",4,4,0,0.0,356
2026-08-26,1820244,【8/23出勤】【Fカップ】【国分寺】美くびれ巨乳美女と本番解禁！長い爪フェザー密着GHR体験記,2,2,0,0.0,83
2026-08-26,1788175,"【8/27.28.29出勤】【Fカップ】【練馬】本番解禁！YouTuberかすちゃん似美女のおっぱい密着に狂うGHR体験記 #8/27,8/28,8/29 #東京都内",2,2,0,0.0,104
2026-08-26,1663730,【8/26出勤】【Gカップ】【新宿】現役AV女優と禁断の初回本番GHR！熟練タイ古式と爆乳に搾り取られる、新宿の至高フィニッシュ体験記！ #8/26 #東京都内,1,1,0,0.0,139
2026-08-26,1673756,"【8/26.28出勤】【Fカップ】【大宮】爆乳解禁！追加なしの極上PZ。至高の肉感と密着ハグに溺れるパイズリフィニッシュ体験記 #8/26,8/28 #埼玉",0,0,0,0.0,224
2026-08-26,1683671,"【8/28.29.30出勤】【Eカップ】【大宮】AV女優黒川すみれ似美女の「生乳PZ」と、Sっ気溢れる言葉責めに溺れる至高の体験記 #8/28,8/29,8/30 #埼玉",1,1,0,0.0,239
2026-08-26,1710833,"【8/27.30出勤】【Fカップ】【中目黒】清楚系美女の溢れるFカップ爆乳に溺れる至高の本番GHR体験記 #8/27,8/30 #東京都内",1,1,0,0.0,229
2026-08-26,1656212,"【8/26.27.28出勤】【Jカップ】【吉祥寺】視界を塞ぐ爆乳の壁！ソファーでの密着ハグから搾り取られる、至高のPZ(パイズリ)フィニッシュ体験記！ #8/26,8/27,8/28",1,1,0,0.0,541
2026-08-26,1656219,"【8/26.28.30出勤】【Fカップ】【吉祥寺】初回から濃厚PZ(パイズリ)から搾り取られる、至高の本番HRフィニッシュ！Gカップに溺れる「密着ソファー」の誘惑 #8/26,8/28,8/30",1,1,0,0.0,446
2026-08-26,1668292,"【8/26.27.29出勤】【Iカップ】【新宿】爆乳解禁。清楚系アイドル美女の「生乳PZ」と、理性を奪う中出し。至高のフィニッシュ体験記 #8/26,8/27,8/29 #東京都内",0,0,0,0.0,205
2026-08-26,1824707,"【8/27.28.30出勤】【Gカップ】【大和】白ギャル系の巨乳神乳PZで絶頂！全裸密着とロケット巨乳パイズリ体験記 #8/27,8/28,8/30 #神奈川",8,8,0,0.0,27
2026-08-26,1655185,"【8/27.30出勤】【Gカップ】【横浜】癒し系お姉さんの「隠しきれないHカップ」に悶絶！密着オイルから搾り取られる、至高のPZ(パイズリ)フィニッシュ体験記 #8/27,8/30 #神奈川",2,2,0,0.0,632
2026-08-26,1656054,"【8/27.28出勤】【Jカップ】【大宮】初回から至高の本番NS生挿入！視界を覆う爆乳スタンプ…合意の上で堕ちた締まりに悶絶体験記 #8/27,8/28 #埼玉",0,0,0,0.0,657
2026-08-26,1597345,"【8/26.29出勤】【Iカップ】【品川】高身長ムチムチ聖母の「生OPI」洗礼！SKSK衣装から溢れる爆乳PZ(パイズリ)体験記 #8/26,8/29 #東京都内",1,1,0,0.0,1039
2026-08-26,1828751,"【8/27.28.29出勤】【Fカップ】【成増】小動物系Fカップ美女と本番解禁！透け衣装密着GHR体験記 #8/27,8/28,8/29 #東京都内",1,1,0,0.0,15
2026-08-26,1828755,【8/27出勤】【Hカップ】【恵比寿】生挿入NS解禁！爆乳美女の生フェラ密着NS体験記 #8/27 #東京都内,0,0,0,0.0,33
2026-08-26,1824723,"【8/26.27.28出勤】【Hカップ】【溝の口】小柄むっちり巨乳美女の神乳PZで絶頂！トップレス密着と顔面胸スタンプ体験記 #8/26,8/27,8/28 #神奈川",2,2,0,0.0,32
2026-08-26,1802007,"【8/26.28.30出勤】【Fカップ】【中野】現役学生の高身長童顔美女と楽しむ至高の本番GHR体験記 #8/26,8/28,8/30 #東京都内",0,0,0,0.0,23
2026-08-26,1761543,"【8/26.28.30出勤】【Eカップ】【中野】本番解禁！高身長Fカップ女子大生の「数の子天井ナカ出し」とSPPN密着に溺れる至高のGHR体験記 #8/26,8/28,8/30 #東京都内",1,1,0,0.0,132
2026-08-26,1823574,"【8/27.28.29出勤】【Gカップ】【秋葉原】生挿入NS解禁！小顔くびれ美巨乳美女の生中出し濃厚DKS体験記 #8/27,8/28,8/29 #東京都内",2,2,0,0.0,28
2026-08-26,1663765,"【8/26.29出勤】【Hカップ】【新宿】初回中出しNN解禁！沖縄出身ギャルと生in。至高の美ボディと「密着中出し」に溺れる、新宿の禁断生挿入フィニッシュ体験記 #8/26,8/29 #東京都内",0,0,0,0.0,133
2026-08-26,1668882,【8/27出勤】【Gカップ】【錦糸町】初回本番解禁！ムチムチ美女の「名器の締め付け」と、MBから溢れる巨乳に溺れる。至高のGHRフィニッシュ体験記 #8/27 #東京都内,1,1,0,0.0,517
2026-08-26,1771375,【8/30出勤】【Gカップ】【恵比寿】天然Gカップ美女のとZNR洗体に溺れる至高のGHR体験記 #8/30 #東京都内,0,0,0,0.0,41
2026-08-26,1823563,【8/30出勤】【Gカップ】【秋葉原】19歳ハーフ系Gカップ美女と本番解禁！騎乗位密着GHR体験記 #8/30 #東京都内,1,1,0,0.0,39
2026-08-26,1823572,【8/21出勤】【Hカップ】【秋葉原】生挿入NS解禁！色白グラマー巨乳美女と全裸密着NS体験記 #東京都内,2,2,0,0.0,24
2026-08-26,1662542,"【8/26.29出勤】【Eカップ】【横浜】至福の初回NS生本番挿入！お腹への発射で締める、最高級の「パコ姫」ホスピタリティ体験記！ #8/26,8/29 #神奈川",0,0,0,0.0,176
2026-08-26,1817054,"【8/26.28.29出勤】【Fカップ】【武蔵小杉】本番解禁！たぬき顔美女の盛MN密着GHR体験記 #8/26,8/28,8/29 #神奈川",0,0,0,0.0,62
2026-08-26,1656071,"【8/26.28.29出勤】【Dカップ】【大宮】パフィーニップルの誘惑とSPPN密着！理性が吹き飛ぶ「NS生挿入」フィニッシュ体験記！ #8/26,8/28,8/29 #埼玉",2,2,0,0.0,401
2026-08-26,1667106,【8/27出勤】【Fカップ】【厚木】初回で理性が決壊。有村架純似Fカップ美女の吐息と「ツルツル秘部」に溺れた至高の本番GHRフィニッシュ体験記 #8/27 #神奈川,1,1,0,0.0,363
2026-08-26,1623796,"【8/26.28.30出勤】【Fカップ】【中野】「あとで脱がせる方がERいでしょ♥」Fカップ清楚系セラピストと堕ちる、濃厚DK＆背徳の初回本番NS90分 #8/26,8/28,8/30 #東京都内",0,0,0,0.0,351
2026-08-26,1762959,【8/28出勤】【Fカップ】【綱島】神乳PZで絶頂！エロ可愛いムッチリ巨乳のマイクロビキニ密着と至高のフィニッシュ体験記 #8/28 #神奈川,1,1,0,0.0,134
2026-08-26,1820272,【8/27出勤】【Jカップ】【秋葉原】爆乳ゆるふわ美女の神乳PZで絶頂！MB密着と顔面埋まり体験記 #8/27 #東京都内,1,1,0,0.0,41
2026-08-26,1817046,"【8/27.28出勤】【Hカップ】【武蔵小杉】生のまま中出し解禁！美形細身巨乳美女の全裸密着と生本番NNフィニッシュ体験記 #8/27,8/28 #神奈川",0,0,0,0.0,98
2026-08-26,1710842,【8/25出勤】【Gカップ】【恵比寿】ゴマキ似ギャル美女と本番解禁！スレンダー巨乳に溺れる至高のGHR体験記 #8/25 #東京都内,2,2,0,0.0,338
2026-08-26,1761550,【8/24出勤】【Gカップ】【中野】本番解禁！柏木由紀似OLと一緒に入る泡洗体に溺れる至高のGHR体験記,0,0,0,0.0,77
2026-08-26,1762946,【8/29出勤】【Hカップ】【横浜】170cmの48Kgスーパーモデル級美人のKP剥ぎ取り密着に狂う本番GHR体験記 #8/29 #神奈川,1,1,0,0.0,114
2026-08-26,1822419,"【8/26.27.28出勤】【Jカップ】【新宿】神乳PZで絶頂！Jカップ美女MB密着と未体験の極圧パイズリ体験記 #8/26,8/27,8/28 #東京都内",0,0,0,0.0,14
2026-08-26,1823553,"【8/26.27.29出勤】【Gカップ】【秋葉原】低身長ロリ巨乳美女と本番解禁！トップレス密着GHR体験記 #8/26,8/27,8/29 #東京都内",2,2,0,0.0,56
2026-08-26,1653899,"【8/26.27.28出勤】【Gカップ】【新宿】スレンダーな腰に「上向き巨乳」の奇跡…職場のマドンナ似との密着PZ(パイズリ) #8/26,8/27,8/28 #東京都内",1,1,0,0.0,245
2026-08-26,1822402,【8/30出勤】【Gカップ】【登戸】色白小顔ギャル美女と本番解禁！一緒シャワー全裸密着GHR体験記 #8/30,1,1,0,0.0,18
2026-08-26,1822409,【8/18出勤】【Fカップ】【恵比寿】神乳綺麗系お姉さんのMB密着と至高のパイズリ体験記 #東京都内,1,1,0,0.0,43
2026-08-26,1821353,【8/22出勤】【Fカップ】【渋谷】モデル級スレンダー巨乳美女と本番解禁！顔面胸乗せ密着GHR体験記 #東京都内,1,1,0,0.0,35
2026-08-26,1662532,【8/16出勤】【Hカップ】【吉祥寺】クラスの可愛い子と「恋人気分」！水袋のような弾力のHカップで搾り取られる、至高のPZ(パイズリ)フィニッシュ体験記！,0,0,0,0.0,129
2026-08-26,1656126,【8/28出勤】【Gカップ】【大宮】「ムチふわ爆乳」の誘惑…おっぱいスタンプから搾り取られる、至高のPZ(パイズリ)フィニッシュ体験記！ #8/28 #埼玉,1,1,0,0.0,158
2026-08-26,1821346,【8/20出勤】【Fカップ】【渋谷】神乳美女の紐MB密着と至高のパイズリ体験記 #東京都内,1,1,0,0.0,43
2026-08-26,1820251,"【8/31 | 9/1出勤】【Hカップ】【恵比寿】巨乳大学生美女と本番解禁！MB密着GHR体験記 #8/31,9/1 #東京都内",1,1,0,0.0,57
2026-08-26,1817000,"【8/26.27.28出勤】【Eカップ】【笹塚】爆乳美女の無課金生外だしと全裸お触り密着に狂う体験記 #8/26,8/27,8/28 #東京都内",0,0,0,0.0,64
2026-08-26,1820247,"【8/26.29出勤】【Hカップ】【新宿】グラマラス爆乳美女と本番解禁！TL密着GHR体験記 #8/26,8/29 #東京都内",0,0,0,0.0,15
2026-08-26,1656086,"【8/28.29出勤】【Iカップ】【大宮】神スタイルと初回NSの悦楽！AI超えの美体と堕ちる「生の温もり」…2回戦連続フィニッシュ #8/28,8/29 #埼玉",1,1,0,0.0,479
2026-08-26,1708502,"【8/26.29.31出勤】【Gカップ】【新宿】本番解禁！白川理桜似のGカップ美女と「密着中出し」。理性を焼き切る至高のGHR体験記 #8/26,8/29,8/31 #東京都内",0,0,0,0.0,69
2026-08-26,1788157,"【8/26.27出勤】【Gカップ】【吉祥寺】本番解禁！HP通り美人なムッチリ巨乳と密着69に理性が溶けるGHR体験記 #8/26,8/27",0,0,0,0.0,39
2026-08-26,1761532,"【8/26.27出勤】【Gカップ】【渋谷】本番解禁！現役女子大生のとSPPNで絡み合う至高のGHR体験記 #8/26,8/27 #東京都内",1,1,0,0.0,115
2026-08-26,1817022,"【8/26.27.30出勤】【Fカップ】【新宿】池田エライザ似ハーフ美女のTL密着と至高のPZフィニッシュ体験記 #8/26,8/27,8/30 #東京都内",0,0,0,0.0,15
2026-08-26,1817029,"【8/27.28出勤】【Fカップ】【赤坂】ツルスベ巨乳美女のSPPN全裸密着と怒涛のPZフィニッシュ体験記 #8/27,8/28 #東京都内",2,2,0,0.0,65
2026-08-26,1683630,【8/29出勤】【Fカップ】【荻窪】22歳Fカップ美女の「名器の締め付け」と爆乳密着に溺れる至高の初回GHRフィニッシュ体験記 #8/29,0,0,0,0.0,209
2026-08-26,1817039,【8/26出勤】【Iカップ】【本厚木】爆乳美女と無課金本番解禁！紙パンツ脱ぎ捨てトロ顔GHR体験記 #8/26 #神奈川,5,5,0,0.0,119
2026-08-26,1817043,"【8/26.27.28出勤】【Jカップ】【藤沢】天然Jカップ巨乳美女がキャミ脱ぎ捨てからの本番GHR体験記 #8/26,8/27,8/28 #神奈川",3,3,0,0.0,58
2026-08-26,1817008,【8/30出勤】【Iカップ】【新宿】神乳PZで絶頂！ハーフ系二重美女の爆乳パイズリと至高の密着体験記 #8/30 #東京都内,0,0,0,0.0,26
2026-08-26,1817004,"【8/26.27.28出勤】【Gカップ】【新宿】むちむち可愛い系美女のマイクロビキニ密着と神乳PZフィニッシュ体験記 #8/26,8/27,8/28 #東京都内",0,0,0,0.0,10
2026-08-26,1656274,"【8/26.27 | 9/3出勤】【Fカップ】【登戸】溢れる巨乳Gカップの衝撃！密着オイル攻めから交渉で堕ちた、至高の「生感覚」本番GHRフィニッシュ体験記！ #8/26,8/27,9/3",0,0,0,0.0,247
2026-08-26,1780536,"【8/29.30出勤】【Gカップ】【多摩】生ハメNNで絶頂！小顔グラマラス美女の超密着ヌルヌル本番と至高の体験記 #8/29,8/30",0,0,0,0.0,90
2026-08-26,1663647,【8/23出勤】【Fカップ】【新宿】新宿の現役学生と初回「生in」中出し！スレンダー美女の絶景と吐息に溺れる至高のフィニッシュ体験記！,0,0,0,0.0,82
2026-08-26,1797240,【8/24出勤】【Iカップ】【溝の口】ぱるる系清楚アイドルと本番解禁！新人美巨乳密着に狂うGHR体験記,0,0,0,0.0,38
2026-08-26,1808348,【8/22出勤】【Hカップ】【秋葉原】,0,0,0,0.0,34
2026-08-26,1662490,"【8/31 | 9/3.4出勤】【Lカップ】【秋葉原】視界を覆う「おっぱいスタンプ」から搾り取られるPZ(パイズリ)フィニッシュ体験記！水袋のような超軟乳の至高のPZ(パイズリ)の衝撃！ #8/31,9/3,9/4 #東京都内",1,1,0,0.0,560
2026-08-26,1664794,【8/27出勤】【Gカップ】【横浜】初回から理性が決壊する一線越え。Gカップ美女の吐息と「名器の締め付け」に溺れた至高のGHRフィニッシュ体験記 #8/27 #神奈川,1,1,0,0.0,198
2026-08-26,1789466,【8/23出勤】【Hカップ】【海老名】本番解禁！Fカップおっとり美人と生まれたて全裸密着に狂うGHR体験記,0,0,0,0.0,80
2026-08-26,1806934,【8/5出勤】【Hカップ】【西麻布】本番NS解禁！長身スレンダー美女の四つん這い紙パンツちぎりに狂う体験記 #東京都内,0,0,0,0.0,26
2026-08-26,1806911,"【8/27.28.29出勤】【Eカップ】【新宿】ピンク髪スレンダー美女の丸出し密着に狂うGHR体験記 #8/27,8/28,8/29 #東京都内",0,0,0,0.0,12
2026-08-26,1806940,"【8/26.28出勤】【Hカップ】【新宿】グラマラス爆乳美女と膝上乗っかり密着に狂う本番GHR体験記 #8/26,8/28 #東京都内",2,2,0,0.0,25
2026-08-26,1771377,"【8/27.30出勤】【Iカップ】【秋葉原】爆乳美女のおっぱいポロン密着に狂う本番GHR体験記 #8/27,8/30 #東京都内",1,1,0,0.0,81
2026-08-26,1651197,【8/23出勤】【Hカップ】【中野】「手でやらなきゃいいでしょ？」可愛い顔してPZ(パイズリ)で翻弄する小悪魔系美女,0,0,0,0.0,184
2026-08-26,1656077,【8/30出勤】【Iカップ】【大宮】おわん型巨乳の重圧と「生」の温もり…感度抜群の地雷系美女と堕ちる、衝撃の初回本番NSフィニッシュ！ #8/30 #埼玉,0,0,0,0.0,176
2026-08-26,1667126,【8/29出勤】【Gカップ】【武蔵小杉】ニコル似Iカップ美女の初回本番「生in」。至高のNSフィニッシュ体験記 #8/29 #神奈川,0,0,0,0.0,151
2026-08-26,1802005,【8/5出勤】【Gカップ】【銀座】人生イチ綺麗なGカップ！福岡美人によるツバ垂らしPZとSPPN密着体験記 #東京都内,0,0,0,0.0,37
2026-08-26,1677614,【7/31出勤】【Fカップ】【浦和】低身長巨乳と密着。色白美肌美女の「生乳PZ」と、耳元への吐息に溺れる至高のフィニッシュ体験記,1,1,0,0.0,226
2026-08-26,1762969,【8/21出勤】【Gカップ】【横浜】神乳PZで絶頂！Gカップアイドル顔美女のマイクロビキニポロリと至高のフィニッシュ体験記 #神奈川,1,1,0,0.0,98
2026-08-26,1598368,"【8/29.30出勤】【Iカップ】【秋葉原】焦らしの美学に完敗！プロの脚本で堕ちる「鏡越しの背徳ANR」と至福のPZ(パイズリ)フィニッシュ #8/29,8/30 #東京都内",0,0,0,0.0,610
2026-08-26,1797226,"【8/29.30出勤】【Fカップ】【北千住】ギャル系美人の無課金GHR！紙パンツなし超密着に狂う至高の体験記 #8/29,8/30 #東京都内",4,4,0,0.0,98
2026-08-26,1797257,"【8/26.27.28出勤】【Hカップ】【恵比寿】神乳PZで絶頂！小柄可愛い巨乳美女の極上マイクロビキニ密着と至高のフィニッシュ体験記 #8/26,8/27,8/28 #東京都内",0,0,0,0.0,60
2026-08-26,1797247,【8/20出勤】【Hカップ】【三軒茶屋】天然Gカップロリ体型美女と本番！ふわふわマシュマロ密着に狂うGHR体験記,0,0,0,0.0,2
2026-08-26,1654034,【8/22出勤】【Fカップ】【武蔵小杉】有村架純似の可憐な美女と溺れる「主導権剥奪」の100分…最後は理性を超える初回本番GHRフィニッシュ！,1,1,0,0.0,216
2026-08-26,1708856,"【8/27.29出勤】【Dカップ】【麻布】清楚系美女の本番とMBからはみ出す両CKBに溺れる至高のGHR体験記 #8/27,8/29 #東京都内",1,1,0,0.0,77
2026-08-26,1642392,"【8/27 | 9/2.4出勤】【Gカップ】【秋葉原】甘えたがり必見!!高身長Hカプお姉さんのお◯ぱい密着天国からのPZ(パイズリ)フィニッシュ！ #8/27,9/2,9/4 #東京都内",0,0,0,0.0,258
2026-08-26,1755449,"【8/29.30出勤】【Hカップ】【五反田】伝説級の超マシュマロ巨乳PZ！漫画スタイルの爆乳に溺れる至高のフィニッシュ体験記 #8/29,8/30 #東京都内",1,1,0,0.0,210
2026-08-26,1662528,"【8/26.28.29出勤】【Gカップ】【新宿】金額交渉で堕ちる「生の温もり」！密着オイルから不意打ちの絶品F、そして衝撃の初回本番HRフィニッシュへ！ #8/26,8/28,8/29 #東京都内",0,0,0,0.0,59
2026-08-26,1788140,"【8/26.27.28出勤】【Fカップ】【恵比寿】本番解禁！パネマジなし綺麗系美女の天然巨乳に溺れる至高のGHR体験記 #8/26,8/27,8/28 #東京都内",0,0,0,0.0,48
2026-08-26,1662554,"【8/28.30出勤】【Gカップ】【中野】高身長スレンダー×天然ロケットπ開始30分で理性が決壊！細身の体に宿る巨乳の衝撃と、禁断の初回NSフィニッシュ体験記！ #8/28,8/30 #東京都内",0,0,0,0.0,170
2026-08-26,1764682,"【8/26.28出勤】【Gカップ】【 大宮】Gカップ美女のMBはみ出し密着と至高のPZパイズリフィニッシュ体験記 #8/26,8/28 #埼玉",5,5,0,0.0,87
2026-08-26,1655143,"【8/26.28出勤】【Fカップ】【横浜】隠れ家で堕ちる「脱衣プレイ」とNBRの誘惑…至近距離で見つめられ搾り取られる極上PZ(パイズリ)の衝撃！ #8/26,8/28 #神奈川",1,1,0,0.0,189
2026-08-26,1678781,【7/4出勤】【Gカップ】【船橋】生乳爆乳PZ解禁。色白美肌美女と悪戯な囁きに溺れる至高のフィニッシュ体験記 #千葉,0,0,0,0.0,252
2026-08-26,1708852,"【8/27.28出勤】【Fカップ】【麻布】NN解禁！クール系美女の「生挿入中出し」と、神スタイルに溺れる至高のフィニッシュ体験記 #8/27,8/28 #東京都内",0,0,0,0.0,71
2026-08-26,1653916,【8/30出勤】【Gカップ】【新宿】ロシア系クォーターの至高ボディ！爆揺れ巨乳に埋もれる「魔性の69」と絶品PZ(パイズリ)フィニッシュ #8/30 #東京都内,0,0,0,0.0,156
2026-08-26,1754547,"【8/26.30.31出勤】【Eカップ】【新宿】本番解禁！猫顔スレンダー美女の「名器中出し」と、関西弁の甘い誘惑に溺れる至高のGHR体験記 #8/26,8/30,8/31 #東京都内",0,0,0,0.0,52
2026-08-26,1650404,【8/26出勤】【Fカップ】【新宿】「特別コースですから…♥」橋本マナミ風お姉さんの透け衣装誘惑。ムチムチFカップと溶け合う初回PZ(パイズリ)による至福の夜 #8/26 #東京都内,0,0,0,0.0,135
2026-08-26,1654061,【6/26出勤】【Fカップ】【相模大野】メジャーアイドル級美女と溺れる「KPなし」の密着洗体…最後はG着用で果てる禁断の絶頂本番HR体験！,0,0,0,0.0,142
2026-08-26,1710810,"【8/26.27.29出勤】【Gカップ】【新宿】乃木坂系美女と密着本番HR。アニメ級の爆乳に溺れる、至高のGHRフィニッシュ体験記 #8/26,8/27,8/29 #東京都内",0,0,0,0.0,57
2026-08-26,1655253,"【8/29.30出勤】【Gカップ】【新宿】コスプレ級美女と堕ちる「禁断の本番」！溢れ出す爆乳おっぱいスタンプと、本番GHRの積極的な誘いに理性が溶ける至福の90分！ #8/29,8/30 #東京都内",0,0,0,0.0,52
2026-08-26,1668275,【8/26出勤】【Fカップ】【新宿】九州出身セクシー美女の「おっとり吐息」と名器に溺れる、至高の初回本番GHRフィニッシュ体験記 #8/26 #東京都内,0,0,0,0.0,42
2026-08-26,1663737,【8/22出勤】【Gカップ】【新宿】本番解禁！福原遥似の美少女とGHR。お椀型巨乳とヌルヌル密着オイルに溺れる至高のフィニッシュ体験記,0,0,0,0.0,46
2026-08-26,1657099,都内出勤カレンダー,1,1,0,0.0,436
2026-08-26,1657105,埼玉県(大宮)出勤カレンダー,1,1,0,0.0,192
2026-08-26,1657104,横浜周辺出勤カレンダー,2,2,0,0.0,160
2026-08-26,1657101,多摩(吉祥寺)周辺カレンダー,0,0,0,0.0,147
2026-08-26,1648133,【4/3.5出勤】【Gカップ】【田町】【PZ】20歳のふわっふわH乳によるグラインドPZ(パイズリ)でSKR #東京都内,1,1,0,0.0,96
2026-08-27,1798255,"【8/28.29.30出勤】【Gカップ】【津田沼】むちむちボブ美女AN密着に狂う本番GHR体験記 #8/28,8/29,8/30 #千葉",6,6,0,0.0,191
2026-08-27,1798265,"【8/29.30.31出勤】【Hカップ】【流山おおたかの森】極上神乳PZで絶頂！過去一柔らかい天然Hカップ美女の超密着パイズリ体験記 #8/29,8/30,8/31 #千葉",2,2,0,0.0,168
2026-08-27,1655143,【8/28出勤】【Fカップ】【横浜】隠れ家で堕ちる「脱衣プレイ」とNBRの誘惑…至近距離で見つめられ搾り取られる極上PZ(パイズリ)の衝撃！ #8/28 #神奈川,0,0,0,0.0,193
2026-08-27,1817039,【8/26出勤】【Iカップ】【本厚木】爆乳美女と無課金本番解禁！紙パンツ脱ぎ捨てトロ顔GHR体験記 #8/26 #神奈川,4,4,0,0.0,135
2026-08-27,1656071,"【8/28.29出勤】【Dカップ】【大宮】パフィーニップルの誘惑とSPPN密着！理性が吹き飛ぶ「NS生挿入」フィニッシュ体験記！ #8/28,8/29 #埼玉",0,0,0,0.0,405
2026-08-27,1663765,【8/29出勤】【Hカップ】【新宿】初回中出しNN解禁！沖縄出身ギャルと生in。至高の美ボディと「密着中出し」に溺れる、新宿の禁断生挿入フィニッシュ体験記 #8/29 #東京都内,0,0,0,0.0,138
2026-08-27,1761543,"【8/28.30出勤】【Eカップ】【中野】本番解禁！高身長Fカップ女子大生の「数の子天井ナカ出し」とSPPN密着に溺れる至高のGHR体験記 #8/28,8/30 #東京都内",0,0,0,0.0,138
2026-08-27,1597345,【8/29出勤】【Iカップ】【品川】高身長ムチムチ聖母の「生OPI」洗礼！SKSK衣装から溢れる爆乳PZ(パイズリ)体験記 #8/29 #東京都内,1,1,0,0.0,1059
2026-08-27,1656219,"【8/28.30出勤】【Fカップ】【吉祥寺】初回から濃厚PZ(パイズリ)から搾り取られる、至高の本番HRフィニッシュ！Gカップに溺れる「密着ソファー」の誘惑 #8/28,8/30",0,0,0,0.0,449
2026-08-27,1656212,"【8/27.28.29出勤】【Jカップ】【吉祥寺】視界を塞ぐ爆乳の壁！ソファーでの密着ハグから搾り取られる、至高のPZ(パイズリ)フィニッシュ体験記！ #8/27,8/28,8/29",0,0,0,0.0,544
2026-08-27,1673756,【8/28出勤】【Fカップ】【大宮】爆乳解禁！追加なしの極上PZ。至高の肉感と密着ハグに溺れるパイズリフィニッシュ体験記 #8/28 #埼玉,0,0,0,0.0,228
2026-08-27,1663730,【8/26出勤】【Gカップ】【新宿】現役AV女優と禁断の初回本番GHR！熟練タイ古式と爆乳に搾り取られる、新宿の至高フィニッシュ体験記！ #8/26 #東京都内,0,0,0,0.0,140
2026-08-27,1761541,"【8/29.30出勤】【Gカップ】【品川】驚愕の神乳PZ！清楚系お姉さんの「naked密着」と、ゼロ距離奉仕に理性が溶ける体験記 #8/29,8/30 #東京都内",0,0,0,0.0,183
2026-08-27,1677604,【8/26出勤】【Fカップ】【赤羽】「アニメ声」たぬき顔美女と初回本番解禁！密着マッサージに溺れる至高のGHRフィニッシュ体験記 #8/26 #埼玉,1,1,0,0.0,560
2026-08-27,1710821,"【8/27.29.30出勤】【Gカップ】【新宿】元グラドルのH超え爆乳と「２回戦本番HR」に壊される、支配的な至高の体験記 #8/27,8/29,8/30 #東京都内",3,3,0,0.0,365
2026-08-27,1802001,"【8/27.28.30出勤】【Kカップ】【池袋】Kカップお姉さん美女のMB密着と爆乳PZフィニッシュ体験記 #8/27,8/28,8/30 #東京都内",2,2,0,0.0,60
2026-08-27,1754531,【8/27出勤】【Gカップ】【赤坂】驚愕の神乳PZ！林ゆめ似の超絶スレンダー巨乳と、ゼロ距離密着に理性が溶ける体験記 #8/27 #東京都内,4,4,0,0.0,330
2026-08-27,1683635,"【8/27.28 | 9/2出勤】【Eカップ】【登戸/溝の口】色白スレンダー美女の「超絶NF奉仕」と、上に跨り繋がる至高のGHR体験記 #8/27,8/28,9/2",3,3,0,0.0,326
2026-08-27,1651485,【8/26出勤】【Gカップ】【登戸】初回から「ねぇ、もう一回しよ♥」極上Gカップに溺れる本番NS二回転フィニッシュ #8/26,0,0,0,0.0,349
2026-08-27,1780559,"【8/28.29.30出勤】【Fカップ】【池袋】生ハメNNで絶頂！リアルアイドル顔美女の超濃厚ヌルヌル密着と至高のNN体験記 #8/28,8/29,8/30 #東京都内",1,1,0,0.0,162
2026-08-27,1601302,【8/30出勤】【Hカップ】【恵比寿】初回から「ちゃんと着けるから、挿れてもいい？♥」淫らな聖女の逆指名。現役看護師と堕ちる、ヌルヌル密着の絶頂本番HR #8/30 #東京都内,7,7,0,0.0,863
2026-08-27,1762949,【8/27出勤出勤】【Gカップ】【本厚木】HP通り可愛い美女のと一緒に入る泡洗体に溺れる至高の本番GHR体験記 #8/27 #神奈川,5,5,0,0.0,367
2026-08-27,1623774,"【8/27.29.30出勤】【Jカップ】【池袋】「時間があるなら2回でもいいよ♥」初回からJカップ爆乳美女の神対応。無料パイズリPZの快感に溺れた、高身長元キャバ嬢との夜 #8/27,8/29,8/30 #東京都内",4,4,0,0.0,1010
2026-08-27,1754540,"【8/28.29出勤】【Hカップ】【新宿】驚愕の爆乳PZ！清楚系色白スレンダー美女のゼロ距離密着と、脳がとろける至高の体験記 #8/28,8/29 #東京都内",4,4,0,0.0,129
2026-08-27,1656118,【8/28出勤】【Gカップ】【大宮】初回から巨乳MBのPZ多幸感！密着オイルで理性を溶かし、巨大な肉圧で搾り取られる至高の快楽 #8/28 #埼玉,5,5,0,0.0,237
2026-08-27,1828762,"【8/27 | 9/2.3出勤】【Hカップ】【溝の口】天然H神乳美女のノーブラニット密着PZで絶頂！顔面胸当て体験記 #8/27,9/2,9/3 #神奈川",0,0,0,0.0,10
2026-08-27,1642194,【8/26出勤】【Fカップ】【登戸】街で二度見する爆美女と「密着シャワー」の悦楽…初回から奥地まで咥え込む濃厚Fで昇天！ #8/26,6,6,0,0.0,287
2026-08-27,1663754,【8/25.26出勤】【Gカップ】【新宿】初回から境界線を超えた超密着！JD美女と溶け合う「生感覚」の衝撃。極上本番HRフィニッシュ,2,2,0,0.0,148
2026-08-27,1683650,【8/29出勤】【Hカップ】【浦和】NN解禁！爆乳美女への「生挿入中出し」と溢れるデカ尻に溺れる至高の体験記 #8/29 #埼玉,8,8,0,0.0,489
2026-08-27,1683683,"【8/27.31出勤】【Gカップ】【横浜】洗体アシストで悶絶。巨乳美女の「生乳PZ」と、密着バックご奉仕に溺れる至高のフィニッシュ体験記 #8/27,8/31 #神奈川",6,6,0,0.0,317
2026-08-27,1639998,【8/28出勤】【Kカップ】【銀座】揉みごたえ充分の巨乳は感度も抜群！ ふわふわおっ杯で濃厚密着PZ(パイズリ) #8/28 #東京都内,13,13,0,0.0,792
2026-08-27,1653925,"【8/27.28.29出勤】【Fカップ】【新宿】初回から現役JDと濃厚DK＆生本番級GHR！スベスベ美肌の妹系美女と溺れる超密着PZの衝撃！#本日出勤 #8/27,8/28,8/29 #東京都内",2,2,0,0.0,355
2026-08-27,1794515,"【8/29.30出勤】【Jカップ】【大宮】地雷系むちむち美女本番解禁！トップレス密着に狂うGHR体験記 #8/29,8/30 #埼玉",4,4,0,0.0,134
2026-08-27,1653910,"【8/27.28出勤】【Fカップ】【新宿】お風呂屋超えの濃厚PZ(パイズリ)！Fカップ美乳嬢と溺れる「寸止め地獄」と「密着DKフィニッシュ」 #8/27,8/28 #東京都内",3,3,0,0.0,198
2026-08-27,1667095,"【8/28.29.30出勤】【Fカップ】【関内】初回から理性が決壊する一線越え。本格派美女の「お口で装着」と名器の締め付けに溺れた至高のGHRフィニッシュ体験記 #8/28,8/29,8/30 #神奈川",3,3,0,0.0,683
2026-08-27,1656283,【8/29出勤】【Fカップ】【調布】清楚な顔立ちに潜む、驚愕の「名器」と感度…理性が決壊する交渉の末、生の温もりに溺れた至高の初回本番HR体験記！ #8/29,4,4,0,0.0,498
2026-08-27,1655202,"【8/27.31出勤】【Gカップ】【横浜】初回極上PZの衝撃！初回から弾力MAXのOPIスタンプと禁断の密着洗体…NPの誘惑に搾り取られるPZフィニッシュ #8/27,8/31 #神奈川",3,3,0,0.0,494
2026-08-27,1677621,【8/27出勤】【Gカップ】【浦和】禁断のモロ出し。Gカップ美女の「生乳PZ」と、吐息が重なる濃厚フィニッシュ体験記 #8/27 #埼玉,8,8,0,0.0,400
2026-08-27,1640011,"【8/27.28.29出勤】【Gカップ】【池袋】池田エライザ似の爆乳美女と初回から「禁断の中出しNN合体」！深夜枠で溺れた、むっちりマシュマロボディの誘惑 #8/27,8/28,8/29 #東京都内",2,2,0,0.0,508
2026-08-27,1823559,"【8/27.29.30出勤】【Fカップ】【秋葉原】ハーフモデル美女神乳PZで絶頂！細身Gカップ密着とスリット全開体験記 #8/27,8/29,8/30 #東京都内",19,19,0,0.0,28
2026-08-27,1599734,"【8/28.30出勤】【Gカップ】【新宿】初回で合体まで至った至福の本番HR体験記「このGカップ、本物だ…」若さ弾ける爆乳美女の神対応。 #8/28,8/30 #東京都内",0,0,0,0.0,185
2026-08-27,1780542,"【8/27.28.29出勤】【Hカップ】【新宿】神乳PZで絶頂！天然Hカップ美女の透けビキニ密着と至高のフィニッシュ体験記 #8/27,8/28,8/29 #東京都内",0,0,0,0.0,53
2026-08-27,1662507,"【8/27.30.31出勤】【Gカップ】【五反田】金額交渉なしの神展開！「今日は特別だよ…♥」と囁かれ、生の温もりに溺れた至高の初回生挿入NS体験記！ #8/27,8/30,8/31 #東京都内",3,3,0,0.0,440
2026-08-27,1655259,【8/28出勤】【Eカップ】【新宿】至高のPZで悶絶！柔らか巨乳の密着スタンプと「もう1回できる？」と囁かれる悦楽 #8/26 #東京都内,0,0,0,0.0,174
2026-08-27,1677586,【8/28出勤】【Gカップ】【大宮】初回本番解禁！新人美女の「初めてのin」と、重力に抗えない爆乳に溺れる。至高のGHRフィニッシュ体験記 #8/28 #埼玉,0,0,0,0.0,217
2026-08-27,1754553,"【8/27.30 | 9/1出勤】【Hカップ】【登戸】神乳PZで絶頂！細身巨乳美女の「 naked密着」と、鏡越しprprに溺れる至高のフィニッシュ体験記 #8/27,8/30,9/1",0,0,0,0.0,169
2026-08-27,1656105,【8/26出勤】【Fカップ】【大宮】密着オイル攻めの果てに迎えた、衝撃の初回本番HRフィニッシュ！ #8/26 #埼玉,0,0,0,0.0,470
2026-08-27,1639983,"【8/27.28.30出勤】【Gカップ】【中野】初回から巨乳ギャルのフルスロットルの寛容度。生Fからの「最後どうする？」で本番GHR。 #8/27,8/28,8/30 #東京都内",0,0,0,0.0,580
2026-08-27,1667110,【8/27出勤】【Fカップ】【武蔵小杉】境界線を超えた密着。グラビア級美女の「おっとり吐息」と名器に溺れる、至高の初回本番GHRフィニッシュ体験記 #8/27 #神奈川,0,0,0,0.0,334
2026-08-27,1798245,【8/29出勤】【Iカップ】【南流山/流山おおたかの森】爆乳JD美女と本番解禁！オイルパイ挟みに狂うGHR体験記,0,0,0,0.0,140
2026-08-27,1662519,"【8/27.28.29出勤】【Iカップ】【北千住】爆乳と「爆裂美尻」の衝撃！理性を溶かす密着オイルから、生の熱量に溺れた至高の初回本番HR体験記！ #8/27,8/28,8/29 #東京都内",2,2,0,0.0,358
2026-08-27,1820244,【8/23出勤】【Fカップ】【国分寺】美くびれ巨乳美女と本番解禁！長い爪フェザー密着GHR体験記,2,2,0,0.0,83
2026-08-27,1788175,"【8/27.28.29出勤】【Fカップ】【練馬】本番解禁！YouTuberかすちゃん似美女のおっぱい密着に狂うGHR体験記 #8/27,8/28,8/29 #東京都内",1,1,0,0.0,105
2026-08-27,1683671,"【8/28.29.30出勤】【Eカップ】【大宮】AV女優黒川すみれ似美女の「生乳PZ」と、Sっ気溢れる言葉責めに溺れる至高の体験記 #8/28,8/29,8/30 #埼玉",0,0,0,0.0,240
2026-08-27,1710833,"【8/27.30出勤】【Fカップ】【中目黒】清楚系美女の溢れるFカップ爆乳に溺れる至高の本番GHR体験記 #8/27,8/30 #東京都内",2,2,0,0.0,230
2026-08-27,1668292,"【8/27.29.31出勤】【Iカップ】【新宿】爆乳解禁。清楚系アイドル美女の「生乳PZ」と、理性を奪う中出し。至高のフィニッシュ体験記 #8/27,8/29,8/31 #東京都内",1,1,0,0.0,205
2026-08-27,1824707,"【8/27.28.30出勤】【Gカップ】【大和】白ギャル系の巨乳神乳PZで絶頂！全裸密着とロケット巨乳パイズリ体験記 #8/27,8/28,8/30 #神奈川",2,2,0,0.0,31
2026-08-27,1655185,"【8/27.30出勤】【Gカップ】【横浜】癒し系お姉さんの「隠しきれないHカップ」に悶絶！密着オイルから搾り取られる、至高のPZ(パイズリ)フィニッシュ体験記 #8/27,8/30 #神奈川",0,0,0,0.0,633
2026-08-27,1656054,"【8/27.28出勤】【Jカップ】【大宮】初回から至高の本番NS生挿入！視界を覆う爆乳スタンプ…合意の上で堕ちた締まりに悶絶体験記 #8/27,8/28 #埼玉",0,0,0,0.0,658
2026-08-27,1828751,"【8/27.28.29出勤】【Fカップ】【成増】小動物系Fカップ美女と本番解禁！透け衣装密着GHR体験記 #8/27,8/28,8/29 #東京都内",0,0,0,0.0,18
2026-08-27,1828755,【8/27出勤】【Hカップ】【恵比寿】生挿入NS解禁！爆乳美女の生フェラ密着NS体験記 #8/27 #東京都内,2,2,0,0.0,35
2026-08-27,1824723,"【8/27.28.29出勤】【Hカップ】【溝の口】小柄むっちり巨乳美女の神乳PZで絶頂！トップレス密着と顔面胸スタンプ体験記 #8/27,8/28,8/29 #神奈川",0,0,0,0.0,35
2026-08-27,1802007,"【8/28.30出勤】【Fカップ】【中野】現役学生の高身長童顔美女と楽しむ至高の本番GHR体験記 #8/28,8/30 #東京都内",0,0,0,0.0,24
2026-08-27,1823574,"【8/27.28.29出勤】【Gカップ】【秋葉原】生挿入NS解禁！小顔くびれ美巨乳美女の生中出し濃厚DKS体験記 #8/27,8/28,8/29 #東京都内",3,3,0,0.0,30
2026-08-27,1668882,【8/27出勤】【Gカップ】【錦糸町】初回本番解禁！ムチムチ美女の「名器の締め付け」と、MBから溢れる巨乳に溺れる。至高のGHRフィニッシュ体験記 #8/27 #東京都内,2,2,0,0.0,519
2026-08-27,1771375,【8/30出勤】【Gカップ】【恵比寿】天然Gカップ美女のとZNR洗体に溺れる至高のGHR体験記 #8/30 #東京都内,0,0,0,0.0,41
2026-08-27,1823563,【8/30出勤】【Gカップ】【秋葉原】19歳ハーフ系Gカップ美女と本番解禁！騎乗位密着GHR体験記 #8/30 #東京都内,4,4,0,0.0,42
2026-08-27,1823572,【8/21出勤】【Hカップ】【秋葉原】生挿入NS解禁！色白グラマー巨乳美女と全裸密着NS体験記 #東京都内,1,1,0,0.0,26
2026-08-27,1662542,【8/29出勤】【Eカップ】【横浜】至福の初回NS生本番挿入！お腹への発射で締める、最高級の「パコ姫」ホスピタリティ体験記！ #8/29 #神奈川,0,0,0,0.0,176
2026-08-27,1817054,"【8/28.29出勤】【Fカップ】【武蔵小杉】本番解禁！たぬき顔美女の盛MN密着GHR体験記 #8/28,8/29 #神奈川",2,2,0,0.0,62
2026-08-27,1667106,【8/27出勤】【Fカップ】【厚木】初回で理性が決壊。有村架純似Fカップ美女の吐息と「ツルツル秘部」に溺れた至高の本番GHRフィニッシュ体験記 #8/27 #神奈川,0,0,0,0.0,365
2026-08-27,1623796,"【8/28.30出勤】【Fカップ】【中野】「あとで脱がせる方がERいでしょ♥」Fカップ清楚系セラピストと堕ちる、濃厚DK＆背徳の初回本番NS90分 #8/28,8/30 #東京都内",0,0,0,0.0,353
2026-08-27,1762959,【8/28出勤】【Fカップ】【綱島】神乳PZで絶頂！エロ可愛いムッチリ巨乳のマイクロビキニ密着と至高のフィニッシュ体験記 #8/28 #神奈川,1,1,0,0.0,134
2026-08-27,1820272,【8/27出勤】【Jカップ】【秋葉原】爆乳ゆるふわ美女の神乳PZで絶頂！MB密着と顔面埋まり体験記 #8/27 #東京都内,3,3,0,0.0,43
2026-08-27,1817046,"【8/27.28出勤】【Hカップ】【武蔵小杉】生のまま中出し解禁！美形細身巨乳美女の全裸密着と生本番NNフィニッシュ体験記 #8/27,8/28 #神奈川",3,3,0,0.0,100
2026-08-27,1710842,【8/25出勤】【Gカップ】【恵比寿】ゴマキ似ギャル美女と本番解禁！スレンダー巨乳に溺れる至高のGHR体験記 #東京都内,0,0,0,0.0,340
2026-08-27,1761550,【8/24出勤】【Gカップ】【中野】本番解禁！柏木由紀似OLと一緒に入る泡洗体に溺れる至高のGHR体験記,0,0,0,0.0,77
2026-08-27,1762946,【8/29出勤】【Hカップ】【横浜】170cmの48Kgスーパーモデル級美人のKP剥ぎ取り密着に狂う本番GHR体験記 #8/29 #神奈川,0,0,0,0.0,115
2026-08-27,1822419,"【8/27.28.29出勤】【Jカップ】【新宿】神乳PZで絶頂！Jカップ美女MB密着と未体験の極圧パイズリ体験記 #8/27,8/28,8/29 #東京都内",0,0,0,0.0,14
2026-08-27,1823553,"【8/27.29.30出勤】【Gカップ】【秋葉原】低身長ロリ巨乳美女と本番解禁！トップレス密着GHR体験記 #8/27,8/29,8/30 #東京都内",0,0,0,0.0,61
2026-08-27,1653899,"【8/27.28.31出勤】【Gカップ】【新宿】スレンダーな腰に「上向き巨乳」の奇跡…職場のマドンナ似との密着PZ(パイズリ) #8/27,8/28,8/31 #東京都内",0,0,0,0.0,247
2026-08-27,1822402,【8/30出勤】【Gカップ】【登戸】色白小顔ギャル美女と本番解禁！一緒シャワー全裸密着GHR体験記 #8/30,1,1,0,0.0,18
2026-08-27,1822409,【8/18出勤】【Fカップ】【恵比寿】神乳綺麗系お姉さんのMB密着と至高のパイズリ体験記 #東京都内,0,0,0,0.0,44
2026-08-27,1821353,【8/22出勤】【Fカップ】【渋谷】モデル級スレンダー巨乳美女と本番解禁！顔面胸乗せ密着GHR体験記 #東京都内,1,1,0,0.0,35
2026-08-27,1662532,【8/16出勤】【Hカップ】【吉祥寺】クラスの可愛い子と「恋人気分」！水袋のような弾力のHカップで搾り取られる、至高のPZ(パイズリ)フィニッシュ体験記！,0,0,0,0.0,129
2026-08-27,1656126,"【8/28.30出勤】【Gカップ】【大宮】「ムチふわ爆乳」の誘惑…おっぱいスタンプから搾り取られる、至高のPZ(パイズリ)フィニッシュ体験記！ #8/28,8/30 #埼玉",1,1,0,0.0,158
2026-08-27,1821346,【8/20出勤】【Fカップ】【渋谷】神乳美女の紐MB密着と至高のパイズリ体験記 #東京都内,1,1,0,0.0,44
2026-08-27,1820251,"【8/28.31 | 9/1出勤】【Hカップ】【恵比寿】巨乳大学生美女と本番解禁！MB密着GHR体験記 #8/28,8/31,9/1 #東京都内",1,1,0,0.0,60
2026-08-27,1817000,"【8/27.28.29出勤】【Eカップ】【笹塚】爆乳美女の無課金生外だしと全裸お触り密着に狂う体験記 #8/27,8/28,8/29 #東京都内",2,2,0,0.0,68
2026-08-27,1820247,【8/29出勤】【Hカップ】【新宿】グラマラス爆乳美女と本番解禁！TL密着GHR体験記 #8/29 #東京都内,0,0,0,0.0,15
2026-08-27,1656086,"【8/28.29出勤】【Iカップ】【大宮】神スタイルと初回NSの悦楽！AI超えの美体と堕ちる「生の温もり」…2回戦連続フィニッシュ #8/28,8/29 #埼玉",0,0,0,0.0,479
2026-08-27,1708502,"【8/29.31出勤】【Gカップ】【新宿】本番解禁！白川理桜似のGカップ美女と「密着中出し」。理性を焼き切る至高のGHR体験記 #8/29,8/31 #東京都内",0,0,0,0.0,69
2026-08-27,1788157,【8/27出勤】【Gカップ】【吉祥寺】本番解禁！HP通り美人なムッチリ巨乳と密着69に理性が溶けるGHR体験記 #8/27,0,0,0,0.0,41
2026-08-27,1761532,【8/27出勤】【Gカップ】【渋谷】本番解禁！現役女子大生のとSPPNで絡み合う至高のGHR体験記 #8/27 #東京都内,0,0,0,0.0,115
2026-08-27,1817022,"【8/27.30出勤】【Fカップ】【新宿】池田エライザ似ハーフ美女のTL密着と至高のPZフィニッシュ体験記 #8/27,8/30 #東京都内",0,0,0,0.0,15
2026-08-27,1817029,"【8/27.28出勤】【Fカップ】【赤坂】ツルスベ巨乳美女のSPPN全裸密着と怒涛のPZフィニッシュ体験記 #8/27,8/28 #東京都内",1,1,0,0.0,66
2026-08-27,1683630,【8/29出勤】【Fカップ】【荻窪】22歳Fカップ美女の「名器の締め付け」と爆乳密着に溺れる至高の初回GHRフィニッシュ体験記 #8/29,0,0,0,0.0,209
2026-08-27,1817043,"【8/27.28.29出勤】【Jカップ】【藤沢】天然Jカップ巨乳美女がキャミ脱ぎ捨てからの本番GHR体験記 #8/27,8/28,8/29 #神奈川",0,0,0,0.0,61
2026-08-27,1817008,【8/30出勤】【Iカップ】【新宿】神乳PZで絶頂！ハーフ系二重美女の爆乳パイズリと至高の密着体験記 #8/30 #東京都内,0,0,0,0.0,26
2026-08-27,1817004,"【8/27.28.29出勤】【Gカップ】【新宿】むちむち可愛い系美女のマイクロビキニ密着と神乳PZフィニッシュ体験記 #8/27,8/28,8/29 #東京都内",0,0,0,0.0,10
2026-08-27,1656274,"【8/27 | 9/3出勤】【Fカップ】【登戸】溢れる巨乳Gカップの衝撃！密着オイル攻めから交渉で堕ちた、至高の「生感覚」本番GHRフィニッシュ体験記！ #8/27,9/3",0,0,0,0.0,247
2026-08-27,1780536,"【8/29.30出勤】【Gカップ】【多摩】生ハメNNで絶頂！小顔グラマラス美女の超密着ヌルヌル本番と至高の体験記 #8/29,8/30",0,0,0,0.0,90
2026-08-27,1663647,【8/23出勤】【Fカップ】【新宿】新宿の現役学生と初回「生in」中出し！スレンダー美女の絶景と吐息に溺れる至高のフィニッシュ体験記！,0,0,0,0.0,82
2026-08-27,1797240,【8/26出勤】【Iカップ】【溝の口】ぱるる系清楚アイドルと本番解禁！新人美巨乳密着に狂うGHR体験記 #8/26,0,0,0,0.0,38
2026-08-27,1808348,【9/1出勤】【Hカップ】【秋葉原】 #9/1 #東京都内,0,0,0,0.0,35
2026-08-27,1662490,"【8/31 | 9/3.4出勤】【Lカップ】【秋葉原】視界を覆う「おっぱいスタンプ」から搾り取られるPZ(パイズリ)フィニッシュ体験記！水袋のような超軟乳の至高のPZ(パイズリ)の衝撃！ #8/31,9/3,9/4 #東京都内",3,3,0,0.0,561
2026-08-27,1664794,【8/27出勤】【Gカップ】【横浜】初回から理性が決壊する一線越え。Gカップ美女の吐息と「名器の締め付け」に溺れた至高のGHRフィニッシュ体験記 #8/27 #神奈川,0,0,0,0.0,198
2026-08-27,1789466,【8/23出勤】【Hカップ】【海老名】本番解禁！Fカップおっとり美人と生まれたて全裸密着に狂うGHR体験記,0,0,0,0.0,80
2026-08-27,1806934,【8/5出勤】【Hカップ】【西麻布】本番NS解禁！長身スレンダー美女の四つん這い紙パンツちぎりに狂う体験記 #東京都内,1,1,0,0.0,26
2026-08-27,1806911,"【8/27.28.29出勤】【Eカップ】【新宿】ピンク髪スレンダー美女の丸出し密着に狂うGHR体験記 #8/27,8/28,8/29 #東京都内",0,0,0,0.0,12
2026-08-27,1806940,【8/28出勤】【Hカップ】【新宿】グラマラス爆乳美女と膝上乗っかり密着に狂う本番GHR体験記 #8/28 #東京都内,0,0,0,0.0,25
2026-08-27,1771377,"【8/27.30出勤】【Iカップ】【秋葉原】爆乳美女のおっぱいポロン密着に狂う本番GHR体験記 #8/27,8/30 #東京都内",1,1,0,0.0,83
2026-08-27,1651197,【8/23出勤】【Hカップ】【中野】「手でやらなきゃいいでしょ？」可愛い顔してPZ(パイズリ)で翻弄する小悪魔系美女,0,0,0,0.0,184
2026-08-27,1656077,【8/30出勤】【Iカップ】【大宮】おわん型巨乳の重圧と「生」の温もり…感度抜群の地雷系美女と堕ちる、衝撃の初回本番NSフィニッシュ！ #8/30 #埼玉,0,0,0,0.0,176
2026-08-27,1667126,【8/29出勤】【Gカップ】【武蔵小杉】ニコル似Iカップ美女の初回本番「生in」。至高のNSフィニッシュ体験記 #8/29 #神奈川,0,0,0,0.0,151
2026-08-27,1802005,【8/5出勤】【Gカップ】【銀座】人生イチ綺麗なGカップ！福岡美人によるツバ垂らしPZとSPPN密着体験記 #東京都内,1,1,0,0.0,42
2026-08-27,1677614,【7/31出勤】【Fカップ】【浦和】低身長巨乳と密着。色白美肌美女の「生乳PZ」と、耳元への吐息に溺れる至高のフィニッシュ体験記,0,0,0,0.0,226
2026-08-27,1762969,【8/21出勤】【Gカップ】【横浜】神乳PZで絶頂！Gカップアイドル顔美女のマイクロビキニポロリと至高のフィニッシュ体験記 #神奈川,0,0,0,0.0,98
2026-08-27,1598368,"【8/29.30出勤】【Iカップ】【秋葉原】焦らしの美学に完敗！プロの脚本で堕ちる「鏡越しの背徳ANR」と至福のPZ(パイズリ)フィニッシュ #8/29,8/30 #東京都内",0,0,0,0.0,610
2026-08-27,1797226,"【8/29.30出勤】【Fカップ】【北千住】ギャル系美人の無課金GHR！紙パンツなし超密着に狂う至高の体験記 #8/29,8/30 #東京都内",1,1,0,0.0,100
2026-08-27,1797257,"【8/27.28.29出勤】【Hカップ】【恵比寿】神乳PZで絶頂！小柄可愛い巨乳美女の極上マイクロビキニ密着と至高のフィニッシュ体験記 #8/27,8/28,8/29 #東京都内",0,0,0,0.0,60
2026-08-27,1797247,【8/20出勤】【Hカップ】【三軒茶屋】天然Gカップロリ体型美女と本番！ふわふわマシュマロ密着に狂うGHR体験記,0,0,0,0.0,3
2026-08-27,1654034,【8/22出勤】【Fカップ】【武蔵小杉】有村架純似の可憐な美女と溺れる「主導権剥奪」の100分…最後は理性を超える初回本番GHRフィニッシュ！,1,1,0,0.0,216
2026-08-27,1708856,"【8/27.29出勤】【Dカップ】【麻布】清楚系美女の本番とMBからはみ出す両CKBに溺れる至高のGHR体験記 #8/27,8/29 #東京都内",0,0,0,0.0,79
2026-08-27,1642392,"【9/2.4出勤】【Gカップ】【秋葉原】甘えたがり必見!!高身長Hカプお姉さんのお◯ぱい密着天国からのPZ(パイズリ)フィニッシュ！ #9/2,9/4 #東京都内",0,0,0,0.0,260
2026-08-27,1755449,"【8/29.30出勤】【Hカップ】【五反田】伝説級の超マシュマロ巨乳PZ！漫画スタイルの爆乳に溺れる至高のフィニッシュ体験記 #8/29,8/30 #東京都内",2,2,0,0.0,212
2026-08-27,1662528,"【8/28.29出勤】【Gカップ】【新宿】金額交渉で堕ちる「生の温もり」！密着オイルから不意打ちの絶品F、そして衝撃の初回本番HRフィニッシュへ！ #8/28,8/29 #東京都内",0,0,0,0.0,59
2026-08-27,1788140,"【8/27.28.29出勤】【Fカップ】【恵比寿】本番解禁！パネマジなし綺麗系美女の天然巨乳に溺れる至高のGHR体験記 #8/27,8/28,8/29 #東京都内",1,1,0,0.0,50
2026-08-27,1662554,"【8/28.30出勤】【Gカップ】【中野】高身長スレンダー×天然ロケットπ開始30分で理性が決壊！細身の体に宿る巨乳の衝撃と、禁断の初回NSフィニッシュ体験記！ #8/28,8/30 #東京都内",0,0,0,0.0,171
2026-08-27,1764682,【8/28出勤】【Gカップ】【 大宮】Gカップ美女のMBはみ出し密着と至高のPZパイズリフィニッシュ体験記 #8/28 #埼玉,0,0,0,0.0,87
2026-08-27,1678781,【7/4出勤】【Gカップ】【船橋】生乳爆乳PZ解禁。色白美肌美女と悪戯な囁きに溺れる至高のフィニッシュ体験記 #千葉,0,0,0,0.0,254
2026-08-27,1708852,"【8/27.28出勤】【Fカップ】【麻布】NN解禁！クール系美女の「生挿入中出し」と、神スタイルに溺れる至高のフィニッシュ体験記 #8/27,8/28 #東京都内",0,0,0,0.0,71
2026-08-27,1653916,【8/30出勤】【Gカップ】【新宿】ロシア系クォーターの至高ボディ！爆揺れ巨乳に埋もれる「魔性の69」と絶品PZ(パイズリ)フィニッシュ #8/30 #東京都内,0,0,0,0.0,156
2026-08-27,1754547,"【8/30.31 | 9/1出勤】【Eカップ】【新宿】本番解禁！猫顔スレンダー美女の「名器中出し」と、関西弁の甘い誘惑に溺れる至高のGHR体験記 #8/30,8/31,9/1 #東京都内",0,0,0,0.0,52
2026-08-27,1650404,【8/26出勤】【Fカップ】【新宿】「特別コースですから…♥」橋本マナミ風お姉さんの透け衣装誘惑。ムチムチFカップと溶け合う初回PZ(パイズリ)による至福の夜 #8/26 #東京都内,1,1,0,0.0,135
2026-08-27,1654061,【6/26出勤】【Fカップ】【相模大野】メジャーアイドル級美女と溺れる「KPなし」の密着洗体…最後はG着用で果てる禁断の絶頂本番HR体験！,0,0,0,0.0,142
2026-08-27,1710810,"【8/27.29.30出勤】【Gカップ】【新宿】乃木坂系美女と密着本番HR。アニメ級の爆乳に溺れる、至高のGHRフィニッシュ体験記 #8/27,8/29,8/30 #東京都内",0,0,0,0.0,57
2026-08-27,1655253,"【8/29.30出勤】【Gカップ】【新宿】コスプレ級美女と堕ちる「禁断の本番」！溢れ出す爆乳おっぱいスタンプと、本番GHRの積極的な誘いに理性が溶ける至福の90分！ #8/29,8/30 #東京都内",0,0,0,0.0,52
2026-08-27,1668275,【8/26出勤】【Fカップ】【新宿】九州出身セクシー美女の「おっとり吐息」と名器に溺れる、至高の初回本番GHRフィニッシュ体験記 #8/26 #本日出勤 #東京都内,0,0,0,0.0,42
2026-08-27,1663737,【8/22出勤】【Gカップ】【新宿】本番解禁！福原遥似の美少女とGHR。お椀型巨乳とヌルヌル密着オイルに溺れる至高のフィニッシュ体験記,0,0,0,0.0,46
2026-08-27,1657099,都内出勤カレンダー,0,0,0,0.0,436
2026-08-27,1657105,埼玉県(大宮)出勤カレンダー,0,0,0,0.0,192
2026-08-27,1657104,横浜周辺出勤カレンダー,0,0,0,0.0,161
2026-08-27,1657101,多摩(吉祥寺)周辺カレンダー,0,0,0,0.0,147
2026-08-27,1648133,【4/3.5出勤】【Gカップ】【田町】【PZ】20歳のふわっふわH乳によるグラインドPZ(パイズリ)でSKR #東京都内,0,0,0,0.0,96
2026-08-28,1836312,【8/29.30出勤】【Hカップ】【柏】タヌキ顔Hカップ美女と本番解禁！ソファー密着GHR体験記,0,0,0,0.0,0
2026-08-28,1836299,【8/28.29.30出勤】【Gカップ】【船橋】生のまま中出しNN解禁！華奢細身Gカップ美女の全裸密着と生本番フィニッシュ体験記,0,0,0,0.0,0
2026-08-28,1656274,"【8/27 | 9/3出勤】【Fカップ】【登戸】溢れる巨乳Gカップの衝撃！密着オイル攻めから交渉で堕ちた、至高の「生感覚」本番GHRフィニッシュ体験記！ #8/27,9/3 #本日出勤",0,0,0,0.0,249
2026-08-28,1656086,"【8/28.29出勤】【Iカップ】【大宮】神スタイルと初回NSの悦楽！AI超えの美体と堕ちる「生の温もり」…2回戦連続フィニッシュ #8/28,8/29 #埼玉",0,0,0,0.0,482
2026-08-28,1653899,"【8/27.28.31出勤】【Gカップ】【新宿】スレンダーな腰に「上向き巨乳」の奇跡…職場のマドンナ似との密着PZ(パイズリ) #8/27,8/28,8/31 #本日出勤 #東京都内",1,1,0,0.0,251
2026-08-28,1667106,【8/27出勤】【Fカップ】【厚木】初回で理性が決壊。有村架純似Fカップ美女の吐息と「ツルツル秘部」に溺れた至高の本番GHRフィニッシュ体験記 #8/27 #本日出勤 #神奈川,2,2,0,0.0,370
2026-08-28,1668882,【8/27出勤】【Gカップ】【錦糸町】初回本番解禁！ムチムチ美女の「名器の締め付け」と、MBから溢れる巨乳に溺れる。至高のGHRフィニッシュ体験記 #8/27 #本日出勤 #東京都内,1,1,0,0.0,542
2026-08-28,1656054,"【8/27.28出勤】【Jカップ】【大宮】初回から至高の本番NS生挿入！視界を覆う爆乳スタンプ…合意の上で堕ちた締まりに悶絶体験記 #8/27,8/28 #本日出勤 #埼玉",1,1,0,0.0,663
2026-08-28,1668292,"【8/27.29.31出勤】【Iカップ】【新宿】爆乳解禁。清楚系アイドル美女の「生乳PZ」と、理性を奪う中出し。至高のフィニッシュ体験記 #8/27,8/29,8/31 #本日出勤 #東京都内",0,0,0,0.0,206
2026-08-28,1710833,"【8/27.30出勤】【Fカップ】【中目黒】清楚系美女の溢れるFカップ爆乳に溺れる至高の本番GHR体験記 #8/27,8/30 #本日出勤 #東京都内",1,1,0,0.0,236
2026-08-28,1662519,"【8/27.28.29出勤】【Iカップ】【北千住】爆乳と「爆裂美尻」の衝撃！理性を溶かす密着オイルから、生の熱量に溺れた至高の初回本番HR体験記！ #8/27,8/28,8/29 #本日出勤 #東京都内",2,2,0,0.0,371
2026-08-28,1639983,"【8/27.28.30出勤】【Gカップ】【中野】初回から巨乳ギャルのフルスロットルの寛容度。生Fからの「最後どうする？」で本番GHR。 #8/27,8/28,8/30 #本日出勤 #東京都内",1,1,0,0.0,582
2026-08-28,1754553,"【8/27.30 | 9/1出勤】【Hカップ】【登戸】神乳PZで絶頂！細身巨乳美女の「 naked密着」と、鏡越しprprに溺れる至高のフィニッシュ体験記 #8/27,8/30,9/1 #本日出勤",0,0,0,0.0,172
2026-08-28,1640011,"【8/27.28.29出勤】【Gカップ】【池袋】池田エライザ似の爆乳美女と初回から「禁断の中出しNN合体」！深夜枠で溺れた、むっちりマシュマロボディの誘惑 #8/27,8/28,8/29 #本日出勤 #東京都内",2,2,0,0.0,509
2026-08-28,1677621,【8/27出勤】【Gカップ】【浦和】禁断のモロ出し。Gカップ美女の「生乳PZ」と、吐息が重なる濃厚フィニッシュ体験記 #8/27 #本日出勤 #埼玉,2,2,0,0.0,408
2026-08-28,1655202,"【8/27.31出勤】【Gカップ】【横浜】初回極上PZの衝撃！初回から弾力MAXのOPIスタンプと禁断の密着洗体…NPの誘惑に搾り取られるPZフィニッシュ #8/27,8/31 #本日出勤 #神奈川",3,3,0,0.0,497
2026-08-28,1653925,"【8/27.28.29出勤】【Fカップ】【新宿】初回から現役JDと濃厚DK＆生本番級GHR！スベスベ美肌の妹系美女と溺れる超密着PZの衝撃！#本日出勤 #8/27,8/28,8/29 #本日出勤 #東京都内",0,0,0,0.0,356
2026-08-28,1683683,"【8/27.31出勤】【Gカップ】【横浜】洗体アシストで悶絶。巨乳美女の「生乳PZ」と、密着バックご奉仕に溺れる至高のフィニッシュ体験記 #8/27,8/31 #本日出勤 #神奈川",5,5,0,0.0,320
2026-08-28,1623774,"【8/27.29.30出勤】【Jカップ】【池袋】「時間があるなら2回でもいいよ♥」初回からJカップ爆乳美女の神対応。無料パイズリPZの快感に溺れた、高身長元キャバ嬢との夜 #8/27,8/29,8/30 #本日出勤 #東京都内",4,4,0,0.0,1015
2026-08-28,1762949,【8/27出勤出勤】【Gカップ】【本厚木】HP通り可愛い美女のと一緒に入る泡洗体に溺れる至高の本番GHR体験記 #8/27 #本日出勤 #神奈川,10,10,0,0.0,370
2026-08-28,1683635,"【8/27.28 | 9/2出勤】【Eカップ】【登戸/溝の口】色白スレンダー美女の「超絶NF奉仕」と、上に跨り繋がる至高のGHR体験記 #8/27,8/28,9/2 #本日出勤",2,2,0,0.0,330
2026-08-28,1754531,【8/27出勤】【Gカップ】【赤坂】驚愕の神乳PZ！林ゆめ似の超絶スレンダー巨乳と、ゼロ距離密着に理性が溶ける体験記 #8/27 #本日出勤 #東京都内,6,6,0,0.0,336
2026-08-28,1802001,"【8/27.28.30出勤】【Kカップ】【池袋】Kカップお姉さん美女のMB密着と爆乳PZフィニッシュ体験記 #8/27,8/28,8/30 #本日出勤 #東京都内",4,4,0,0.0,63
2026-08-28,1710821,"【8/27.29.30出勤】【Gカップ】【新宿】元グラドルのH超え爆乳と「２回戦本番HR」に壊される、支配的な至高の体験記 #8/27,8/29,8/30 #本日出勤 #東京都内",10,10,0,0.0,377
2026-08-28,1656212,"【8/27.28.29出勤】【Jカップ】【吉祥寺】視界を塞ぐ爆乳の壁！ソファーでの密着ハグから搾り取られる、至高のPZ(パイズリ)フィニッシュ体験記！ #8/27,8/28,8/29 #本日出勤",3,3,0,0.0,547
2026-08-28,1656071,"【8/28.29出勤】【Dカップ】【大宮】パフィーニップルの誘惑とSPPN密着！理性が吹き飛ぶ「NS生挿入」フィニッシュ体験記！ #8/28,8/29 #埼玉",2,2,0,0.0,409
2026-08-28,1798265,"【8/29.30.31出勤】【Hカップ】【流山おおたかの森】極上神乳PZで絶頂！過去一柔らかい天然Hカップ美女の超密着パイズリ体験記 #8/29,8/30,8/31 #千葉",4,4,0,0.0,173
2026-08-28,1798255,"【8/28.29.30出勤】【Gカップ】【津田沼】むちむちボブ美女AN密着に狂う本番GHR体験記 #8/28,8/29,8/30 #千葉",8,8,0,0.0,195
2026-08-28,1655143,【8/28出勤】【Fカップ】【横浜】隠れ家で堕ちる「脱衣プレイ」とNBRの誘惑…至近距離で見つめられ搾り取られる極上PZ(パイズリ)の衝撃！ #8/28 #神奈川,4,4,0,0.0,194
2026-08-28,1817039,【9/1出勤】【Iカップ】【本厚木】爆乳美女と無課金本番解禁！紙パンツ脱ぎ捨てトロ顔GHR体験記 #9/1 #神奈川,11,11,0,0.0,136
2026-08-28,1663765,【8/29出勤】【Hカップ】【新宿】初回中出しNN解禁！沖縄出身ギャルと生in。至高の美ボディと「密着中出し」に溺れる、新宿の禁断生挿入フィニッシュ体験記 #8/29 #東京都内,5,5,0,0.0,138
2026-08-28,1761543,"【8/28.30出勤】【Eカップ】【中野】本番解禁！高身長Fカップ女子大生の「数の子天井ナカ出し」とSPPN密着に溺れる至高のGHR体験記 #8/28,8/30 #東京都内",5,5,0,0.0,138
2026-08-28,1597345,【8/29出勤】【Iカップ】【品川】高身長ムチムチ聖母の「生OPI」洗礼！SKSK衣装から溢れる爆乳PZ(パイズリ)体験記 #8/29 #東京都内,14,14,0,0.0,1059
2026-08-28,1656219,"【8/28.30出勤】【Fカップ】【吉祥寺】初回から濃厚PZ(パイズリ)から搾り取られる、至高の本番HRフィニッシュ！Gカップに溺れる「密着ソファー」の誘惑 #8/28,8/30",3,3,0,0.0,450
2026-08-28,1673756,【8/28出勤】【Fカップ】【大宮】爆乳解禁！追加なしの極上PZ。至高の肉感と密着ハグに溺れるパイズリフィニッシュ体験記 #8/28 #埼玉,3,3,0,0.0,229
2026-08-28,1663730,【8/26出勤】【Gカップ】【新宿】現役AV女優と禁断の初回本番GHR！熟練タイ古式と爆乳に搾り取られる、新宿の至高フィニッシュ体験記！ #8/26 #東京都内,1,1,0,0.0,140
2026-08-28,1761541,"【8/29.30出勤】【Gカップ】【品川】驚愕の神乳PZ！清楚系お姉さんの「naked密着」と、ゼロ距離奉仕に理性が溶ける体験記 #8/29,8/30 #東京都内",7,7,0,0.0,183
2026-08-28,1677604,【9/1出勤】【Fカップ】【赤羽】「アニメ声」たぬき顔美女と初回本番解禁！密着マッサージに溺れる至高のGHRフィニッシュ体験記 #9/1 #埼玉,4,4,0,0.0,561
2026-08-28,1651485,【8/26出勤】【Gカップ】【登戸】初回から「ねぇ、もう一回しよ♥」極上Gカップに溺れる本番NS二回転フィニッシュ #8/26,3,3,0,0.0,349
2026-08-28,1780559,"【8/28.29.30出勤】【Fカップ】【池袋】生ハメNNで絶頂！リアルアイドル顔美女の超濃厚ヌルヌル密着と至高のNN体験記 #8/28,8/29,8/30 #東京都内",7,7,0,0.0,167
2026-08-28,1601302,【8/30出勤】【Hカップ】【恵比寿】初回から「ちゃんと着けるから、挿れてもいい？♥」淫らな聖女の逆指名。現役看護師と堕ちる、ヌルヌル密着の絶頂本番HR #8/30 #東京都内,10,10,0,0.0,865
2026-08-28,1754540,"【8/28.29 | 9/1出勤】【Hカップ】【新宿】驚愕の爆乳PZ！清楚系色白スレンダー美女のゼロ距離密着と、脳がとろける至高の体験記 #8/28,8/29,9/1 #東京都内",4,4,0,0.0,129
2026-08-28,1656118,【8/28出勤】【Gカップ】【大宮】初回から巨乳MBのPZ多幸感！密着オイルで理性を溶かし、巨大な肉圧で搾り取られる至高の快楽 #8/28 #埼玉,3,3,0,0.0,238
2026-08-28,1828762,"【8/27 | 9/2.3出勤】【Hカップ】【溝の口】天然H神乳美女のノーブラニット密着PZで絶頂！顔面胸当て体験記 #8/27,9/2,9/3 #本日出勤 #神奈川",10,10,0,0.0,19
2026-08-28,1642194,【8/26出勤】【Fカップ】【登戸】街で二度見する爆美女と「密着シャワー」の悦楽…初回から奥地まで咥え込む濃厚Fで昇天！ #8/26,1,1,0,0.0,287
2026-08-28,1663754,【8/25.26出勤】【Gカップ】【新宿】初回から境界線を超えた超密着！JD美女と溶け合う「生感覚」の衝撃。極上本番HRフィニッシュ,2,2,0,0.0,148
2026-08-28,1683650,【8/29出勤】【Hカップ】【浦和】NN解禁！爆乳美女への「生挿入中出し」と溢れるデカ尻に溺れる至高の体験記 #8/29 #埼玉,2,2,0,0.0,503
2026-08-28,1639998,【8/28出勤】【Kカップ】【銀座】揉みごたえ充分の巨乳は感度も抜群！ ふわふわおっ杯で濃厚密着PZ(パイズリ) #8/28 #東京都内,3,3,0,0.0,794
2026-08-28,1794515,"【8/29.30出勤】【Jカップ】【大宮】地雷系むちむち美女本番解禁！トップレス密着に狂うGHR体験記 #8/29,8/30 #埼玉",1,1,0,0.0,136
2026-08-28,1653910,"【8/27.28出勤】【Fカップ】【新宿】お風呂屋超えの濃厚PZ(パイズリ)！Fカップ美乳嬢と溺れる「寸止め地獄」と「密着DKフィニッシュ」 #8/27,8/28 #本日出勤 #東京都内",0,0,0,0.0,198
2026-08-28,1667095,"【8/28.29.30出勤】【Fカップ】【関内】初回から理性が決壊する一線越え。本格派美女の「お口で装着」と名器の締め付けに溺れた至高のGHRフィニッシュ体験記 #8/28,8/29,8/30 #神奈川",1,1,0,0.0,685
2026-08-28,1656283,【8/29出勤】【Fカップ】【調布】清楚な顔立ちに潜む、驚愕の「名器」と感度…理性が決壊する交渉の末、生の温もりに溺れた至高の初回本番HR体験記！ #8/29,3,3,0,0.0,498
2026-08-28,1823559,"【8/27.29.30出勤】【Fカップ】【秋葉原】ハーフモデル美女神乳PZで絶頂！細身Gカップ密着とスリット全開体験記 #8/27,8/29,8/30 #本日出勤 #東京都内",5,5,0,0.0,28
2026-08-28,1599734,"【8/28.30出勤】【Gカップ】【新宿】初回で合体まで至った至福の本番HR体験記「このGカップ、本物だ…」若さ弾ける爆乳美女の神対応。 #8/28,8/30 #東京都内",0,0,0,0.0,185
2026-08-28,1780542,"【8/27.28.29出勤】【Hカップ】【新宿】神乳PZで絶頂！天然Hカップ美女の透けビキニ密着と至高のフィニッシュ体験記 #8/27,8/28,8/29 #本日出勤 #東京都内",1,1,0,0.0,53
2026-08-28,1662507,"【8/27.30.31出勤】【Gカップ】【五反田】金額交渉なしの神展開！「今日は特別だよ…♥」と囁かれ、生の温もりに溺れた至高の初回生挿入NS体験記！ #8/27,8/30,8/31 #本日出勤 #東京都内",1,1,0,0.0,440
2026-08-28,1655259,【8/28出勤】【Eカップ】【新宿】至高のPZで悶絶！柔らか巨乳の密着スタンプと「もう1回できる？」と囁かれる悦楽 #8/28 #東京都内,1,1,0,0.0,174
2026-08-28,1677586,【8/28出勤】【Gカップ】【大宮】初回本番解禁！新人美女の「初めてのin」と、重力に抗えない爆乳に溺れる。至高のGHRフィニッシュ体験記 #8/28 #埼玉,1,1,0,0.0,219
2026-08-28,1656105,【9/1出勤】【Fカップ】【大宮】密着オイル攻めの果てに迎えた、衝撃の初回本番HRフィニッシュ！ #9/1 #埼玉,0,0,0,0.0,470
2026-08-28,1667110,【8/27出勤】【Fカップ】【武蔵小杉】境界線を超えた密着。グラビア級美女の「おっとり吐息」と名器に溺れる、至高の初回本番GHRフィニッシュ体験記 #8/27 #本日出勤 #神奈川,0,0,0,0.0,334
2026-08-28,1798245,【8/29出勤】【Iカップ】【南流山/流山おおたかの森】爆乳JD美女と本番解禁！オイルパイ挟みに狂うGHR体験記,1,1,0,0.0,141
2026-08-28,1820244,【8/23出勤】【Fカップ】【国分寺】美くびれ巨乳美女と本番解禁！長い爪フェザー密着GHR体験記,0,0,0,0.0,83
2026-08-28,1788175,"【8/27.28.29出勤】【Fカップ】【練馬】本番解禁！YouTuberかすちゃん似美女のおっぱい密着に狂うGHR体験記 #8/27,8/28,8/29 #本日出勤 #東京都内",1,1,0,0.0,109
2026-08-28,1683671,"【8/28.29.30出勤】【Eカップ】【大宮】AV女優黒川すみれ似美女の「生乳PZ」と、Sっ気溢れる言葉責めに溺れる至高の体験記 #8/28,8/29,8/30 #埼玉",1,1,0,0.0,240
2026-08-28,1824707,"【8/27.28.30出勤】【Gカップ】【大和】白ギャル系の巨乳神乳PZで絶頂！全裸密着とロケット巨乳パイズリ体験記 #8/27,8/28,8/30 #本日出勤 #神奈川",2,2,0,0.0,31
2026-08-28,1655185,"【8/27.30出勤】【Gカップ】【横浜】癒し系お姉さんの「隠しきれないHカップ」に悶絶！密着オイルから搾り取られる、至高のPZ(パイズリ)フィニッシュ体験記 #8/27,8/30 #本日出勤 #神奈川",1,1,0,0.0,633
2026-08-28,1828751,"【8/27.28.29出勤】【Fカップ】【成増】小動物系Fカップ美女と本番解禁！透け衣装密着GHR体験記 #8/27,8/28,8/29 #本日出勤 #東京都内",3,3,0,0.0,22
2026-08-28,1828755,【8/27出勤】【Hカップ】【恵比寿】生挿入NS解禁！爆乳美女の生フェラ密着NS体験記 #8/27 #本日出勤 #東京都内,2,2,0,0.0,36
2026-08-28,1824723,"【8/27.28.29出勤】【Hカップ】【溝の口】小柄むっちり巨乳美女の神乳PZで絶頂！トップレス密着と顔面胸スタンプ体験記 #8/27,8/28,8/29 #本日出勤 #神奈川",3,3,0,0.0,37
2026-08-28,1802007,"【8/28.30出勤】【Fカップ】【中野】現役学生の高身長童顔美女と楽しむ至高の本番GHR体験記 #8/28,8/30 #東京都内",1,1,0,0.0,24
2026-08-28,1823574,"【8/27.28.29出勤】【Gカップ】【秋葉原】生挿入NS解禁！小顔くびれ美巨乳美女の生中出し濃厚DKS体験記 #8/27,8/28,8/29 #本日出勤 #東京都内",1,1,0,0.0,37
2026-08-28,1771375,【8/30出勤】【Gカップ】【恵比寿】天然Gカップ美女のとZNR洗体に溺れる至高のGHR体験記 #8/30 #東京都内,0,0,0,0.0,41
2026-08-28,1823563,【8/30出勤】【Gカップ】【秋葉原】19歳ハーフ系Gカップ美女と本番解禁！騎乗位密着GHR体験記 #8/30 #東京都内,3,3,0,0.0,44
2026-08-28,1823572,【8/21出勤】【Hカップ】【秋葉原】生挿入NS解禁！色白グラマー巨乳美女と全裸密着NS体験記 #東京都内,2,2,0,0.0,26
2026-08-28,1662542,【8/29出勤】【Eカップ】【横浜】至福の初回NS生本番挿入！お腹への発射で締める、最高級の「パコ姫」ホスピタリティ体験記！ #8/29 #神奈川,0,0,0,0.0,176
2026-08-28,1817054,"【8/28.29出勤】【Fカップ】【武蔵小杉】本番解禁！たぬき顔美女の盛MN密着GHR体験記 #8/28,8/29 #神奈川",0,0,0,0.0,63
2026-08-28,1623796,"【8/28.30出勤】【Fカップ】【中野】「あとで脱がせる方がERいでしょ♥」Fカップ清楚系セラピストと堕ちる、濃厚DK＆背徳の初回本番NS90分 #8/28,8/30 #東京都内",2,2,0,0.0,353
2026-08-28,1762959,【8/28出勤】【Fカップ】【綱島】神乳PZで絶頂！エロ可愛いムッチリ巨乳のマイクロビキニ密着と至高のフィニッシュ体験記 #8/28 #神奈川,0,0,0,0.0,134
2026-08-28,1820272,【8/27出勤】【Jカップ】【秋葉原】爆乳ゆるふわ美女の神乳PZで絶頂！MB密着と顔面埋まり体験記 #8/27 #本日出勤 #東京都内,2,2,0,0.0,44
2026-08-28,1817046,"【8/27.28出勤】【Hカップ】【武蔵小杉】生のまま中出し解禁！美形細身巨乳美女の全裸密着と生本番NNフィニッシュ体験記 #8/27,8/28 #本日出勤 #神奈川",2,2,0,0.0,103
2026-08-28,1710842,【8/25出勤】【Gカップ】【恵比寿】ゴマキ似ギャル美女と本番解禁！スレンダー巨乳に溺れる至高のGHR体験記 #東京都内,2,2,0,0.0,340
2026-08-28,1761550,【8/24出勤】【Gカップ】【中野】本番解禁！柏木由紀似OLと一緒に入る泡洗体に溺れる至高のGHR体験記,0,0,0,0.0,77
2026-08-28,1762946,【8/29出勤】【Hカップ】【横浜】170cmの48Kgスーパーモデル級美人のKP剥ぎ取り密着に狂う本番GHR体験記 #8/29 #神奈川,1,1,0,0.0,115
2026-08-28,1822419,"【8/27.28.29出勤】【Jカップ】【新宿】神乳PZで絶頂！Jカップ美女MB密着と未体験の極圧パイズリ体験記 #8/27,8/28,8/29 #本日出勤 #東京都内",0,0,0,0.0,14
2026-08-28,1823553,"【8/27.29.30出勤】【Gカップ】【秋葉原】低身長ロリ巨乳美女と本番解禁！トップレス密着GHR体験記 #8/27,8/29,8/30 #本日出勤 #東京都内",5,5,0,0.0,61
2026-08-28,1822402,【8/30出勤】【Gカップ】【登戸】色白小顔ギャル美女と本番解禁！一緒シャワー全裸密着GHR体験記 #8/30,0,0,0,0.0,18
2026-08-28,1822409,【8/18出勤】【Fカップ】【恵比寿】神乳綺麗系お姉さんのMB密着と至高のパイズリ体験記 #東京都内,1,1,0,0.0,44
2026-08-28,1821353,【8/22出勤】【Fカップ】【渋谷】モデル級スレンダー巨乳美女と本番解禁！顔面胸乗せ密着GHR体験記 #東京都内,0,0,0,0.0,35
2026-08-28,1662532,【8/16出勤】【Hカップ】【吉祥寺】クラスの可愛い子と「恋人気分」！水袋のような弾力のHカップで搾り取られる、至高のPZ(パイズリ)フィニッシュ体験記！,0,0,0,0.0,129
2026-08-28,1656126,"【8/28.30出勤】【Gカップ】【大宮】「ムチふわ爆乳」の誘惑…おっぱいスタンプから搾り取られる、至高のPZ(パイズリ)フィニッシュ体験記！ #8/28,8/30 #埼玉",0,0,0,0.0,159
2026-08-28,1821346,【8/20出勤】【Fカップ】【渋谷】神乳美女の紐MB密着と至高のパイズリ体験記 #東京都内,1,1,0,0.0,44
2026-08-28,1820251,"【8/28.31 | 9/1出勤】【Hカップ】【恵比寿】巨乳大学生美女と本番解禁！MB密着GHR体験記 #8/28,8/31,9/1 #東京都内",3,3,0,0.0,60
2026-08-28,1817000,"【8/27.28.29出勤】【Eカップ】【笹塚】爆乳美女の無課金生外だしと全裸お触り密着に狂う体験記 #8/27,8/28,8/29 #本日出勤 #東京都内",4,4,0,0.0,69
2026-08-28,1820247,【8/29出勤】【Hカップ】【新宿】グラマラス爆乳美女と本番解禁！TL密着GHR体験記 #8/29 #東京都内,0,0,0,0.0,15
2026-08-28,1708502,"【8/29.31出勤】【Gカップ】【新宿】本番解禁！白川理桜似のGカップ美女と「密着中出し」。理性を焼き切る至高のGHR体験記 #8/29,8/31 #東京都内",0,0,0,0.0,69
2026-08-28,1788157,【8/27出勤】【Gカップ】【吉祥寺】本番解禁！HP通り美人なムッチリ巨乳と密着69に理性が溶けるGHR体験記 #8/27 #本日出勤,1,1,0,0.0,41
2026-08-28,1761532,【8/27出勤】【Gカップ】【渋谷】本番解禁！現役女子大生のとSPPNで絡み合う至高のGHR体験記 #8/27 #本日出勤 #東京都内,0,0,0,0.0,116
2026-08-28,1817022,"【8/27.30出勤】【Fカップ】【新宿】池田エライザ似ハーフ美女のTL密着と至高のPZフィニッシュ体験記 #8/27,8/30 #本日出勤 #東京都内",0,0,0,0.0,16
2026-08-28,1817029,"【8/27.28出勤】【Fカップ】【赤坂】ツルスベ巨乳美女のSPPN全裸密着と怒涛のPZフィニッシュ体験記 #8/27,8/28 #本日出勤 #東京都内",1,1,0,0.0,66
2026-08-28,1683630,【8/29出勤】【Fカップ】【荻窪】22歳Fカップ美女の「名器の締め付け」と爆乳密着に溺れる至高の初回GHRフィニッシュ体験記 #8/29,0,0,0,0.0,209
2026-08-28,1817043,"【8/27.28.29出勤】【Jカップ】【藤沢】天然Jカップ巨乳美女がキャミ脱ぎ捨てからの本番GHR体験記 #8/27,8/28,8/29 #本日出勤 #神奈川",3,3,0,0.0,63
2026-08-28,1817008,【8/30出勤】【Iカップ】【新宿】神乳PZで絶頂！ハーフ系二重美女の爆乳パイズリと至高の密着体験記 #8/30 #東京都内,0,0,0,0.0,26
2026-08-28,1817004,"【8/27.28.29出勤】【Gカップ】【新宿】むちむち可愛い系美女のマイクロビキニ密着と神乳PZフィニッシュ体験記 #8/27,8/28,8/29 #本日出勤 #東京都内",0,0,0,0.0,10
2026-08-28,1780536,"【8/29.30出勤】【Gカップ】【多摩】生ハメNNで絶頂！小顔グラマラス美女の超密着ヌルヌル本番と至高の体験記 #8/29,8/30",0,0,0,0.0,90
2026-08-28,1663647,【8/23出勤】【Fカップ】【新宿】新宿の現役学生と初回「生in」中出し！スレンダー美女の絶景と吐息に溺れる至高のフィニッシュ体験記！,0,0,0,0.0,82
2026-08-28,1797240,【8/27出勤】【Iカップ】【溝の口】ぱるる系清楚アイドルと本番解禁！新人美巨乳密着に狂うGHR体験記 #8/27 #本日出勤,0,0,0,0.0,38
2026-08-28,1808348,【9/1出勤】【Hカップ】【秋葉原】 #9/1 #東京都内,1,1,0,0.0,35
2026-08-28,1662490,"【8/31 | 9/3.4出勤】【Lカップ】【秋葉原】視界を覆う「おっぱいスタンプ」から搾り取られるPZ(パイズリ)フィニッシュ体験記！水袋のような超軟乳の至高のPZ(パイズリ)の衝撃！ #8/31,9/3,9/4 #東京都内",1,1,0,0.0,561
2026-08-28,1664794,【8/27出勤】【Gカップ】【横浜】初回から理性が決壊する一線越え。Gカップ美女の吐息と「名器の締め付け」に溺れた至高のGHRフィニッシュ体験記 #8/27 #本日出勤 #神奈川,0,0,0,0.0,198
2026-08-28,1789466,【8/23出勤】【Hカップ】【海老名】本番解禁！Fカップおっとり美人と生まれたて全裸密着に狂うGHR体験記,0,0,0,0.0,81
2026-08-28,1806934,【8/5出勤】【Hカップ】【西麻布】本番NS解禁！長身スレンダー美女の四つん這い紙パンツちぎりに狂う体験記 #東京都内,0,0,0,0.0,26
2026-08-28,1806911,"【8/27.28.29出勤】【Eカップ】【新宿】ピンク髪スレンダー美女の丸出し密着に狂うGHR体験記 #8/27,8/28,8/29 #本日出勤 #東京都内",0,0,0,0.0,12
2026-08-28,1806940,【8/28出勤】【Hカップ】【新宿】グラマラス爆乳美女と膝上乗っかり密着に狂う本番GHR体験記 #8/28 #東京都内,0,0,0,0.0,25
2026-08-28,1771377,"【8/27.30出勤】【Iカップ】【秋葉原】爆乳美女のおっぱいポロン密着に狂う本番GHR体験記 #8/27,8/30 #本日出勤 #東京都内",2,2,0,0.0,88
2026-08-28,1651197,【8/23出勤】【Hカップ】【中野】「手でやらなきゃいいでしょ？」可愛い顔してPZ(パイズリ)で翻弄する小悪魔系美女,0,0,0,0.0,184
2026-08-28,1656077,【8/30出勤】【Iカップ】【大宮】おわん型巨乳の重圧と「生」の温もり…感度抜群の地雷系美女と堕ちる、衝撃の初回本番NSフィニッシュ！ #8/30 #埼玉,0,0,0,0.0,176
2026-08-28,1667126,【8/29出勤】【Gカップ】【武蔵小杉】ニコル似Iカップ美女の初回本番「生in」。至高のNSフィニッシュ体験記 #8/29 #神奈川,0,0,0,0.0,151
2026-08-28,1802005,【8/5出勤】【Gカップ】【銀座】人生イチ綺麗なGカップ！福岡美人によるツバ垂らしPZとSPPN密着体験記 #東京都内,3,3,0,0.0,43
2026-08-28,1677614,【7/31出勤】【Fカップ】【浦和】低身長巨乳と密着。色白美肌美女の「生乳PZ」と、耳元への吐息に溺れる至高のフィニッシュ体験記,0,0,0,0.0,226
2026-08-28,1762969,【8/21出勤】【Gカップ】【横浜】神乳PZで絶頂！Gカップアイドル顔美女のマイクロビキニポロリと至高のフィニッシュ体験記 #神奈川,0,0,0,0.0,98
2026-08-28,1598368,"【8/29.30出勤】【Iカップ】【秋葉原】焦らしの美学に完敗！プロの脚本で堕ちる「鏡越しの背徳ANR」と至福のPZ(パイズリ)フィニッシュ #8/29,8/30 #東京都内",0,0,0,0.0,610
2026-08-28,1797226,"【8/29.30出勤】【Fカップ】【北千住】ギャル系美人の無課金GHR！紙パンツなし超密着に狂う至高の体験記 #8/29,8/30 #東京都内",2,2,0,0.0,100
2026-08-28,1797257,"【8/27.28.29出勤】【Hカップ】【恵比寿】神乳PZで絶頂！小柄可愛い巨乳美女の極上マイクロビキニ密着と至高のフィニッシュ体験記 #8/27,8/28,8/29 #本日出勤 #東京都内",0,0,0,0.0,60
2026-08-28,1797247,【8/20出勤】【Hカップ】【三軒茶屋】天然Gカップロリ体型美女と本番！ふわふわマシュマロ密着に狂うGHR体験記,1,1,0,0.0,3
2026-08-28,1654034,【8/22出勤】【Fカップ】【武蔵小杉】有村架純似の可憐な美女と溺れる「主導権剥奪」の100分…最後は理性を超える初回本番GHRフィニッシュ！,0,0,0,0.0,216
2026-08-28,1708856,"【8/27.29出勤】【Dカップ】【麻布】清楚系美女の本番とMBからはみ出す両CKBに溺れる至高のGHR体験記 #8/27,8/29 #本日出勤 #東京都内",1,1,0,0.0,80
2026-08-28,1642392,"【9/2.4出勤】【Gカップ】【秋葉原】甘えたがり必見!!高身長Hカプお姉さんのお◯ぱい密着天国からのPZ(パイズリ)フィニッシュ！ #9/2,9/4 #東京都内",2,2,0,0.0,260
2026-08-28,1755449,"【8/29.30出勤】【Hカップ】【五反田】伝説級の超マシュマロ巨乳PZ！漫画スタイルの爆乳に溺れる至高のフィニッシュ体験記 #8/29,8/30 #東京都内",1,1,0,0.0,214
2026-08-28,1662528,"【8/28.29出勤】【Gカップ】【新宿】金額交渉で堕ちる「生の温もり」！密着オイルから不意打ちの絶品F、そして衝撃の初回本番HRフィニッシュへ！ #8/28,8/29 #東京都内",0,0,0,0.0,59
2026-08-28,1788140,"【8/27.28.29出勤】【Fカップ】【恵比寿】本番解禁！パネマジなし綺麗系美女の天然巨乳に溺れる至高のGHR体験記 #8/27,8/28,8/29 #本日出勤 #東京都内",2,2,0,0.0,51
2026-08-28,1662554,"【8/28.30出勤】【Gカップ】【中野】高身長スレンダー×天然ロケットπ開始30分で理性が決壊！細身の体に宿る巨乳の衝撃と、禁断の初回NSフィニッシュ体験記！ #8/28,8/30 #東京都内",1,1,0,0.0,171
2026-08-28,1764682,【8/28出勤】【Gカップ】【 大宮】Gカップ美女のMBはみ出し密着と至高のPZパイズリフィニッシュ体験記 #8/28 #埼玉,0,0,0,0.0,89
2026-08-28,1678781,【7/4出勤】【Gカップ】【船橋】生乳爆乳PZ解禁。色白美肌美女と悪戯な囁きに溺れる至高のフィニッシュ体験記 #千葉,1,1,0,0.0,254
2026-08-28,1708852,"【8/27.28出勤】【Fカップ】【麻布】NN解禁！クール系美女の「生挿入中出し」と、神スタイルに溺れる至高のフィニッシュ体験記 #8/27,8/28 #本日出勤 #東京都内",0,0,0,0.0,72
2026-08-28,1653916,【8/30出勤】【Gカップ】【新宿】ロシア系クォーターの至高ボディ！爆揺れ巨乳に埋もれる「魔性の69」と絶品PZ(パイズリ)フィニッシュ #8/30 #東京都内,0,0,0,0.0,156
2026-08-28,1754547,"【8/30.31 | 9/1出勤】【Eカップ】【新宿】本番解禁！猫顔スレンダー美女の「名器中出し」と、関西弁の甘い誘惑に溺れる至高のGHR体験記 #8/30,8/31,9/1 #東京都内",0,0,0,0.0,52
2026-08-28,1650404,【8/29出勤】【Fカップ】【新宿】「特別コースですから…♥」橋本マナミ風お姉さんの透け衣装誘惑。ムチムチFカップと溶け合う初回PZ(パイズリ)による至福の夜 #8/29 #東京都内,0,0,0,0.0,135
2026-08-28,1654061,【6/26出勤】【Fカップ】【相模大野】メジャーアイドル級美女と溺れる「KPなし」の密着洗体…最後はG着用で果てる禁断の絶頂本番HR体験！,0,0,0,0.0,142
2026-08-28,1710810,"【8/27.29.30出勤】【Gカップ】【新宿】乃木坂系美女と密着本番HR。アニメ級の爆乳に溺れる、至高のGHRフィニッシュ体験記 #8/27,8/29,8/30 #本日出勤 #東京都内",0,0,0,0.0,57
2026-08-28,1655253,"【8/29.30出勤】【Gカップ】【新宿】コスプレ級美女と堕ちる「禁断の本番」！溢れ出す爆乳おっぱいスタンプと、本番GHRの積極的な誘いに理性が溶ける至福の90分！ #8/29,8/30 #東京都内",0,0,0,0.0,52
2026-08-28,1668275,【8/26出勤】【Fカップ】【新宿】九州出身セクシー美女の「おっとり吐息」と名器に溺れる、至高の初回本番GHRフィニッシュ体験記 #8/26 #本日出勤 #東京都内,0,0,0,0.0,42
2026-08-28,1663737,【8/22出勤】【Gカップ】【新宿】本番解禁！福原遥似の美少女とGHR。お椀型巨乳とヌルヌル密着オイルに溺れる至高のフィニッシュ体験記,0,0,0,0.0,46
2026-08-28,1657099,都内出勤カレンダー,0,0,0,0.0,437
2026-08-28,1657105,埼玉県(大宮)出勤カレンダー,0,0,0,0.0,192
2026-08-28,1657104,横浜周辺出勤カレンダー,1,1,0,0.0,161
2026-08-28,1657101,多摩(吉祥寺)周辺カレンダー,0,0,0,0.0,148
2026-08-28,1648133,【4/3.5出勤】【Gカップ】【田町】【PZ】20歳のふわっふわH乳によるグラインドPZ(パイズリ)でSKR #東京都内,0,0,0,0.0,96
2026-08-29,1836306,【8/29出勤】【Hカップ】【成田】圧倒的爆乳美女と本番解禁！全裸騎乗位密着GHR体験記,0,0,0,0.0,0
2026-08-29,1798255,"【8/29.30出勤】【Gカップ】【津田沼】むちむちボブ美女AN密着に狂う本番GHR体験記 #8/29,8/30 #千葉",4,4,0,0.0,199
2026-08-29,1789466,【8/28出勤】【Hカップ】【海老名】本番解禁！Fカップおっとり美人と生まれたて全裸密着に狂うGHR体験記 #8/28 #神奈川,1,1,0,0.0,84
2026-08-29,1817029,【8/28出勤】【Fカップ】【赤坂】ツルスベ巨乳美女のSPPN全裸密着と怒涛のPZフィニッシュ体験記 #8/28 #東京都内,0,0,0,0.0,71
2026-08-29,1817046,【8/28出勤】【Hカップ】【武蔵小杉】生のまま中出し解禁！美形細身巨乳美女の全裸密着と生本番NNフィニッシュ体験記 #8/28 #神奈川,3,3,0,0.0,111
2026-08-29,1823574,"【8/29.30.31出勤】【Gカップ】【秋葉原】生挿入NS解禁！小顔くびれ美巨乳美女の生中出し濃厚DKS体験記 #8/29,8/30,8/31 #東京都内",4,4,0,0.0,44
2026-08-29,1656283,【8/29出勤】【Fカップ】【調布】清楚な顔立ちに潜む、驚愕の「名器」と感度…理性が決壊する交渉の末、生の温もりに溺れた至高の初回本番HR体験記！ #8/29,0,0,0,0.0,510
2026-08-29,1667095,"【8/29.30出勤】【Fカップ】【関内】初回から理性が決壊する一線越え。本格派美女の「お口で装着」と名器の締め付けに溺れた至高のGHRフィニッシュ体験記 #8/29,8/30 #神奈川",2,2,0,0.0,689
2026-08-29,1653910,【8/28出勤】【Fカップ】【新宿】お風呂屋超えの濃厚PZ(パイズリ)！Fカップ美乳嬢と溺れる「寸止め地獄」と「密着DKフィニッシュ」 #8/28 #東京都内,0,0,0,0.0,203
2026-08-29,1639998,【9/1出勤】【Kカップ】【銀座】揉みごたえ充分の巨乳は感度も抜群！ ふわふわおっ杯で濃厚密着PZ(パイズリ) #9/1 #東京都内,2,2,0,0.0,804
2026-08-29,1754540,"【8/29 | 9/1.2出勤】【Hカップ】【新宿】驚愕の爆乳PZ！清楚系色白スレンダー美女のゼロ距離密着と、脳がとろける至高の体験記 #8/29,9/1,9/2 #東京都内",0,0,0,0.0,132
2026-08-29,1780559,"【8/29.30.31出勤】【Fカップ】【池袋】生ハメNNで絶頂！リアルアイドル顔美女の超濃厚ヌルヌル密着と至高のNN体験記 #8/29,8/30,8/31 #東京都内",4,4,0,0.0,168
2026-08-29,1673756,【8/28出勤】【Fカップ】【大宮】爆乳解禁！追加なしの極上PZ。至高の肉感と密着ハグに溺れるパイズリフィニッシュ体験記 #8/28 #埼玉,1,1,0,0.0,233
2026-08-29,1656219,【8/30出勤】【Fカップ】【吉祥寺】初回から濃厚PZ(パイズリ)から搾り取られる、至高の本番HRフィニッシュ！Gカップに溺れる「密着ソファー」の誘惑 #8/30,1,1,0,0.0,455
2026-08-29,1655143,【8/28出勤】【Fカップ】【横浜】隠れ家で堕ちる「脱衣プレイ」とNBRの誘惑…至近距離で見つめられ搾り取られる極上PZ(パイズリ)の衝撃！ #8/28 #神奈川,1,1,0,0.0,197
2026-08-29,1656071,"【8/28.29出勤】【Dカップ】【大宮】パフィーニップルの誘惑とSPPN密着！理性が吹き飛ぶ「NS生挿入」フィニッシュ体験記！ #8/28,8/29 #埼玉",4,4,0,0.0,412
2026-08-29,1656212,"【8/29.30出勤】【Jカップ】【吉祥寺】視界を塞ぐ爆乳の壁！ソファーでの密着ハグから搾り取られる、至高のPZ(パイズリ)フィニッシュ体験記！ #8/29,8/30",3,3,0,0.0,549
2026-08-29,1802001,【8/30出勤】【Kカップ】【池袋】Kカップお姉さん美女のMB密着と爆乳PZフィニッシュ体験記 #8/30 #東京都内,3,3,0,0.0,65
2026-08-29,1683635,"【9/2.3.5出勤】【Eカップ】【登戸/溝の口】色白スレンダー美女の「超絶NF奉仕」と、上に跨り繋がる至高のGHR体験記 #9/2,9/3,9/5",4,4,0,0.0,331
2026-08-29,1653925,"【8/29.30.31出勤】【Fカップ】【新宿】初回から現役JDと濃厚DK＆生本番級GHR！スベスベ美肌の妹系美女と溺れる超密着PZの衝撃！#本日出勤 #8/29,8/30,8/31 #東京都内",1,1,0,0.0,357
2026-08-29,1640011,"【8/28.29出勤】【Gカップ】【池袋】池田エライザ似の爆乳美女と初回から「禁断の中出しNN合体」！深夜枠で溺れた、むっちりマシュマロボディの誘惑 #8/28,8/29 #東京都内",1,1,0,0.0,514
2026-08-29,1639983,【8/30出勤】【Gカップ】【中野】初回から巨乳ギャルのフルスロットルの寛容度。生Fからの「最後どうする？」で本番GHR。 #8/30 #東京都内,2,2,0,0.0,584
2026-08-29,1662519,"【8/29.30出勤】【Iカップ】【北千住】爆乳と「爆裂美尻」の衝撃！理性を溶かす密着オイルから、生の熱量に溺れた至高の初回本番HR体験記！ #8/29,8/30 #東京都内",11,11,0,0.0,381
2026-08-29,1656054,【8/28出勤】【Jカップ】【大宮】初回から至高の本番NS生挿入！視界を覆う爆乳スタンプ…合意の上で堕ちた締まりに悶絶体験記 #8/28 #埼玉,4,4,0,0.0,665
2026-08-29,1653899,"【8/31 | 9/1.2出勤】【Gカップ】【新宿】スレンダーな腰に「上向き巨乳」の奇跡…職場のマドンナ似との密着PZ(パイズリ) #8/31,9/1,9/2 #東京都内",4,4,0,0.0,251
2026-08-29,1656086,【8/29出勤】【Iカップ】【大宮】神スタイルと初回NSの悦楽！AI超えの美体と堕ちる「生の温もり」…2回戦連続フィニッシュ #8/29 #埼玉,3,3,0,0.0,490
2026-08-29,1836312,"【8/29.30出勤】【Hカップ】【柏】タヌキ顔Hカップ美女と本番解禁！ソファー密着GHR体験記 #8/29,8/30 #千葉",0,0,0,0.0,88
2026-08-29,1836299,"【8/29.30出勤】【Gカップ】【船橋】生のまま中出しNN解禁！華奢細身Gカップ美女の全裸密着と生本番フィニッシュ体験記 #8/29,8/30 #千葉",0,0,0,0.0,10
2026-08-29,1656274,【9/3出勤】【Fカップ】【登戸】溢れる巨乳Gカップの衝撃！密着オイル攻めから交渉で堕ちた、至高の「生感覚」本番GHRフィニッシュ体験記！ #9/3,2,2,0,0.0,249
2026-08-29,1667106,【8/27出勤】【Fカップ】【厚木】初回で理性が決壊。有村架純似Fカップ美女の吐息と「ツルツル秘部」に溺れた至高の本番GHRフィニッシュ体験記,5,5,0,0.0,371
2026-08-29,1668882,【8/27出勤】【Gカップ】【錦糸町】初回本番解禁！ムチムチ美女の「名器の締め付け」と、MBから溢れる巨乳に溺れる。至高のGHRフィニッシュ体験記,19,19,0,0.0,543
2026-08-29,1668292,"【8/29.31出勤】【Iカップ】【新宿】爆乳解禁。清楚系アイドル美女の「生乳PZ」と、理性を奪う中出し。至高のフィニッシュ体験記 #8/29,8/31 #東京都内",1,1,0,0.0,207
2026-08-29,1710833,【8/30出勤】【Fカップ】【中目黒】清楚系美女の溢れるFカップ爆乳に溺れる至高の本番GHR体験記 #8/30 #東京都内,4,4,0,0.0,238
2026-08-29,1754553,"【8/30 | 9/1.3出勤】【Hカップ】【登戸】神乳PZで絶頂！細身巨乳美女の「 naked密着」と、鏡越しprprに溺れる至高のフィニッシュ体験記 #8/30,9/1,9/3",3,3,0,0.0,173
2026-08-29,1677621,【12/8出勤】【Gカップ】【浦和】禁断のモロ出し。Gカップ美女の「生乳PZ」と、吐息が重なる濃厚フィニッシュ体験記 #12/8 #埼玉,7,7,0,0.0,409
2026-08-29,1655202,【8/31出勤】【Gカップ】【横浜】初回極上PZの衝撃！初回から弾力MAXのOPIスタンプと禁断の密着洗体…NPの誘惑に搾り取られるPZフィニッシュ #8/31 #神奈川,3,3,0,0.0,502
2026-08-29,1683683,【8/31出勤】【Gカップ】【横浜】洗体アシストで悶絶。巨乳美女の「生乳PZ」と、密着バックご奉仕に溺れる至高のフィニッシュ体験記 #8/31 #神奈川,3,3,0,0.0,322
2026-08-29,1623774,"【8/29.30出勤】【Jカップ】【池袋】「時間があるなら2回でもいいよ♥」初回からJカップ爆乳美女の神対応。無料パイズリPZの快感に溺れた、高身長元キャバ嬢との夜 #8/29,8/30 #東京都内",3,3,0,0.0,1022
2026-08-29,1762949,"【9/1.2.3出勤出勤】【Gカップ】【本厚木】HP通り可愛い美女のと一緒に入る泡洗体に溺れる至高の本番GHR体験記 #9/1,9/2,9/3 #神奈川",3,3,0,0.0,370
2026-08-29,1754531,【8/27出勤】【Gカップ】【赤坂】驚愕の神乳PZ！林ゆめ似の超絶スレンダー巨乳と、ゼロ距離密着に理性が溶ける体験記,4,4,0,0.0,336
2026-08-29,1710821,"【8/29.30出勤】【Gカップ】【新宿】元グラドルのH超え爆乳と「２回戦本番HR」に壊される、支配的な至高の体験記 #8/29,8/30 #東京都内",8,8,0,0.0,389
2026-08-29,1798265,"【8/29.30.31出勤】【Hカップ】【流山おおたかの森】極上神乳PZで絶頂！過去一柔らかい天然Hカップ美女の超密着パイズリ体験記 #8/29,8/30,8/31 #千葉",3,3,0,0.0,174
2026-08-29,1817039,【9/1出勤】【Iカップ】【本厚木】爆乳美女と無課金本番解禁！紙パンツ脱ぎ捨てトロ顔GHR体験記 #9/1 #神奈川,1,1,0,0.0,137
2026-08-29,1663765,【8/29出勤】【Hカップ】【新宿】初回中出しNN解禁！沖縄出身ギャルと生in。至高の美ボディと「密着中出し」に溺れる、新宿の禁断生挿入フィニッシュ体験記 #8/29 #東京都内,0,0,0,0.0,140
2026-08-29,1761543,【8/30出勤】【Eカップ】【中野】本番解禁！高身長Fカップ女子大生の「数の子天井ナカ出し」とSPPN密着に溺れる至高のGHR体験記 #8/30 #東京都内,0,0,0,0.0,142
2026-08-29,1597345,【8/29出勤】【Iカップ】【品川】高身長ムチムチ聖母の「生OPI」洗礼！SKSK衣装から溢れる爆乳PZ(パイズリ)体験記 #8/29 #東京都内,0,0,0,0.0,1062
2026-08-29,1663730,"【8/31 | 9/2出勤】【Gカップ】【新宿】現役AV女優と禁断の初回本番GHR！熟練タイ古式と爆乳に搾り取られる、新宿の至高フィニッシュ体験記！ #8/31,9/2 #東京都内",0,0,0,0.0,140
2026-08-29,1761541,"【8/29.30.31出勤】【Gカップ】【品川】驚愕の神乳PZ！清楚系お姉さんの「naked密着」と、ゼロ距離奉仕に理性が溶ける体験記 #8/29,8/30,8/31 #東京都内",0,0,0,0.0,183
2026-08-29,1677604,【9/1出勤】【Fカップ】【赤羽】「アニメ声」たぬき顔美女と初回本番解禁！密着マッサージに溺れる至高のGHRフィニッシュ体験記,1,1,0,0.0,561
2026-08-29,1651485,【8/26出勤】【Gカップ】【登戸】初回から「ねぇ、もう一回しよ♥」極上Gカップに溺れる本番NS二回転フィニッシュ,0,0,0,0.0,349
2026-08-29,1601302,【8/30出勤】【Hカップ】【恵比寿】初回から「ちゃんと着けるから、挿れてもいい？♥」淫らな聖女の逆指名。現役看護師と堕ちる、ヌルヌル密着の絶頂本番HR #8/30 #東京都内,1,1,0,0.0,865
2026-08-29,1656118,【8/28出勤】【Gカップ】【大宮】初回から巨乳MBのPZ多幸感！密着オイルで理性を溶かし、巨大な肉圧で搾り取られる至高の快楽 #8/28 #埼玉,1,1,0,0.0,239
2026-08-29,1828762,"【9/2.3出勤】【Hカップ】【溝の口】天然H神乳美女のノーブラニット密着PZで絶頂！顔面胸当て体験記 #9/2,9/3 #神奈川",6,6,0,0.0,22
2026-08-29,1642194,【8/26出勤】【Fカップ】【登戸】街で二度見する爆美女と「密着シャワー」の悦楽…初回から奥地まで咥え込む濃厚Fで昇天！,0,0,0,0.0,287
2026-08-29,1663754,"【8/30.31出勤】【Gカップ】【新宿】初回から境界線を超えた超密着！JD美女と溶け合う「生感覚」の衝撃。極上本番HRフィニッシュ #8/30,8/31 #東京都内",0,0,0,0.0,148
2026-08-29,1683650,【8/29出勤】【Hカップ】【浦和】NN解禁！爆乳美女への「生挿入中出し」と溢れるデカ尻に溺れる至高の体験記 #8/29 #埼玉,7,7,0,0.0,505
2026-08-29,1794515,"【8/29.30出勤】【Jカップ】【大宮】地雷系むちむち美女本番解禁！トップレス密着に狂うGHR体験記 #8/29,8/30 #埼玉",2,2,0,0.0,137
2026-08-29,1823559,"【8/29.30 | 9/1出勤】【Fカップ】【秋葉原】ハーフモデル美女神乳PZで絶頂！細身Gカップ密着とスリット全開体験記 #8/29,8/30,9/1 #東京都内",0,0,0,0.0,29
2026-08-29,1599734,"【8/30.31出勤】【Gカップ】【新宿】初回で合体まで至った至福の本番HR体験記「このGカップ、本物だ…」若さ弾ける爆乳美女の神対応。 #8/30,8/31 #東京都内",0,0,0,0.0,186
2026-08-29,1780542,"【8/29.30.31出勤】【Hカップ】【新宿】神乳PZで絶頂！天然Hカップ美女の透けビキニ密着と至高のフィニッシュ体験記 #8/29,8/30,8/31 #東京都内",0,0,0,0.0,53
2026-08-29,1662507,"【8/30.31 | 9/2出勤】【Gカップ】【五反田】金額交渉なしの神展開！「今日は特別だよ…♥」と囁かれ、生の温もりに溺れた至高の初回生挿入NS体験記！ #8/30,8/31,9/2 #東京都内",0,0,0,0.0,440
2026-08-29,1655259,【8/28出勤】【Eカップ】【新宿】至高のPZで悶絶！柔らか巨乳の密着スタンプと「もう1回できる？」と囁かれる悦楽 #8/28 #東京都内,0,0,0,0.0,174
2026-08-29,1677586,【8/28出勤】【Gカップ】【大宮】初回本番解禁！新人美女の「初めてのin」と、重力に抗えない爆乳に溺れる。至高のGHRフィニッシュ体験記 #8/28 #埼玉,2,2,0,0.0,220
2026-08-29,1656105,【9/1出勤】【Fカップ】【大宮】密着オイル攻めの果てに迎えた、衝撃の初回本番HRフィニッシュ！,0,0,0,0.0,470
2026-08-29,1667110,【8/27出勤】【Fカップ】【武蔵小杉】境界線を超えた密着。グラビア級美女の「おっとり吐息」と名器に溺れる、至高の初回本番GHRフィニッシュ体験記,0,0,0,0.0,334
2026-08-29,1798245,【9/2出勤】【Iカップ】【南流山/流山おおたかの森】爆乳JD美女と本番解禁！オイルパイ挟みに狂うGHR体験記 #9/2 #千葉,1,1,0,0.0,142
2026-08-29,1820244,【8/23出勤】【Fカップ】【国分寺】美くびれ巨乳美女と本番解禁！長い爪フェザー密着GHR体験記,0,0,0,0.0,83
2026-08-29,1788175,【8/29出勤】【Fカップ】【練馬】本番解禁！YouTuberかすちゃん似美女のおっぱい密着に狂うGHR体験記 #8/29 #東京都内,3,3,0,0.0,112
2026-08-29,1683671,"【8/29.30出勤】【Eカップ】【大宮】AV女優黒川すみれ似美女の「生乳PZ」と、Sっ気溢れる言葉責めに溺れる至高の体験記 #8/29,8/30 #埼玉",0,0,0,0.0,240
2026-08-29,1824707,【8/30出勤】【Gカップ】【大和】白ギャル系の巨乳神乳PZで絶頂！全裸密着とロケット巨乳パイズリ体験記 #8/30 #神奈川,0,0,0,0.0,32
2026-08-29,1655185,"【8/30 | 9/2出勤】【Gカップ】【横浜】癒し系お姉さんの「隠しきれないHカップ」に悶絶！密着オイルから搾り取られる、至高のPZ(パイズリ)フィニッシュ体験記 #8/30,9/2 #神奈川",0,0,0,0.0,634
2026-08-29,1828751,【8/29出勤】【Fカップ】【成増】小動物系Fカップ美女と本番解禁！透け衣装密着GHR体験記 #8/29 #東京都内,3,3,0,0.0,26
2026-08-29,1828755,【8/27出勤】【Hカップ】【恵比寿】生挿入NS解禁！爆乳美女の生フェラ密着NS体験記,1,1,0,0.0,36
2026-08-29,1824723,"【8/29.30 | 9/2出勤】【Hカップ】【溝の口】小柄むっちり巨乳美女の神乳PZで絶頂！トップレス密着と顔面胸スタンプ体験記 #8/29,8/30,9/2 #神奈川",2,2,0,0.0,37
2026-08-29,1802007,【8/30出勤】【Fカップ】【中野】現役学生の高身長童顔美女と楽しむ至高の本番GHR体験記 #8/30 #東京都内,0,0,0,0.0,27
2026-08-29,1771375,【8/30出勤】【Gカップ】【恵比寿】天然Gカップ美女のとZNR洗体に溺れる至高のGHR体験記 #8/30 #東京都内,0,0,0,0.0,42
2026-08-29,1823563,【9/1出勤】【Gカップ】【秋葉原】19歳ハーフ系Gカップ美女と本番解禁！騎乗位密着GHR体験記 #9/1 #東京都内,2,2,0,0.0,45
2026-08-29,1823572,【8/21出勤】【Hカップ】【秋葉原】生挿入NS解禁！色白グラマー巨乳美女と全裸密着NS体験記 #東京都内,0,0,0,0.0,26
2026-08-29,1662542,【8/29出勤】【Eカップ】【横浜】至福の初回NS生本番挿入！お腹への発射で締める、最高級の「パコ姫」ホスピタリティ体験記！ #8/29 #神奈川,0,0,0,0.0,176
2026-08-29,1817054,【8/29出勤】【Fカップ】【武蔵小杉】本番解禁！たぬき顔美女の盛MN密着GHR体験記 #8/29 #神奈川,1,1,0,0.0,63
2026-08-29,1623796,【8/30出勤】【Fカップ】【中野】「あとで脱がせる方がERいでしょ♥」Fカップ清楚系セラピストと堕ちる、濃厚DK＆背徳の初回本番NS90分 #8/30 #東京都内,0,0,0,0.0,354
2026-08-29,1762959,【8/28出勤】【Fカップ】【綱島】神乳PZで絶頂！エロ可愛いムッチリ巨乳のマイクロビキニ密着と至高のフィニッシュ体験記 #8/28 #神奈川,0,0,0,0.0,134
2026-08-29,1820272,【9/3出勤】【Jカップ】【秋葉原】爆乳ゆるふわ美女の神乳PZで絶頂！MB密着と顔面埋まり体験記 #9/3 #東京都内,1,1,0,0.0,44
2026-08-29,1710842,【8/25出勤】【Gカップ】【恵比寿】ゴマキ似ギャル美女と本番解禁！スレンダー巨乳に溺れる至高のGHR体験記 #東京都内,0,0,0,0.0,340
2026-08-29,1761550,【9/2出勤】【Gカップ】【中野】本番解禁！柏木由紀似OLと一緒に入る泡洗体に溺れる至高のGHR体験記 #9/2 #東京都内,0,0,0,0.0,80
2026-08-29,1762946,"【8/29.30出勤】【Hカップ】【横浜】170cmの48Kgスーパーモデル級美人のKP剥ぎ取り密着に狂う本番GHR体験記 #8/29,8/30 #神奈川",0,0,0,0.0,116
2026-08-29,1822419,"【8/28.29.30出勤】【Jカップ】【新宿】神乳PZで絶頂！Jカップ美女MB密着と未体験の極圧パイズリ体験記 #8/28,8/29,8/30 #東京都内",0,0,0,0.0,15
2026-08-29,1823553,"【8/29.30出勤】【Gカップ】【秋葉原】低身長ロリ巨乳美女と本番解禁！トップレス密着GHR体験記 #8/29,8/30 #東京都内",0,0,0,0.0,65
2026-08-29,1822402,【8/30出勤】【Gカップ】【登戸】色白小顔ギャル美女と本番解禁！一緒シャワー全裸密着GHR体験記 #8/30,0,0,0,0.0,18
2026-08-29,1822409,【8/18出勤】【Fカップ】【恵比寿】神乳綺麗系お姉さんのMB密着と至高のパイズリ体験記 #東京都内,0,0,0,0.0,44
2026-08-29,1821353,【8/22出勤】【Fカップ】【渋谷】モデル級スレンダー巨乳美女と本番解禁！顔面胸乗せ密着GHR体験記 #東京都内,0,0,0,0.0,35
2026-08-29,1662532,【8/16出勤】【Hカップ】【吉祥寺】クラスの可愛い子と「恋人気分」！水袋のような弾力のHカップで搾り取られる、至高のPZ(パイズリ)フィニッシュ体験記！,0,0,0,0.0,129
2026-08-29,1656126,【8/30出勤】【Gカップ】【大宮】「ムチふわ爆乳」の誘惑…おっぱいスタンプから搾り取られる、至高のPZ(パイズリ)フィニッシュ体験記！ #8/30 #埼玉,1,1,0,0.0,160
2026-08-29,1821346,【8/20出勤】【Fカップ】【渋谷】神乳美女の紐MB密着と至高のパイズリ体験記 #東京都内,0,0,0,0.0,44
2026-08-29,1820251,"【8/31 | 9/1出勤】【Hカップ】【恵比寿】巨乳大学生美女と本番解禁！MB密着GHR体験記 #8/31,9/1 #東京都内",0,0,0,0.0,64
2026-08-29,1817000,"【8/29.30.31出勤】【Eカップ】【笹塚】爆乳美女の無課金生外だしと全裸お触り密着に狂う体験記 #8/29,8/30,8/31 #東京都内",1,1,0,0.0,72
2026-08-29,1820247,【8/29出勤】【Hカップ】【新宿】グラマラス爆乳美女と本番解禁！TL密着GHR体験記 #8/29 #東京都内,0,0,0,0.0,15
2026-08-29,1708502,"【8/29.31出勤】【Gカップ】【新宿】本番解禁！白川理桜似のGカップ美女と「密着中出し」。理性を焼き切る至高のGHR体験記 #8/29,8/31 #東京都内",0,0,0,0.0,69
2026-08-29,1788157,【8/27出勤】【Gカップ】【吉祥寺】本番解禁！HP通り美人なムッチリ巨乳と密着69に理性が溶けるGHR体験記,0,0,0,0.0,41
2026-08-29,1761532,【8/27出勤】【Gカップ】【渋谷】本番解禁！現役女子大生のとSPPNで絡み合う至高のGHR体験記 #東京都内,1,1,0,0.0,116
2026-08-29,1817022,【8/30出勤】【Fカップ】【新宿】池田エライザ似ハーフ美女のTL密着と至高のPZフィニッシュ体験記 #8/30 #東京都内,1,1,0,0.0,16
2026-08-29,1683630,【8/29出勤】【Fカップ】【荻窪】22歳Fカップ美女の「名器の締め付け」と爆乳密着に溺れる至高の初回GHRフィニッシュ体験記 #8/29,0,0,0,0.0,211
2026-08-29,1817043,【8/29出勤】【Jカップ】【藤沢】天然Jカップ巨乳美女がキャミ脱ぎ捨てからの本番GHR体験記 #8/29 #神奈川,2,2,0,0.0,67
2026-08-29,1817008,【8/30出勤】【Iカップ】【新宿】神乳PZで絶頂！ハーフ系二重美女の爆乳パイズリと至高の密着体験記 #8/30 #東京都内,0,0,0,0.0,26
2026-08-29,1817004,"【8/29.30出勤】【Gカップ】【新宿】むちむち可愛い系美女のマイクロビキニ密着と神乳PZフィニッシュ体験記 #8/29,8/30 #東京都内",0,0,0,0.0,10
2026-08-29,1780536,"【8/29.30出勤】【Gカップ】【多摩】生ハメNNで絶頂！小顔グラマラス美女の超密着ヌルヌル本番と至高の体験記 #8/29,8/30",0,0,0,0.0,98
2026-08-29,1663647,【8/30出勤】【Fカップ】【新宿】新宿の現役学生と初回「生in」中出し！スレンダー美女の絶景と吐息に溺れる至高のフィニッシュ体験記！ #8/30 #東京都内,0,0,0,0.0,82
2026-08-29,1797240,【8/29出勤】【Iカップ】【溝の口】ぱるる系清楚アイドルと本番解禁！新人美巨乳密着に狂うGHR体験記 #8/29,0,0,0,0.0,38
2026-08-29,1808348,【9/1出勤】【Hカップ】【秋葉原】 #9/1 #東京都内,0,0,0,0.0,35
2026-08-29,1662490,"【8/31 | 9/3.4出勤】【Lカップ】【秋葉原】視界を覆う「おっぱいスタンプ」から搾り取られるPZ(パイズリ)フィニッシュ体験記！水袋のような超軟乳の至高のPZ(パイズリ)の衝撃！ #8/31,9/3,9/4 #東京都内",0,0,0,0.0,562
2026-08-29,1664794,【8/27出勤】【Gカップ】【横浜】初回から理性が決壊する一線越え。Gカップ美女の吐息と「名器の締め付け」に溺れた至高のGHRフィニッシュ体験記,0,0,0,0.0,198
2026-08-29,1806934,【8/5出勤】【Hカップ】【西麻布】本番NS解禁！長身スレンダー美女の四つん這い紙パンツちぎりに狂う体験記 #東京都内,0,0,0,0.0,27
2026-08-29,1806911,"【8/29.30.31出勤】【Eカップ】【新宿】ピンク髪スレンダー美女の丸出し密着に狂うGHR体験記 #8/29,8/30,8/31 #東京都内",0,0,0,0.0,13
2026-08-29,1806940,【8/28出勤】【Hカップ】【新宿】グラマラス爆乳美女と膝上乗っかり密着に狂う本番GHR体験記 #8/28 #東京都内,0,0,0,0.0,25
2026-08-29,1771377,【8/30出勤】【Iカップ】【秋葉原】爆乳美女のおっぱいポロン密着に狂う本番GHR体験記 #8/30 #東京都内,4,4,0,0.0,88
2026-08-29,1651197,【9/6出勤】【Hカップ】【中野】「手でやらなきゃいいでしょ？」可愛い顔してPZ(パイズリ)で翻弄する小悪魔系美女 #9/6 #東京都内,0,0,0,0.0,184
2026-08-29,1656077,【8/30出勤】【Iカップ】【大宮】おわん型巨乳の重圧と「生」の温もり…感度抜群の地雷系美女と堕ちる、衝撃の初回本番NSフィニッシュ！ #8/30 #埼玉,0,0,0,0.0,178
2026-08-29,1667126,【8/29出勤】【Gカップ】【武蔵小杉】ニコル似Iカップ美女の初回本番「生in」。至高のNSフィニッシュ体験記 #8/29 #神奈川,0,0,0,0.0,151
2026-08-29,1802005,【8/5出勤】【Gカップ】【銀座】人生イチ綺麗なGカップ！福岡美人によるツバ垂らしPZとSPPN密着体験記 #東京都内,1,1,0,0.0,44
2026-08-29,1677614,【7/31出勤】【Fカップ】【浦和】低身長巨乳と密着。色白美肌美女の「生乳PZ」と、耳元への吐息に溺れる至高のフィニッシュ体験記,0,0,0,0.0,226
2026-08-29,1762969,【8/21出勤】【Gカップ】【横浜】神乳PZで絶頂！Gカップアイドル顔美女のマイクロビキニポロリと至高のフィニッシュ体験記 #神奈川,0,0,0,0.0,98
2026-08-29,1598368,"【8/29.30出勤】【Iカップ】【秋葉原】焦らしの美学に完敗！プロの脚本で堕ちる「鏡越しの背徳ANR」と至福のPZ(パイズリ)フィニッシュ #8/29,8/30 #東京都内",0,0,0,0.0,612
2026-08-29,1797226,"【8/29.30出勤】【Fカップ】【北千住】ギャル系美人の無課金GHR！紙パンツなし超密着に狂う至高の体験記 #8/29,8/30 #東京都内",0,0,0,0.0,100
2026-08-29,1797257,"【8/29.31 | 9/1出勤】【Hカップ】【恵比寿】神乳PZで絶頂！小柄可愛い巨乳美女の極上マイクロビキニ密着と至高のフィニッシュ体験記 #8/29,8/31,9/1 #東京都内",0,0,0,0.0,63
2026-08-29,1797247,【8/20出勤】【Hカップ】【三軒茶屋】天然Gカップロリ体型美女と本番！ふわふわマシュマロ密着に狂うGHR体験記,0,0,0,0.0,3
2026-08-29,1654034,【8/22出勤】【Fカップ】【武蔵小杉】有村架純似の可憐な美女と溺れる「主導権剥奪」の100分…最後は理性を超える初回本番GHRフィニッシュ！,0,0,0,0.0,216
2026-08-29,1708856,【8/29出勤】【Dカップ】【麻布】清楚系美女の本番とMBからはみ出す両CKBに溺れる至高のGHR体験記 #8/29 #東京都内,1,1,0,0.0,80
2026-08-29,1642392,"【9/2.4出勤】【Gカップ】【秋葉原】甘えたがり必見!!高身長Hカプお姉さんのお◯ぱい密着天国からのPZ(パイズリ)フィニッシュ！ #9/2,9/4 #東京都内",0,0,0,0.0,260
2026-08-29,1755449,"【8/29.30出勤】【Hカップ】【五反田】伝説級の超マシュマロ巨乳PZ！漫画スタイルの爆乳に溺れる至高のフィニッシュ体験記 #8/29,8/30 #東京都内",0,0,0,0.0,217
2026-08-29,1662528,"【8/28.29出勤】【Gカップ】【新宿】金額交渉で堕ちる「生の温もり」！密着オイルから不意打ちの絶品F、そして衝撃の初回本番HRフィニッシュへ！ #8/28,8/29 #東京都内",0,0,0,0.0,60
2026-08-29,1788140,"【8/29 | 9/2出勤】【Fカップ】【恵比寿】本番解禁！パネマジなし綺麗系美女の天然巨乳に溺れる至高のGHR体験記 #8/29,9/2 #東京都内",1,1,0,0.0,53
2026-08-29,1662554,【8/30出勤】【Gカップ】【中野】高身長スレンダー×天然ロケットπ開始30分で理性が決壊！細身の体に宿る巨乳の衝撃と、禁断の初回NSフィニッシュ体験記！ #8/30 #東京都内,0,0,0,0.0,171
2026-08-29,1764682,【8/28出勤】【Gカップ】【 大宮】Gカップ美女のMBはみ出し密着と至高のPZパイズリフィニッシュ体験記 #8/28 #埼玉,2,2,0,0.0,89
2026-08-29,1678781,【7/4出勤】【Gカップ】【船橋】生乳爆乳PZ解禁。色白美肌美女と悪戯な囁きに溺れる至高のフィニッシュ体験記 #千葉,0,0,0,0.0,254
2026-08-29,1708852,【8/28出勤】【Fカップ】【麻布】NN解禁！クール系美女の「生挿入中出し」と、神スタイルに溺れる至高のフィニッシュ体験記 #8/28 #東京都内,1,1,0,0.0,79
2026-08-29,1653916,【8/30出勤】【Gカップ】【新宿】ロシア系クォーターの至高ボディ！爆揺れ巨乳に埋もれる「魔性の69」と絶品PZ(パイズリ)フィニッシュ #8/30 #東京都内,0,0,0,0.0,156
2026-08-29,1754547,"【8/30.31 | 9/1出勤】【Eカップ】【新宿】本番解禁！猫顔スレンダー美女の「名器中出し」と、関西弁の甘い誘惑に溺れる至高のGHR体験記 #8/30,8/31,9/1 #東京都内",0,0,0,0.0,52
2026-08-29,1650404,【8/29出勤】【Fカップ】【新宿】「特別コースですから…♥」橋本マナミ風お姉さんの透け衣装誘惑。ムチムチFカップと溶け合う初回PZ(パイズリ)による至福の夜 #8/29 #東京都内,0,0,0,0.0,135
2026-08-29,1654061,【6/26出勤】【Fカップ】【相模大野】メジャーアイドル級美女と溺れる「KPなし」の密着洗体…最後はG着用で果てる禁断の絶頂本番HR体験！,0,0,0,0.0,142
2026-08-29,1710810,"【8/29.30.31出勤】【Gカップ】【新宿】乃木坂系美女と密着本番HR。アニメ級の爆乳に溺れる、至高のGHRフィニッシュ体験記 #8/29,8/30,8/31 #東京都内",0,0,0,0.0,57
2026-08-29,1655253,"【8/29.30出勤】【Gカップ】【新宿】コスプレ級美女と堕ちる「禁断の本番」！溢れ出す爆乳おっぱいスタンプと、本番GHRの積極的な誘いに理性が溶ける至福の90分！ #8/29,8/30 #東京都内",0,0,0,0.0,53
2026-08-29,1668275,【8/26出勤】【Fカップ】【新宿】九州出身セクシー美女の「おっとり吐息」と名器に溺れる、至高の初回本番GHRフィニッシュ体験記,0,0,0,0.0,42
2026-08-29,1663737,【8/22出勤】【Gカップ】【新宿】本番解禁！福原遥似の美少女とGHR。お椀型巨乳とヌルヌル密着オイルに溺れる至高のフィニッシュ体験記,0,0,0,0.0,46
2026-08-29,1657099,都内出勤カレンダー,1,1,0,0.0,443
2026-08-29,1657105,埼玉県(大宮)出勤カレンダー,0,0,0,0.0,192
2026-08-29,1657104,横浜周辺出勤カレンダー,0,0,0,0.0,161
2026-08-29,1657101,多摩(吉祥寺)周辺カレンダー,1,1,0,0.0,154
2026-08-29,1648133,【4/3.5出勤】【Gカップ】【田町】【PZ】20歳のふわっふわH乳によるグラインドPZ(パイズリ)でSKR #東京都内,0,0,0,0.0,96
2026-08-30,1797240,"【8/31 | 9/2出勤】【Iカップ】【溝の口】ぱるる系清楚アイドルと本番解禁！新人美巨乳密着に狂うGHR体験記 #8/31,9/2",0,0,0,0.0,40
2026-08-30,1780536,【9/3出勤】【Gカップ】【多摩】生ハメNNで絶頂！小顔グラマラス美女の超密着ヌルヌル本番と至高の体験記 #9/3,2,2,0,0.0,104
2026-08-30,1762946,"【8/30.31 | 9/2出勤】【Hカップ】【横浜】170cmの48Kgスーパーモデル級美人のKP剥ぎ取り密着に狂う本番GHR体験記 #8/30,8/31,9/2 #神奈川",1,1,0,0.0,117
2026-08-30,1817054,"【9/3.4出勤】【Fカップ】【武蔵小杉】本番解禁！たぬき顔美女の盛MN密着GHR体験記 #9/3,9/4 #神奈川",0,0,0,0.0,70
2026-08-30,1662542,【8/29出勤】【Eカップ】【横浜】至福の初回NS生本番挿入！お腹への発射で締める、最高級の「パコ姫」ホスピタリティ体験記！ #8/29 #神奈川,0,0,0,0.0,178
2026-08-30,1828751,【9/4出勤】【Fカップ】【成増】小動物系Fカップ美女と本番解禁！透け衣装密着GHR体験記 #9/4 #東京都内,2,2,0,0.0,33
2026-08-30,1683671,"【8/30 | 9/3.4出勤】【Eカップ】【大宮】AV女優黒川すみれ似美女の「生乳PZ」と、Sっ気溢れる言葉責めに溺れる至高の体験記 #8/30,9/3,9/4 #埼玉",0,0,0,0.0,247
2026-08-30,1788175,【9/4出勤】【Fカップ】【練馬】本番解禁！YouTuberかすちゃん似美女のおっぱい密着に狂うGHR体験記 #9/4 #東京都内,3,3,0,0.0,115
2026-08-30,1794515,【8/30出勤】【Jカップ】【大宮】地雷系むちむち美女本番解禁！トップレス密着に狂うGHR体験記 #8/30 #埼玉,1,1,0,0.0,142
2026-08-30,1761541,"【8/30.31 | 9/1出勤】【Gカップ】【品川】驚愕の神乳PZ！清楚系お姉さんの「naked密着」と、ゼロ距離奉仕に理性が溶ける体験記 #8/30,8/31,9/1 #東京都内",0,0,0,0.0,189
2026-08-30,1597345,"【9/1.2出勤】【Iカップ】【品川】高身長ムチムチ聖母の「生OPI」洗礼！SKSK衣装から溢れる爆乳PZ(パイズリ)体験記 #9/1,9/2 #東京都内",2,2,0,0.0,1065
2026-08-30,1663765,【8/29出勤】【Hカップ】【新宿】初回中出しNN解禁！沖縄出身ギャルと生in。至高の美ボディと「密着中出し」に溺れる、新宿の禁断生挿入フィニッシュ体験記 #8/29 #東京都内,2,2,0,0.0,144
2026-08-30,1798265,"【8/30.31 | 9/4出勤】【Hカップ】【流山おおたかの森】極上神乳PZで絶頂！過去一柔らかい天然Hカップ美女の超密着パイズリ体験記 #8/30,8/31,9/4 #千葉",1,1,0,0.0,185
2026-08-30,1710821,"【8/30.31 | 9/1出勤】【Gカップ】【新宿】元グラドルのH超え爆乳と「２回戦本番HR」に壊される、支配的な至高の体験記 #8/30,8/31,9/1 #東京都内",7,7,0,0.0,398
2026-08-30,1623774,【8/30出勤】【Jカップ】【池袋】「時間があるなら2回でもいいよ♥」初回からJカップ爆乳美女の神対応。無料パイズリPZの快感に溺れた、高身長元キャバ嬢との夜 #8/30 #東京都内,3,3,0,0.0,1025
2026-08-30,1836312,【8/30出勤】【Hカップ】【柏】タヌキ顔Hカップ美女と本番解禁！ソファー密着GHR体験記 #8/30 #千葉,6,6,0,0.0,101
2026-08-30,1656086,【9/4出勤】【Iカップ】【大宮】神スタイルと初回NSの悦楽！AI超えの美体と堕ちる「生の温もり」…2回戦連続フィニッシュ #9/4 #埼玉,7,7,0,0.0,493
2026-08-30,1662519,【8/30出勤】【Iカップ】【北千住】爆乳と「爆裂美尻」の衝撃！理性を溶かす密着オイルから、生の熱量に溺れた至高の初回本番HR体験記！ #8/30 #東京都内,9,9,0,0.0,388
2026-08-30,1653925,"【8/30.31 | 9/2出勤】【Fカップ】【新宿】初回から現役JDと濃厚DK＆生本番級GHR！スベスベ美肌の妹系美女と溺れる超密着PZの衝撃！#本日出勤 #8/30,8/31,9/2 #東京都内",1,1,0,0.0,358
2026-08-30,1656212,"【8/30.31 | 9/1出勤】【Jカップ】【吉祥寺】視界を塞ぐ爆乳の壁！ソファーでの密着ハグから搾り取られる、至高のPZ(パイズリ)フィニッシュ体験記！ #8/30,8/31,9/1",2,2,0,0.0,553
2026-08-30,1656071,"【9/3.4出勤】【Dカップ】【大宮】パフィーニップルの誘惑とSPPN密着！理性が吹き飛ぶ「NS生挿入」フィニッシュ体験記！ #9/3,9/4 #埼玉",2,2,0,0.0,416
2026-08-30,1780559,"【8/30.31 | 9/1出勤】【Fカップ】【池袋】生ハメNNで絶頂！リアルアイドル顔美女の超濃厚ヌルヌル密着と至高のNN体験記 #8/30,8/31,9/1 #東京都内",1,1,0,0.0,169
2026-08-30,1754540,"【9/1.2.4出勤】【Hカップ】【新宿】驚愕の爆乳PZ！清楚系色白スレンダー美女のゼロ距離密着と、脳がとろける至高の体験記 #9/1,9/2,9/4 #東京都内",3,3,0,0.0,135
2026-08-30,1667095,"【8/30.31 | 9/1出勤】【Fカップ】【関内】初回から理性が決壊する一線越え。本格派美女の「お口で装着」と名器の締め付けに溺れた至高のGHRフィニッシュ体験記 #8/30,8/31,9/1 #神奈川",4,4,0,0.0,689
2026-08-30,1656283,【8/29出勤】【Fカップ】【調布】清楚な顔立ちに潜む、驚愕の「名器」と感度…理性が決壊する交渉の末、生の温もりに溺れた至高の初回本番HR体験記！ #8/29,6,6,0,0.0,516
2026-08-30,1823574,"【8/30.31 | 9/1出勤】【Gカップ】【秋葉原】生挿入NS解禁！小顔くびれ美巨乳美女の生中出し濃厚DKS体験記 #8/30,8/31,9/1 #東京都内",4,4,0,0.0,53
2026-08-30,1798255,"【8/30 | 9/5出勤】【Gカップ】【津田沼】むちむちボブ美女AN密着に狂う本番GHR体験記 #8/30,9/5 #千葉",4,4,0,0.0,208
2026-08-30,1836306,【8/29出勤】【Hカップ】【成田】圧倒的爆乳美女と本番解禁！全裸騎乗位密着GHR体験記 #8/29 #千葉,0,0,0,0.0,10
2026-08-30,1789466,【8/28出勤】【Hカップ】【海老名】本番解禁！Fカップおっとり美人と生まれたて全裸密着に狂うGHR体験記,3,3,0,0.0,85
2026-08-30,1817029,"【8/30.31 | 9/2出勤】【Fカップ】【赤坂】ツルスベ巨乳美女のSPPN全裸密着と怒涛のPZフィニッシュ体験記 #8/30,8/31,9/2 #東京都内",5,5,0,0.0,72
2026-08-30,1817046,"【8/30.31 | 9/5出勤】【Hカップ】【武蔵小杉】生のまま中出し解禁！美形細身巨乳美女の全裸密着と生本番NNフィニッシュ体験記 #8/30,8/31,9/5 #神奈川",4,4,0,0.0,113
2026-08-30,1653910,【8/28出勤】【Fカップ】【新宿】お風呂屋超えの濃厚PZ(パイズリ)！Fカップ美乳嬢と溺れる「寸止め地獄」と「密着DKフィニッシュ」,4,4,0,0.0,204
2026-08-30,1639998,"【9/1.4出勤】【Kカップ】【銀座】揉みごたえ充分の巨乳は感度も抜群！ ふわふわおっ杯で濃厚密着PZ(パイズリ) #9/1,9/4 #東京都内",8,8,0,0.0,805
2026-08-30,1673756,【8/31出勤】【Fカップ】【大宮】爆乳解禁！追加なしの極上PZ。至高の肉感と密着ハグに溺れるパイズリフィニッシュ体験記 #8/31 #埼玉,4,4,0,0.0,234
2026-08-30,1656219,【8/30出勤】【Fカップ】【吉祥寺】初回から濃厚PZ(パイズリ)から搾り取られる、至高の本番HRフィニッシュ！Gカップに溺れる「密着ソファー」の誘惑 #8/30,3,3,0,0.0,457
2026-08-30,1655143,【9/3出勤】【Fカップ】【横浜】隠れ家で堕ちる「脱衣プレイ」とNBRの誘惑…至近距離で見つめられ搾り取られる極上PZ(パイズリ)の衝撃！ #9/3 #神奈川,3,3,0,0.0,198
2026-08-30,1802001,"【8/30.31 | 9/1出勤】【Kカップ】【池袋】Kカップお姉さん美女のMB密着と爆乳PZフィニッシュ体験記 #8/30,8/31,9/1 #東京都内",2,2,0,0.0,66
2026-08-30,1683635,"【9/2.3.5出勤】【Eカップ】【登戸/溝の口】色白スレンダー美女の「超絶NF奉仕」と、上に跨り繋がる至高のGHR体験記 #9/2,9/3,9/5",1,1,0,0.0,331
2026-08-30,1640011,"【9/3.4出勤】【Gカップ】【池袋】池田エライザ似の爆乳美女と初回から「禁断の中出しNN合体」！深夜枠で溺れた、むっちりマシュマロボディの誘惑 #9/3,9/4 #東京都内",3,3,0,0.0,514
2026-08-30,1639983,"【8/30 | 9/2.3出勤】【Gカップ】【中野】初回から巨乳ギャルのフルスロットルの寛容度。生Fからの「最後どうする？」で本番GHR。 #8/30,9/2,9/3 #東京都内",1,1,0,0.0,585
2026-08-30,1656054,"【9/1.3出勤】【Jカップ】【大宮】初回から至高の本番NS生挿入！視界を覆う爆乳スタンプ…合意の上で堕ちた締まりに悶絶体験記 #9/1,9/3 #埼玉",2,2,0,0.0,665
2026-08-30,1653899,"【8/31 | 9/1.2出勤】【Gカップ】【新宿】スレンダーな腰に「上向き巨乳」の奇跡…職場のマドンナ似との密着PZ(パイズリ) #8/31,9/1,9/2 #東京都内",0,0,0,0.0,252
2026-08-30,1836299,【8/30出勤】【Gカップ】【船橋】生のまま中出しNN解禁！華奢細身Gカップ美女の全裸密着と生本番フィニッシュ体験記 #8/30 #千葉,10,10,0,0.0,22
2026-08-30,1656274,【9/3出勤】【Fカップ】【登戸】溢れる巨乳Gカップの衝撃！密着オイル攻めから交渉で堕ちた、至高の「生感覚」本番GHRフィニッシュ体験記！ #9/3,0,0,0,0.0,249
2026-08-30,1667106,"【8/31 | 9/1.2出勤】【Fカップ】【厚木】初回で理性が決壊。有村架純似Fカップ美女の吐息と「ツルツル秘部」に溺れた至高の本番GHRフィニッシュ体験記 #8/31,9/1,9/2 #神奈川",1,1,0,0.0,371
2026-08-30,1668882,【9/3出勤】【Gカップ】【錦糸町】初回本番解禁！ムチムチ美女の「名器の締め付け」と、MBから溢れる巨乳に溺れる。至高のGHRフィニッシュ体験記 #9/3 #東京都内,1,1,0,0.0,543
2026-08-30,1668292,"【8/31 | 9/4出勤】【Iカップ】【新宿】爆乳解禁。清楚系アイドル美女の「生乳PZ」と、理性を奪う中出し。至高のフィニッシュ体験記 #8/31,9/4 #東京都内",1,1,0,0.0,207
2026-08-30,1710833,【8/30出勤】【Fカップ】【中目黒】清楚系美女の溢れるFカップ爆乳に溺れる至高の本番GHR体験記 #8/30 #東京都内,1,1,0,0.0,239
2026-08-30,1754553,"【8/30 | 9/1.3出勤】【Hカップ】【登戸】神乳PZで絶頂！細身巨乳美女の「 naked密着」と、鏡越しprprに溺れる至高のフィニッシュ体験記 #8/30,9/1,9/3",1,1,0,0.0,173
2026-08-30,1677621,"【9/1.2.4出勤】【Gカップ】【浦和】禁断のモロ出し。Gカップ美女の「生乳PZ」と、吐息が重なる濃厚フィニッシュ体験記 #9/1,9/2,9/4 #埼玉",1,1,0,0.0,410
2026-08-30,1655202,【8/31出勤】【Gカップ】【横浜】初回極上PZの衝撃！初回から弾力MAXのOPIスタンプと禁断の密着洗体…NPの誘惑に搾り取られるPZフィニッシュ #8/31 #神奈川,3,3,0,0.0,502
2026-08-30,1683683,【8/31出勤】【Gカップ】【横浜】洗体アシストで悶絶。巨乳美女の「生乳PZ」と、密着バックご奉仕に溺れる至高のフィニッシュ体験記 #8/31 #神奈川,2,2,0,0.0,324
2026-08-30,1762949,"【9/1.2.3出勤出勤】【Gカップ】【本厚木】HP通り可愛い美女のと一緒に入る泡洗体に溺れる至高の本番GHR体験記 #9/1,9/2,9/3 #神奈川",0,0,0,0.0,370
2026-08-30,1754531,"【8/31 | 9/1.2出勤】【Gカップ】【赤坂】驚愕の神乳PZ！林ゆめ似の超絶スレンダー巨乳と、ゼロ距離密着に理性が溶ける体験記 #8/31,9/1,9/2 #東京都内",0,0,0,0.0,338
2026-08-30,1817039,【9/1出勤】【Iカップ】【本厚木】爆乳美女と無課金本番解禁！紙パンツ脱ぎ捨てトロ顔GHR体験記,1,1,0,0.0,139
2026-08-30,1761543,【8/30出勤】【Eカップ】【中野】本番解禁！高身長Fカップ女子大生の「数の子天井ナカ出し」とSPPN密着に溺れる至高のGHR体験記 #8/30 #東京都内,1,1,0,0.0,143
2026-08-30,1663730,"【8/31 | 9/2.3出勤】【Gカップ】【新宿】現役AV女優と禁断の初回本番GHR！熟練タイ古式と爆乳に搾り取られる、新宿の至高フィニッシュ体験記！ #8/31,9/2,9/3 #東京都内",0,0,0,0.0,141
2026-08-30,1677604,"【9/1.2.4出勤】【Fカップ】【赤羽】「アニメ声」たぬき顔美女と初回本番解禁！密着マッサージに溺れる至高のGHRフィニッシュ体験記 #9/1,9/2,9/4 #埼玉",0,0,0,0.0,562
2026-08-30,1651485,【8/26出勤】【Gカップ】【登戸】初回から「ねぇ、もう一回しよ♥」極上Gカップに溺れる本番NS二回転フィニッシュ,0,0,0,0.0,349
2026-08-30,1601302,【8/30出勤】【Hカップ】【恵比寿】初回から「ちゃんと着けるから、挿れてもいい？♥」淫らな聖女の逆指名。現役看護師と堕ちる、ヌルヌル密着の絶頂本番HR #8/30 #東京都内,0,0,0,0.0,866
2026-08-30,1656118,"【9/1.3出勤】【Gカップ】【大宮】初回から巨乳MBのPZ多幸感！密着オイルで理性を溶かし、巨大な肉圧で搾り取られる至高の快楽 #9/1,9/3 #埼玉",1,1,0,0.0,240
2026-08-30,1828762,"【9/2.3出勤】【Hカップ】【溝の口】天然H神乳美女のノーブラニット密着PZで絶頂！顔面胸当て体験記 #9/2,9/3 #神奈川",3,3,0,0.0,22
2026-08-30,1642194,【8/26出勤】【Fカップ】【登戸】街で二度見する爆美女と「密着シャワー」の悦楽…初回から奥地まで咥え込む濃厚Fで昇天！,0,0,0,0.0,287
2026-08-30,1663754,"【8/30.31出勤】【Gカップ】【新宿】初回から境界線を超えた超密着！JD美女と溶け合う「生感覚」の衝撃。極上本番HRフィニッシュ #8/30,8/31 #東京都内",0,0,0,0.0,148
2026-08-30,1683650,【8/29出勤】【Hカップ】【浦和】NN解禁！爆乳美女への「生挿入中出し」と溢れるデカ尻に溺れる至高の体験記 #8/29 #埼玉,2,2,0,0.0,506
2026-08-30,1823559,"【8/30 | 9/1.3出勤】【Fカップ】【秋葉原】ハーフモデル美女神乳PZで絶頂！細身Gカップ密着とスリット全開体験記 #8/30,9/1,9/3 #東京都内",1,1,0,0.0,29
2026-08-30,1599734,"【8/30.31 | 9/2出勤】【Gカップ】【新宿】初回で合体まで至った至福の本番HR体験記「このGカップ、本物だ…」若さ弾ける爆乳美女の神対応。 #8/30,8/31,9/2 #東京都内",1,1,0,0.0,186
2026-08-30,1780542,"【8/30.31 | 9/2出勤】【Hカップ】【新宿】神乳PZで絶頂！天然Hカップ美女の透けビキニ密着と至高のフィニッシュ体験記 #8/30,8/31,9/2 #東京都内",0,0,0,0.0,53
2026-08-30,1662507,"【8/30.31 | 9/2出勤】【Gカップ】【五反田】金額交渉なしの神展開！「今日は特別だよ…♥」と囁かれ、生の温もりに溺れた至高の初回生挿入NS体験記！ #8/30,8/31,9/2 #東京都内",0,0,0,0.0,440
2026-08-30,1655259,"【9/1.3出勤】【Eカップ】【新宿】至高のPZで悶絶！柔らか巨乳の密着スタンプと「もう1回できる？」と囁かれる悦楽 #9/1,9/3 #東京都内",0,0,0,0.0,175
2026-08-30,1677586,【12/10出勤】【Gカップ】【大宮】初回本番解禁！新人美女の「初めてのin」と、重力に抗えない爆乳に溺れる。至高のGHRフィニッシュ体験記 #12/10 #埼玉,1,1,0,0.0,220
2026-08-30,1656105,"【9/1.2.4出勤】【Fカップ】【大宮】密着オイル攻めの果てに迎えた、衝撃の初回本番HRフィニッシュ！ #9/1,9/2,9/4 #埼玉",0,0,0,0.0,471
2026-08-30,1667110,"【8/31 | 9/4.6出勤】【Fカップ】【武蔵小杉】境界線を超えた密着。グラビア級美女の「おっとり吐息」と名器に溺れる、至高の初回本番GHRフィニッシュ体験記 #8/31,9/4,9/6 #神奈川",0,0,0,0.0,334
2026-08-30,1798245,"【9/2.3.4出勤】【Iカップ】【南流山/流山おおたかの森】爆乳JD美女と本番解禁！オイルパイ挟みに狂うGHR体験記 #9/2,9/3,9/4 #千葉",1,1,0,0.0,150
2026-08-30,1820244,【8/23出勤】【Fカップ】【国分寺】美くびれ巨乳美女と本番解禁！長い爪フェザー密着GHR体験記,0,0,0,0.0,83
2026-08-30,1824707,【8/30出勤】【Gカップ】【大和】白ギャル系の巨乳神乳PZで絶頂！全裸密着とロケット巨乳パイズリ体験記,1,1,0,0.0,32
2026-08-30,1655185,"【8/30 | 9/2出勤】【Gカップ】【横浜】癒し系お姉さんの「隠しきれないHカップ」に悶絶！密着オイルから搾り取られる、至高のPZ(パイズリ)フィニッシュ体験記 #8/30,9/2 #神奈川",1,1,0,0.0,634
2026-08-30,1828755,【8/27出勤】【Hカップ】【恵比寿】生挿入NS解禁！爆乳美女の生フェラ密着NS体験記,0,0,0,0.0,36
2026-08-30,1824723,"【8/30 | 9/2.3出勤】【Hカップ】【溝の口】小柄むっちり巨乳美女の神乳PZで絶頂！トップレス密着と顔面胸スタンプ体験記 #8/30,9/2,9/3 #神奈川",0,0,0,0.0,38
2026-08-30,1802007,"【8/30 | 9/1.2出勤】【Fカップ】【中野】現役学生の高身長童顔美女と楽しむ至高の本番GHR体験記 #8/30,9/1,9/2 #東京都内",1,1,0,0.0,27
2026-08-30,1771375,"【8/30 | 9/2.3出勤】【Gカップ】【恵比寿】天然Gカップ美女のとZNR洗体に溺れる至高のGHR体験記 #8/30,9/2,9/3 #東京都内",1,1,0,0.0,42
2026-08-30,1823563,"【9/1.3出勤】【Gカップ】【秋葉原】19歳ハーフ系Gカップ美女と本番解禁！騎乗位密着GHR体験記 #9/1,9/3 #東京都内",1,1,0,0.0,45
2026-08-30,1823572,【8/21出勤】【Hカップ】【秋葉原】生挿入NS解禁！色白グラマー巨乳美女と全裸密着NS体験記 #8/29 #東京都内,0,0,0,0.0,26
2026-08-30,1623796,"【8/30 | 9/3.6出勤】【Fカップ】【中野】「あとで脱がせる方がERいでしょ♥」Fカップ清楚系セラピストと堕ちる、濃厚DK＆背徳の初回本番NS90分 #8/30,9/3,9/6 #東京都内",1,1,0,0.0,354
2026-08-30,1762959,"【9/2.3.4出勤】【Fカップ】【綱島】神乳PZで絶頂！エロ可愛いムッチリ巨乳のマイクロビキニ密着と至高のフィニッシュ体験記 #9/2,9/3,9/4 #神奈川",0,0,0,0.0,134
2026-08-30,1820272,【9/3出勤】【Jカップ】【秋葉原】爆乳ゆるふわ美女の神乳PZで絶頂！MB密着と顔面埋まり体験記 #9/3 #東京都内,0,0,0,0.0,45
2026-08-30,1710842,【8/25出勤】【Gカップ】【恵比寿】ゴマキ似ギャル美女と本番解禁！スレンダー巨乳に溺れる至高のGHR体験記 #8/29 #東京都内,0,0,0,0.0,341
2026-08-30,1761550,【9/2出勤】【Gカップ】【中野】本番解禁！柏木由紀似OLと一緒に入る泡洗体に溺れる至高のGHR体験記 #9/2 #東京都内,1,1,0,0.0,80
2026-08-30,1822419,【8/30出勤】【Jカップ】【新宿】神乳PZで絶頂！Jカップ美女MB密着と未体験の極圧パイズリ体験記 #8/30 #東京都内,1,1,0,0.0,15
2026-08-30,1823553,"【8/30 | 9/3.4出勤】【Gカップ】【秋葉原】低身長ロリ巨乳美女と本番解禁！トップレス密着GHR体験記 #8/30,9/3,9/4 #東京都内",3,3,0,0.0,68
2026-08-30,1822402,【8/30出勤】【Gカップ】【登戸】色白小顔ギャル美女と本番解禁！一緒シャワー全裸密着GHR体験記 #8/30,0,0,0,0.0,18
2026-08-30,1822409,【8/18出勤】【Fカップ】【恵比寿】神乳綺麗系お姉さんのMB密着と至高のパイズリ体験記 #東京都内,0,0,0,0.0,44
2026-08-30,1821353,【8/22出勤】【Fカップ】【渋谷】モデル級スレンダー巨乳美女と本番解禁！顔面胸乗せ密着GHR体験記 #東京都内,0,0,0,0.0,36
2026-08-30,1662532,【8/16出勤】【Hカップ】【吉祥寺】クラスの可愛い子と「恋人気分」！水袋のような弾力のHカップで搾り取られる、至高のPZ(パイズリ)フィニッシュ体験記！,0,0,0,0.0,129
2026-08-30,1656126,"【8/30 | 9/4出勤】【Gカップ】【大宮】「ムチふわ爆乳」の誘惑…おっぱいスタンプから搾り取られる、至高のPZ(パイズリ)フィニッシュ体験記！ #8/30,9/4 #埼玉",1,1,0,0.0,161
2026-08-30,1821346,【8/20出勤】【Fカップ】【渋谷】神乳美女の紐MB密着と至高のパイズリ体験記 #東京都内,0,0,0,0.0,44
2026-08-30,1820251,"【8/31 | 9/1.4出勤】【Hカップ】【恵比寿】巨乳大学生美女と本番解禁！MB密着GHR体験記 #8/31,9/1,9/4 #東京都内",2,2,0,0.0,65
2026-08-30,1817000,"【8/30.31 | 9/1出勤】【Eカップ】【笹塚】爆乳美女の無課金生外だしと全裸お触り密着に狂う体験記 #8/30,8/31,9/1 #東京都内",3,3,0,0.0,72
2026-08-30,1820247,【8/29出勤】【Hカップ】【新宿】グラマラス爆乳美女と本番解禁！TL密着GHR体験記 #8/29 #東京都内,0,0,0,0.0,16
2026-08-30,1708502,"【8/31 | 9/3.4出勤】【Gカップ】【新宿】本番解禁！白川理桜似のGカップ美女と「密着中出し」。理性を焼き切る至高のGHR体験記 #8/31,9/3,9/4 #東京都内",0,0,0,0.0,69
2026-08-30,1788157,"【9/1.2.3出勤】【Gカップ】【吉祥寺】本番解禁！HP通り美人なムッチリ巨乳と密着69に理性が溶けるGHR体験記 #9/1,9/2,9/3",0,0,0,0.0,41
2026-08-30,1761532,【8/27出勤】【Gカップ】【渋谷】本番解禁！現役女子大生のとSPPNで絡み合う至高のGHR体験記 #東京都内,0,0,0,0.0,116
2026-08-30,1817022,"【8/30.31 | 9/3出勤】【Fカップ】【新宿】池田エライザ似ハーフ美女のTL密着と至高のPZフィニッシュ体験記 #8/30,8/31,9/3 #東京都内",0,0,0,0.0,16
2026-08-30,1683630,【8/29出勤】【Fカップ】【荻窪】22歳Fカップ美女の「名器の締め付け」と爆乳密着に溺れる至高の初回GHRフィニッシュ体験記,2,2,0,0.0,211
2026-08-30,1817043,【8/29出勤】【Jカップ】【藤沢】天然Jカップ巨乳美女がキャミ脱ぎ捨てからの本番GHR体験記 #8/29 #神奈川,3,3,0,0.0,68
2026-08-30,1817008,【8/30出勤】【Iカップ】【新宿】神乳PZで絶頂！ハーフ系二重美女の爆乳パイズリと至高の密着体験記 #8/30 #東京都内,0,0,0,0.0,27
2026-08-30,1817004,"【8/30 | 9/2.3出勤】【Gカップ】【新宿】むちむち可愛い系美女のマイクロビキニ密着と神乳PZフィニッシュ体験記 #8/30,9/2,9/3 #東京都内",0,0,0,0.0,10
2026-08-30,1663647,"【8/30 | 9/4出勤】【Fカップ】【新宿】新宿の現役学生と初回「生in」中出し！スレンダー美女の絶景と吐息に溺れる至高のフィニッシュ体験記！ #8/30,9/4 #東京都内",0,0,0,0.0,82
2026-08-30,1808348,【9/1出勤】【Hカップ】【秋葉原】 #9/1 #東京都内,0,0,0,0.0,35
2026-08-30,1662490,"【8/31 | 9/3.4出勤】【Lカップ】【秋葉原】視界を覆う「おっぱいスタンプ」から搾り取られるPZ(パイズリ)フィニッシュ体験記！水袋のような超軟乳の至高のPZ(パイズリ)の衝撃！ #8/31,9/3,9/4 #東京都内",1,1,0,0.0,563
2026-08-30,1664794,"【9/3.4出勤】【Gカップ】【横浜】初回から理性が決壊する一線越え。Gカップ美女の吐息と「名器の締め付け」に溺れた至高のGHRフィニッシュ体験記 #9/3,9/4 #神奈川",0,0,0,0.0,198
2026-08-30,1806934,【8/5出勤】【Hカップ】【西麻布】本番NS解禁！長身スレンダー美女の四つん這い紙パンツちぎりに狂う体験記 #東京都内,1,1,0,0.0,27
2026-08-30,1806911,"【8/30.31 | 9/2出勤】【Eカップ】【新宿】ピンク髪スレンダー美女の丸出し密着に狂うGHR体験記 #8/30,8/31,9/2 #東京都内",1,1,0,0.0,13
2026-08-30,1806940,【8/28出勤】【Hカップ】【新宿】グラマラス爆乳美女と膝上乗っかり密着に狂う本番GHR体験記 #東京都内,0,0,0,0.0,25
2026-08-30,1771377,"【8/30.31 | 9/1出勤】【Iカップ】【秋葉原】爆乳美女のおっぱいポロン密着に狂う本番GHR体験記 #8/30,8/31,9/1 #東京都内",0,0,0,0.0,89
2026-08-30,1651197,【9/6出勤】【Hカップ】【中野】「手でやらなきゃいいでしょ？」可愛い顔してPZ(パイズリ)で翻弄する小悪魔系美女 #9/6 #東京都内,0,0,0,0.0,185
2026-08-30,1656077,【8/30出勤】【Iカップ】【大宮】おわん型巨乳の重圧と「生」の温もり…感度抜群の地雷系美女と堕ちる、衝撃の初回本番NSフィニッシュ！ #8/30 #埼玉,1,1,0,0.0,181
2026-08-30,1667126,【9/4出勤】【Gカップ】【武蔵小杉】ニコル似Iカップ美女の初回本番「生in」。至高のNSフィニッシュ体験記 #9/4 #神奈川,0,0,0,0.0,151
2026-08-30,1802005,【8/5出勤】【Gカップ】【銀座】人生イチ綺麗なGカップ！福岡美人によるツバ垂らしPZとSPPN密着体験記 #東京都内,1,1,0,0.0,46
2026-08-30,1677614,【7/31出勤】【Fカップ】【浦和】低身長巨乳と密着。色白美肌美女の「生乳PZ」と、耳元への吐息に溺れる至高のフィニッシュ体験記,0,0,0,0.0,226
2026-08-30,1762969,【8/21出勤】【Gカップ】【横浜】神乳PZで絶頂！Gカップアイドル顔美女のマイクロビキニポロリと至高のフィニッシュ体験記 #神奈川,0,0,0,0.0,98
2026-08-30,1598368,"【8/30 | 9/4.5出勤】【Iカップ】【秋葉原】焦らしの美学に完敗！プロの脚本で堕ちる「鏡越しの背徳ANR」と至福のPZ(パイズリ)フィニッシュ #8/30,9/4,9/5 #東京都内",1,1,0,0.0,612
2026-08-30,1797226,"【8/30 | 9/2出勤】【Fカップ】【北千住】ギャル系美人の無課金GHR！紙パンツなし超密着に狂う至高の体験記 #8/30,9/2 #東京都内",0,0,0,0.0,100
2026-08-30,1797257,"【8/31 | 9/1.4出勤】【Hカップ】【恵比寿】神乳PZで絶頂！小柄可愛い巨乳美女の極上マイクロビキニ密着と至高のフィニッシュ体験記 #8/31,9/1,9/4 #東京都内",3,3,0,0.0,63
2026-08-30,1797247,【8/20出勤】【Hカップ】【三軒茶屋】天然Gカップロリ体型美女と本番！ふわふわマシュマロ密着に狂うGHR体験記,0,0,0,0.0,3
2026-08-30,1654034,【9/5出勤】【Fカップ】【武蔵小杉】有村架純似の可憐な美女と溺れる「主導権剥奪」の100分…最後は理性を超える初回本番GHRフィニッシュ！ #9/5 #神奈川,0,0,0,0.0,216
2026-08-30,1708856,【8/31出勤】【Dカップ】【麻布】清楚系美女の本番とMBからはみ出す両CKBに溺れる至高のGHR体験記 #8/31 #東京都内,0,0,0,0.0,80
2026-08-30,1642392,"【9/2.4出勤】【Gカップ】【秋葉原】甘えたがり必見!!高身長Hカプお姉さんのお◯ぱい密着天国からのPZ(パイズリ)フィニッシュ！ #9/2,9/4 #東京都内",0,0,0,0.0,260
2026-08-30,1755449,"【8/30 | 9/2.5出勤】【Hカップ】【五反田】伝説級の超マシュマロ巨乳PZ！漫画スタイルの爆乳に溺れる至高のフィニッシュ体験記 #8/30,9/2,9/5 #東京都内",2,2,0,0.0,217
2026-08-30,1662528,"【8/31 | 9/1.4出勤】【Gカップ】【新宿】金額交渉で堕ちる「生の温もり」！密着オイルから不意打ちの絶品F、そして衝撃の初回本番HRフィニッシュへ！ #8/31,9/1,9/4 #東京都内",1,1,0,0.0,60
2026-08-30,1788140,"【9/2.3出勤】【Fカップ】【恵比寿】本番解禁！パネマジなし綺麗系美女の天然巨乳に溺れる至高のGHR体験記 #9/2,9/3 #東京都内",2,2,0,0.0,53
2026-08-30,1662554,"【8/30.31 | 9/4出勤】【Gカップ】【中野】高身長スレンダー×天然ロケットπ開始30分で理性が決壊！細身の体に宿る巨乳の衝撃と、禁断の初回NSフィニッシュ体験記！ #8/30,8/31,9/4 #東京都内",0,0,0,0.0,171
2026-08-30,1764682,"【9/1.3出勤】【Gカップ】【 大宮】Gカップ美女のMBはみ出し密着と至高のPZパイズリフィニッシュ体験記 #9/1,9/3 #埼玉",0,0,0,0.0,90
2026-08-30,1678781,【7/4出勤】【Gカップ】【船橋】生乳爆乳PZ解禁。色白美肌美女と悪戯な囁きに溺れる至高のフィニッシュ体験記 #千葉,0,0,0,0.0,254
2026-08-30,1708852,"【9/2.4出勤】【Fカップ】【麻布】NN解禁！クール系美女の「生挿入中出し」と、神スタイルに溺れる至高のフィニッシュ体験記 #9/2,9/4 #東京都内",1,1,0,0.0,79
2026-08-30,1653916,【8/30出勤】【Gカップ】【新宿】ロシア系クォーターの至高ボディ！爆揺れ巨乳に埋もれる「魔性の69」と絶品PZ(パイズリ)フィニッシュ #8/30 #東京都内,0,0,0,0.0,157
2026-08-30,1754547,"【8/30.31 | 9/1出勤】【Eカップ】【新宿】本番解禁！猫顔スレンダー美女の「名器中出し」と、関西弁の甘い誘惑に溺れる至高のGHR体験記 #8/30,8/31,9/1 #東京都内",0,0,0,0.0,52
2026-08-30,1650404,【9/6出勤】【Fカップ】【新宿】「特別コースですから…♥」橋本マナミ風お姉さんの透け衣装誘惑。ムチムチFカップと溶け合う初回PZ(パイズリ)による至福の夜 #9/6 #東京都内,0,0,0,0.0,135
2026-08-30,1654061,【6/26出勤】【Fカップ】【相模大野】メジャーアイドル級美女と溺れる「KPなし」の密着洗体…最後はG着用で果てる禁断の絶頂本番HR体験！,0,0,0,0.0,142
2026-08-30,1710810,"【8/30.31 | 9/1出勤】【Gカップ】【新宿】乃木坂系美女と密着本番HR。アニメ級の爆乳に溺れる、至高のGHRフィニッシュ体験記 #8/30,8/31,9/1 #東京都内",0,0,0,0.0,57
2026-08-30,1655253,【8/30出勤】【Gカップ】【新宿】コスプレ級美女と堕ちる「禁断の本番」！溢れ出す爆乳おっぱいスタンプと、本番GHRの積極的な誘いに理性が溶ける至福の90分！ #8/30 #東京都内,1,1,0,0.0,55
2026-08-30,1668275,【8/26出勤】【Fカップ】【新宿】九州出身セクシー美女の「おっとり吐息」と名器に溺れる、至高の初回本番GHRフィニッシュ体験記,0,0,0,0.0,42
2026-08-30,1663737,【9/4出勤】【Gカップ】【新宿】本番解禁！福原遥似の美少女とGHR。お椀型巨乳とヌルヌル密着オイルに溺れる至高のフィニッシュ体験記 #9/4 #東京都内,0,0,0,0.0,46
2026-08-30,1657099,都内出勤カレンダー,1,1,0,0.0,443
2026-08-30,1657105,埼玉県(大宮)出勤カレンダー,0,0,0,0.0,192
2026-08-30,1657104,横浜周辺出勤カレンダー,0,0,0,0.0,161
2026-08-30,1657101,多摩(吉祥寺)周辺カレンダー,2,2,0,0.0,154
2026-08-30,1648133,【4/3.5出勤】【Gカップ】【田町】【PZ】20歳のふわっふわH乳によるグラインドPZ(パイズリ)でSKR #東京都内,0,0,0,0.0,96
2026-08-31,1656077,【8/30出勤】【Iカップ】【大宮】おわん型巨乳の重圧と「生」の温もり…感度抜群の地雷系美女と堕ちる、衝撃の初回本番NSフィニッシュ！ #8/30 #埼玉,2,2,0,0.0,190
2026-08-31,1656126,【9/4出勤】【Gカップ】【大宮】「ムチふわ爆乳」の誘惑…おっぱいスタンプから搾り取られる、至高のPZ(パイズリ)フィニッシュ体験記！ #9/4 #埼玉,1,1,0,0.0,164
2026-08-31,1822402,【8/31出勤】【Gカップ】【登戸】色白小顔ギャル美女と本番解禁！一緒シャワー全裸密着GHR体験記 #8/31,0,0,0,0.0,22
2026-08-31,1655185,"【9/2.5出勤】【Gカップ】【横浜】癒し系お姉さんの「隠しきれないHカップ」に悶絶！密着オイルから搾り取られる、至高のPZ(パイズリ)フィニッシュ体験記 #9/2,9/5 #神奈川",0,0,0,0.0,637
2026-08-31,1599734,"【8/31 | 9/2.4出勤】【Gカップ】【新宿】初回で合体まで至った至福の本番HR体験記「このGカップ、本物だ…」若さ弾ける爆乳美女の神対応。 #8/31,9/2,9/4 #東京都内",0,0,0,0.0,187
2026-08-31,1663754,"【8/31 | 9/5出勤】【Gカップ】【新宿】初回から境界線を超えた超密着！JD美女と溶け合う「生感覚」の衝撃。極上本番HRフィニッシュ #8/31,9/5 #東京都内",0,0,0,0.0,148
2026-08-31,1601302,"【9/4.5.6出勤】【Hカップ】【恵比寿】初回から「ちゃんと着けるから、挿れてもいい？♥」淫らな聖女の逆指名。現役看護師と堕ちる、ヌルヌル密着の絶頂本番HR #9/4,9/5,9/6 #東京都内",1,1,0,0.0,883
2026-08-31,1754553,"【9/1.3.5出勤】【Hカップ】【登戸】神乳PZで絶頂！細身巨乳美女の「 naked密着」と、鏡越しprprに溺れる至高のフィニッシュ体験記 #9/1,9/3,9/5",0,0,0,0.0,178
2026-08-31,1836299,"【9/3.4出勤】【Gカップ】【船橋】生のまま中出しNN解禁！華奢細身Gカップ美女の全裸密着と生本番フィニッシュ体験記 #9/3,9/4 #千葉",9,9,0,0.0,34
2026-08-31,1639983,"【9/2.3.6出勤】【Gカップ】【中野】初回から巨乳ギャルのフルスロットルの寛容度。生Fからの「最後どうする？」で本番GHR。 #9/2,9/3,9/6 #東京都内",1,1,0,0.0,585
2026-08-31,1802001,"【8/31 | 9/1.2出勤】【Kカップ】【池袋】Kカップお姉さん美女のMB密着と爆乳PZフィニッシュ体験記 #8/31,9/1,9/2 #東京都内",1,1,0,0.0,67
2026-08-31,1656219,"【8/31 | 9/1.3出勤】【Fカップ】【吉祥寺】初回から濃厚PZ(パイズリ)から搾り取られる、至高の本番HRフィニッシュ！Gカップに溺れる「密着ソファー」の誘惑 #8/31,9/1,9/3",2,2,0,0.0,466
2026-08-31,1817046,"【8/31 | 9/5出勤】【Hカップ】【武蔵小杉】生のまま中出し解禁！美形細身巨乳美女の全裸密着と生本番NNフィニッシュ体験記 #8/31,9/5 #神奈川",2,2,0,0.0,117
2026-08-31,1798255,【9/5出勤】【Gカップ】【津田沼】むちむちボブ美女AN密着に狂う本番GHR体験記 #9/5 #千葉,5,5,0,0.0,212
2026-08-31,1823574,"【8/31 | 9/1出勤】【Gカップ】【秋葉原】生挿入NS解禁！小顔くびれ美巨乳美女の生中出し濃厚DKS体験記 #8/31,9/1 #東京都内",9,9,0,0.0,61
2026-08-31,1667095,"【8/31 | 9/1.4出勤】【Fカップ】【関内】初回から理性が決壊する一線越え。本格派美女の「お口で装着」と名器の締め付けに溺れた至高のGHRフィニッシュ体験記 #8/31,9/1,9/4 #神奈川",0,0,0,0.0,695
2026-08-31,1780559,"【8/31 | 9/1出勤】【Fカップ】【池袋】生ハメNNで絶頂！リアルアイドル顔美女の超濃厚ヌルヌル密着と至高のNN体験記 #8/31,9/1 #東京都内",1,1,0,0.0,171
2026-08-31,1656212,"【8/31 | 9/1.2出勤】【Jカップ】【吉祥寺】視界を塞ぐ爆乳の壁！ソファーでの密着ハグから搾り取られる、至高のPZ(パイズリ)フィニッシュ体験記！ #8/31,9/1,9/2",4,4,0,0.0,560
2026-08-31,1653925,"【8/31 | 9/2.3出勤】【Fカップ】【新宿】初回から現役JDと濃厚DK＆生本番級GHR！スベスベ美肌の妹系美女と溺れる超密着PZの衝撃！#本日出勤 #8/31,9/2,9/3 #東京都内",1,1,0,0.0,362
2026-08-31,1662519,"【9/1.2.3出勤】【Iカップ】【北千住】爆乳と「爆裂美尻」の衝撃！理性を溶かす密着オイルから、生の熱量に溺れた至高の初回本番HR体験記！ #9/1,9/2,9/3 #東京都内",6,6,0,0.0,396
2026-08-31,1836312,"【8/31 | 9/1出勤】【Hカップ】【柏】タヌキ顔Hカップ美女と本番解禁！ソファー密着GHR体験記 #8/31,9/1 #千葉",8,8,0,0.0,111
2026-08-31,1623774,"【9/1.2.3出勤】【Jカップ】【池袋】「時間があるなら2回でもいいよ♥」初回からJカップ爆乳美女の神対応。無料パイズリPZの快感に溺れた、高身長元キャバ嬢との夜 #9/1,9/2,9/3 #東京都内",3,3,0,0.0,1032
2026-08-31,1710821,"【8/31 | 9/1.2出勤】【Gカップ】【新宿】元グラドルのH超え爆乳と「２回戦本番HR」に壊される、支配的な至高の体験記 #8/31,9/1,9/2 #東京都内",8,8,0,0.0,408
2026-08-31,1798265,"【8/30.31 | 9/4出勤】【Hカップ】【流山おおたかの森】極上神乳PZで絶頂！過去一柔らかい天然Hカップ美女の超密着パイズリ体験記 #8/30,8/31,9/4 #千葉",9,9,0,0.0,193
2026-08-31,1761541,"【8/31 | 9/1.2出勤】【Gカップ】【品川】驚愕の神乳PZ！清楚系お姉さんの「naked密着」と、ゼロ距離奉仕に理性が溶ける体験記 #8/31,9/1,9/2 #東京都内",5,5,0,0.0,193
2026-08-31,1794515,【8/30出勤】【Jカップ】【大宮】地雷系むちむち美女本番解禁！トップレス密着に狂うGHR体験記 #8/30 #埼玉,4,4,0,0.0,147
2026-08-31,1683671,"【9/3.4.5出勤】【Eカップ】【大宮】AV女優黒川すみれ似美女の「生乳PZ」と、Sっ気溢れる言葉責めに溺れる至高の体験記 #9/3,9/4,9/5 #埼玉",5,5,0,0.0,249
2026-08-31,1762946,"【8/31 | 9/2.4出勤】【Hカップ】【横浜】170cmの48Kgスーパーモデル級美人のKP剥ぎ取り密着に狂う本番GHR体験記 #8/31,9/2,9/4 #神奈川",1,1,0,0.0,121
2026-08-31,1797240,"【8/31 | 9/2出勤】【Iカップ】【溝の口】ぱるる系清楚アイドルと本番解禁！新人美巨乳密着に狂うGHR体験記 #8/31,9/2",2,2,0,0.0,40
2026-08-31,1780536,【9/3出勤】【Gカップ】【多摩】生ハメNNで絶頂！小顔グラマラス美女の超密着ヌルヌル本番と至高の体験記 #9/3,5,5,0,0.0,105
2026-08-31,1817054,"【9/3.4出勤】【Fカップ】【武蔵小杉】本番解禁！たぬき顔美女の盛MN密着GHR体験記 #9/3,9/4 #神奈川",6,6,0,0.0,70
2026-08-31,1662542,【9/5出勤】【Eカップ】【横浜】至福の初回NS生本番挿入！お腹への発射で締める、最高級の「パコ姫」ホスピタリティ体験記！ #9/5 #神奈川,1,1,0,0.0,178
2026-08-31,1828751,【9/4出勤】【Fカップ】【成増】小動物系Fカップ美女と本番解禁！透け衣装密着GHR体験記 #9/4 #東京都内,7,7,0,0.0,33
2026-08-31,1788175,【9/4出勤】【Fカップ】【練馬】本番解禁！YouTuberかすちゃん似美女のおっぱい密着に狂うGHR体験記 #9/4 #東京都内,3,3,0,0.0,116
2026-08-31,1597345,"【9/1.2出勤】【Iカップ】【品川】高身長ムチムチ聖母の「生OPI」洗礼！SKSK衣装から溢れる爆乳PZ(パイズリ)体験記 #9/1,9/2 #東京都内",3,3,0,0.0,1069
2026-08-31,1663765,【8/29出勤】【Hカップ】【新宿】初回中出しNN解禁！沖縄出身ギャルと生in。至高の美ボディと「密着中出し」に溺れる、新宿の禁断生挿入フィニッシュ体験記,4,4,0,0.0,145
2026-08-31,1656086,"【9/4.5出勤】【Iカップ】【大宮】神スタイルと初回NSの悦楽！AI超えの美体と堕ちる「生の温もり」…2回戦連続フィニッシュ #9/4,9/5 #埼玉",3,3,0,0.0,493
2026-08-31,1656071,"【9/3.4出勤】【Dカップ】【大宮】パフィーニップルの誘惑とSPPN密着！理性が吹き飛ぶ「NS生挿入」フィニッシュ体験記！ #9/3,9/4 #埼玉",2,2,0,0.0,417
2026-08-31,1754540,"【9/1.2.4出勤】【Hカップ】【新宿】驚愕の爆乳PZ！清楚系色白スレンダー美女のゼロ距離密着と、脳がとろける至高の体験記 #9/1,9/2,9/4 #東京都内",3,3,0,0.0,135
2026-08-31,1656283,【8/29出勤】【Fカップ】【調布】清楚な顔立ちに潜む、驚愕の「名器」と感度…理性が決壊する交渉の末、生の温もりに溺れた至高の初回本番HR体験記！,4,4,0,0.0,517
2026-08-31,1836306,【9/4出勤】【Hカップ】【成田】圧倒的爆乳美女と本番解禁！全裸騎乗位密着GHR体験記 #9/4 #千葉,8,8,0,0.0,15
2026-08-31,1789466,【8/28出勤】【Hカップ】【海老名】本番解禁！Fカップおっとり美人と生まれたて全裸密着に狂うGHR体験記,1,1,0,0.0,86
2026-08-31,1817029,"【8/31 | 9/2.3出勤】【Fカップ】【赤坂】ツルスベ巨乳美女のSPPN全裸密着と怒涛のPZフィニッシュ体験記 #8/31,9/2,9/3 #東京都内",1,1,0,0.0,74
2026-08-31,1653910,【8/28出勤】【Fカップ】【新宿】お風呂屋超えの濃厚PZ(パイズリ)！Fカップ美乳嬢と溺れる「寸止め地獄」と「密着DKフィニッシュ」,1,1,0,0.0,204
2026-08-31,1639998,"【9/1.4出勤】【Kカップ】【銀座】揉みごたえ充分の巨乳は感度も抜群！ ふわふわおっ杯で濃厚密着PZ(パイズリ) #9/1,9/4 #東京都内",1,1,0,0.0,808
2026-08-31,1673756,"【8/31 | 9/5出勤】【Fカップ】【大宮】爆乳解禁！追加なしの極上PZ。至高の肉感と密着ハグに溺れるパイズリフィニッシュ体験記 #8/31,9/5 #埼玉",1,1,0,0.0,235
2026-08-31,1655143,【9/3出勤】【Fカップ】【横浜】隠れ家で堕ちる「脱衣プレイ」とNBRの誘惑…至近距離で見つめられ搾り取られる極上PZ(パイズリ)の衝撃！,1,1,0,0.0,198
2026-08-31,1683635,"【9/2.3.5出勤】【Eカップ】【登戸/溝の口】色白スレンダー美女の「超絶NF奉仕」と、上に跨り繋がる至高のGHR体験記 #9/2,9/3,9/5",0,0,0,0.0,331
2026-08-31,1640011,"【9/3.4出勤】【Gカップ】【池袋】池田エライザ似の爆乳美女と初回から「禁断の中出しNN合体」！深夜枠で溺れた、むっちりマシュマロボディの誘惑 #9/3,9/4 #東京都内",0,0,0,0.0,514
2026-08-31,1656054,"【9/1.3出勤】【Jカップ】【大宮】初回から至高の本番NS生挿入！視界を覆う爆乳スタンプ…合意の上で堕ちた締まりに悶絶体験記 #9/1,9/3 #埼玉",0,0,0,0.0,665
2026-08-31,1653899,"【8/31 | 9/1.2出勤】【Gカップ】【新宿】スレンダーな腰に「上向き巨乳」の奇跡…職場のマドンナ似との密着PZ(パイズリ) #8/31,9/1,9/2 #東京都内",1,1,0,0.0,252
2026-08-31,1656274,【9/3出勤】【Fカップ】【登戸】溢れる巨乳Gカップの衝撃！密着オイル攻めから交渉で堕ちた、至高の「生感覚」本番GHRフィニッシュ体験記！ #9/3,0,0,0,0.0,249
2026-08-31,1667106,"【8/31 | 9/1.2出勤】【Fカップ】【厚木】初回で理性が決壊。有村架純似Fカップ美女の吐息と「ツルツル秘部」に溺れた至高の本番GHRフィニッシュ体験記 #8/31,9/1,9/2 #神奈川",0,0,0,0.0,372
2026-08-31,1668882,【9/3出勤】【Gカップ】【錦糸町】初回本番解禁！ムチムチ美女の「名器の締め付け」と、MBから溢れる巨乳に溺れる。至高のGHRフィニッシュ体験記 #9/3 #東京都内,0,0,0,0.0,543
2026-08-31,1668292,"【8/31 | 9/4.5出勤】【Iカップ】【新宿】爆乳解禁。清楚系アイドル美女の「生乳PZ」と、理性を奪う中出し。至高のフィニッシュ体験記 #8/31,9/4,9/5 #東京都内",0,0,0,0.0,207
2026-08-31,1710833,【9/6出勤】【Fカップ】【中目黒】清楚系美女の溢れるFカップ爆乳に溺れる至高の本番GHR体験記 #9/6 #東京都内,1,1,0,0.0,241
2026-08-31,1677621,"【9/1.2.4出勤】【Gカップ】【浦和】禁断のモロ出し。Gカップ美女の「生乳PZ」と、吐息が重なる濃厚フィニッシュ体験記 #9/1,9/2,9/4 #埼玉",1,1,0,0.0,410
2026-08-31,1655202,【8/31出勤】【Gカップ】【横浜】初回極上PZの衝撃！初回から弾力MAXのOPIスタンプと禁断の密着洗体…NPの誘惑に搾り取られるPZフィニッシュ #8/31 #神奈川,0,0,0,0.0,503
2026-08-31,1683683,【8/31出勤】【Gカップ】【横浜】洗体アシストで悶絶。巨乳美女の「生乳PZ」と、密着バックご奉仕に溺れる至高のフィニッシュ体験記 #8/31 #神奈川,2,2,0,0.0,329
2026-08-31,1762949,"【9/1.2.3出勤出勤】【Gカップ】【本厚木】HP通り可愛い美女のと一緒に入る泡洗体に溺れる至高の本番GHR体験記 #9/1,9/2,9/3 #神奈川",0,0,0,0.0,373
2026-08-31,1754531,"【8/31 | 9/1.2出勤】【Gカップ】【赤坂】驚愕の神乳PZ！林ゆめ似の超絶スレンダー巨乳と、ゼロ距離密着に理性が溶ける体験記 #8/31,9/1,9/2 #東京都内",1,1,0,0.0,342
2026-08-31,1817039,【9/1出勤】【Iカップ】【本厚木】爆乳美女と無課金本番解禁！紙パンツ脱ぎ捨てトロ顔GHR体験記 #9/1 #神奈川,2,2,0,0.0,140
2026-08-31,1761543,【8/30出勤】【Eカップ】【中野】本番解禁！高身長Fカップ女子大生の「数の子天井ナカ出し」とSPPN密着に溺れる至高のGHR体験記 #8/30 #東京都内,1,1,0,0.0,144
2026-08-31,1663730,"【8/31 | 9/2.3出勤】【Gカップ】【新宿】現役AV女優と禁断の初回本番GHR！熟練タイ古式と爆乳に搾り取られる、新宿の至高フィニッシュ体験記！ #8/31,9/2,9/3 #東京都内",1,1,0,0.0,142
2026-08-31,1677604,"【9/1.2.4出勤】【Fカップ】【赤羽】「アニメ声」たぬき顔美女と初回本番解禁！密着マッサージに溺れる至高のGHRフィニッシュ体験記 #9/1,9/2,9/4 #埼玉",1,1,0,0.0,562
2026-08-31,1651485,【8/26出勤】【Gカップ】【登戸】初回から「ねぇ、もう一回しよ♥」極上Gカップに溺れる本番NS二回転フィニッシュ,0,0,0,0.0,350
2026-08-31,1656118,"【9/1.3出勤】【Gカップ】【大宮】初回から巨乳MBのPZ多幸感！密着オイルで理性を溶かし、巨大な肉圧で搾り取られる至高の快楽 #9/1,9/3 #埼玉",1,1,0,0.0,241
2026-08-31,1828762,"【9/2.3出勤】【Hカップ】【溝の口】天然H神乳美女のノーブラニット密着PZで絶頂！顔面胸当て体験記 #9/2,9/3 #神奈川",0,0,0,0.0,23
2026-08-31,1642194,【8/26出勤】【Fカップ】【登戸】街で二度見する爆美女と「密着シャワー」の悦楽…初回から奥地まで咥え込む濃厚Fで昇天！,0,0,0,0.0,287
2026-08-31,1683650,【9/4出勤】【Hカップ】【浦和】NN解禁！爆乳美女への「生挿入中出し」と溢れるデカ尻に溺れる至高の体験記 #9/4 #埼玉,1,1,0,0.0,506
2026-08-31,1823559,"【9/3.4.6出勤】【Fカップ】【秋葉原】ハーフモデル美女神乳PZで絶頂！細身Gカップ密着とスリット全開体験記 #9/3,9/4,9/6 #東京都内",0,0,0,0.0,30
2026-08-31,1780542,"【8/31 | 9/2.4出勤】【Hカップ】【新宿】神乳PZで絶頂！天然Hカップ美女の透けビキニ密着と至高のフィニッシュ体験記 #8/31,9/2,9/4 #東京都内",0,0,0,0.0,53
2026-08-31,1662507,"【8/31 | 9/2.3出勤】【Gカップ】【五反田】金額交渉なしの神展開！「今日は特別だよ…♥」と囁かれ、生の温もりに溺れた至高の初回生挿入NS体験記！ #8/31,9/2,9/3 #東京都内",0,0,0,0.0,441
2026-08-31,1655259,"【9/1.3出勤】【Eカップ】【新宿】至高のPZで悶絶！柔らか巨乳の密着スタンプと「もう1回できる？」と囁かれる悦楽 #9/1,9/3 #東京都内",1,1,0,0.0,175
2026-08-31,1677586,【12/10出勤】【Gカップ】【大宮】初回本番解禁！新人美女の「初めてのin」と、重力に抗えない爆乳に溺れる。至高のGHRフィニッシュ体験記 #12/10 #埼玉,0,0,0,0.0,221
2026-08-31,1656105,"【9/1.2.4出勤】【Fカップ】【大宮】密着オイル攻めの果てに迎えた、衝撃の初回本番HRフィニッシュ！ #9/1,9/2,9/4 #埼玉",1,1,0,0.0,471
2026-08-31,1667110,"【8/31 | 9/4.6出勤】【Fカップ】【武蔵小杉】境界線を超えた密着。グラビア級美女の「おっとり吐息」と名器に溺れる、至高の初回本番GHRフィニッシュ体験記 #8/31,9/4,9/6 #神奈川",0,0,0,0.0,336
2026-08-31,1798245,"【9/2.3.4出勤】【Iカップ】【南流山/流山おおたかの森】爆乳JD美女と本番解禁！オイルパイ挟みに狂うGHR体験記 #9/2,9/3,9/4 #千葉",3,3,0,0.0,156
2026-08-31,1820244,【8/23出勤】【Fカップ】【国分寺】美くびれ巨乳美女と本番解禁！長い爪フェザー密着GHR体験記,0,0,0,0.0,84
2026-08-31,1824707,【8/30出勤】【Gカップ】【大和】白ギャル系の巨乳神乳PZで絶頂！全裸密着とロケット巨乳パイズリ体験記 #8/30 #神奈川,0,0,0,0.0,32
2026-08-31,1828755,"【9/3.5出勤】【Hカップ】【恵比寿】生挿入NS解禁！爆乳美女の生フェラ密着NS体験記 #9/3,9/5 #東京都内",0,0,0,0.0,39
2026-08-31,1824723,"【9/2.3.4出勤】【Hカップ】【溝の口】小柄むっちり巨乳美女の神乳PZで絶頂！トップレス密着と顔面胸スタンプ体験記 #9/2,9/3,9/4 #神奈川",1,1,0,0.0,39
2026-08-31,1802007,"【9/1.2.4出勤】【Fカップ】【中野】現役学生の高身長童顔美女と楽しむ至高の本番GHR体験記 #9/1,9/2,9/4 #東京都内",0,0,0,0.0,27
2026-08-31,1771375,"【9/2.3.4出勤】【Gカップ】【恵比寿】天然Gカップ美女のとZNR洗体に溺れる至高のGHR体験記 #9/2,9/3,9/4 #東京都内",0,0,0,0.0,42
2026-08-31,1823563,"【9/1.3.5出勤】【Gカップ】【秋葉原】19歳ハーフ系Gカップ美女と本番解禁！騎乗位密着GHR体験記 #9/1,9/3,9/5 #東京都内",0,0,0,0.0,47
2026-08-31,1823572,【8/21出勤】【Hカップ】【秋葉原】生挿入NS解禁！色白グラマー巨乳美女と全裸密着NS体験記 #東京都内,0,0,0,0.0,26
2026-08-31,1623796,"【9/3.6出勤】【Fカップ】【中野】「あとで脱がせる方がERいでしょ♥」Fカップ清楚系セラピストと堕ちる、濃厚DK＆背徳の初回本番NS90分 #9/3,9/6 #東京都内",0,0,0,0.0,354
2026-08-31,1762959,"【9/2.3.4出勤】【Fカップ】【綱島】神乳PZで絶頂！エロ可愛いムッチリ巨乳のマイクロビキニ密着と至高のフィニッシュ体験記 #9/2,9/3,9/4 #神奈川",0,0,0,0.0,135
2026-08-31,1820272,【9/3出勤】【Jカップ】【秋葉原】爆乳ゆるふわ美女の神乳PZで絶頂！MB密着と顔面埋まり体験記 #9/3 #東京都内,1,1,0,0.0,46
2026-08-31,1710842,【8/25出勤】【Gカップ】【恵比寿】ゴマキ似ギャル美女と本番解禁！スレンダー巨乳に溺れる至高のGHR体験記 #東京都内,1,1,0,0.0,341
2026-08-31,1761550,【9/2出勤】【Gカップ】【中野】本番解禁！柏木由紀似OLと一緒に入る泡洗体に溺れる至高のGHR体験記 #9/2 #東京都内,0,0,0,0.0,80
2026-08-31,1822419,【8/30出勤】【Jカップ】【新宿】神乳PZで絶頂！Jカップ美女MB密着と未体験の極圧パイズリ体験記 #8/30 #東京都内,0,0,0,0.0,15
2026-08-31,1823553,"【9/3.4.5出勤】【Gカップ】【秋葉原】低身長ロリ巨乳美女と本番解禁！トップレス密着GHR体験記 #9/3,9/4,9/5 #東京都内",3,3,0,0.0,70
2026-08-31,1822409,【8/18出勤】【Fカップ】【恵比寿】神乳綺麗系お姉さんのMB密着と至高のパイズリ体験記 #東京都内,0,0,0,0.0,45
2026-08-31,1821353,【8/22出勤】【Fカップ】【渋谷】モデル級スレンダー巨乳美女と本番解禁！顔面胸乗せ密着GHR体験記 #東京都内,1,1,0,0.0,38
2026-08-31,1662532,【8/16出勤】【Hカップ】【吉祥寺】クラスの可愛い子と「恋人気分」！水袋のような弾力のHカップで搾り取られる、至高のPZ(パイズリ)フィニッシュ体験記！,0,0,0,0.0,129
2026-08-31,1821346,【8/20出勤】【Fカップ】【渋谷】神乳美女の紐MB密着と至高のパイズリ体験記 #東京都内,0,0,0,0.0,44
2026-08-31,1820251,"【9/1.4.5出勤】【Hカップ】【恵比寿】巨乳大学生美女と本番解禁！MB密着GHR体験記 #9/1,9/4,9/5 #東京都内",1,1,0,0.0,68
2026-08-31,1817000,"【8/31 | 9/1.2出勤】【Eカップ】【笹塚】爆乳美女の無課金生外だしと全裸お触り密着に狂う体験記 #8/31,9/1,9/2 #東京都内",0,0,0,0.0,74
2026-08-31,1820247,"【8/31 | 9/2出勤】【Hカップ】【新宿】グラマラス爆乳美女と本番解禁！TL密着GHR体験記 #8/31,9/2 #東京都内",1,1,0,0.0,16
2026-08-31,1708502,"【8/31 | 9/3.4出勤】【Gカップ】【新宿】本番解禁！白川理桜似のGカップ美女と「密着中出し」。理性を焼き切る至高のGHR体験記 #8/31,9/3,9/4 #東京都内",0,0,0,0.0,70
2026-08-31,1788157,"【9/1.2.3出勤】【Gカップ】【吉祥寺】本番解禁！HP通り美人なムッチリ巨乳と密着69に理性が溶けるGHR体験記 #9/1,9/2,9/3",0,0,0,0.0,45
2026-08-31,1761532,【9/3出勤】【Gカップ】【渋谷】本番解禁！現役女子大生のとSPPNで絡み合う至高のGHR体験記 #9/3 #東京都内,0,0,0,0.0,116
2026-08-31,1817022,"【8/31 | 9/3.4出勤】【Fカップ】【新宿】池田エライザ似ハーフ美女のTL密着と至高のPZフィニッシュ体験記 #8/31,9/3,9/4 #東京都内",0,0,0,0.0,16
2026-08-31,1683630,"【9/2.4出勤】【Fカップ】【荻窪】22歳Fカップ美女の「名器の締め付け」と爆乳密着に溺れる至高の初回GHRフィニッシュ体験記 #9/2,9/4",0,0,0,0.0,211
2026-08-31,1817043,【8/29出勤】【Jカップ】【藤沢】天然Jカップ巨乳美女がキャミ脱ぎ捨てからの本番GHR体験記,1,1,0,0.0,68
2026-08-31,1817008,【8/30出勤】【Iカップ】【新宿】神乳PZで絶頂！ハーフ系二重美女の爆乳パイズリと至高の密着体験記 #8/30 #東京都内,1,1,0,0.0,27
2026-08-31,1817004,"【9/2.3.4出勤】【Gカップ】【新宿】むちむち可愛い系美女のマイクロビキニ密着と神乳PZフィニッシュ体験記 #9/2,9/3,9/4 #東京都内",0,0,0,0.0,10
2026-08-31,1663647,"【9/4.5出勤】【Fカップ】【新宿】新宿の現役学生と初回「生in」中出し！スレンダー美女の絶景と吐息に溺れる至高のフィニッシュ体験記！ #9/4,9/5 #東京都内",0,0,0,0.0,82
2026-08-31,1808348,【9/1出勤】【Hカップ】【秋葉原】 #9/1 #東京都内,0,0,0,0.0,36
2026-08-31,1662490,"【8/31 | 9/3.4出勤】【Lカップ】【秋葉原】視界を覆う「おっぱいスタンプ」から搾り取られるPZ(パイズリ)フィニッシュ体験記！水袋のような超軟乳の至高のPZ(パイズリ)の衝撃！ #8/31,9/3,9/4 #東京都内",1,1,0,0.0,567
2026-08-31,1664794,"【9/3.4出勤】【Gカップ】【横浜】初回から理性が決壊する一線越え。Gカップ美女の吐息と「名器の締め付け」に溺れた至高のGHRフィニッシュ体験記 #9/3,9/4 #神奈川",0,0,0,0.0,198
2026-08-31,1806934,【8/5出勤】【Hカップ】【西麻布】本番NS解禁！長身スレンダー美女の四つん這い紙パンツちぎりに狂う体験記 #東京都内,0,0,0,0.0,27
2026-08-31,1806911,"【8/31 | 9/2.4出勤】【Eカップ】【新宿】ピンク髪スレンダー美女の丸出し密着に狂うGHR体験記 #8/31,9/2,9/4 #東京都内",0,0,0,0.0,13
2026-08-31,1806940,【8/28出勤】【Hカップ】【新宿】グラマラス爆乳美女と膝上乗っかり密着に狂う本番GHR体験記 #東京都内,0,0,0,0.0,25
2026-08-31,1771377,"【8/31 | 9/1.2出勤】【Iカップ】【秋葉原】爆乳美女のおっぱいポロン密着に狂う本番GHR体験記 #8/31,9/1,9/2 #東京都内",1,1,0,0.0,89
2026-08-31,1651197,【9/6出勤】【Hカップ】【中野】「手でやらなきゃいいでしょ？」可愛い顔してPZ(パイズリ)で翻弄する小悪魔系美女 #9/6 #東京都内,0,0,0,0.0,185
2026-08-31,1667126,【9/4出勤】【Gカップ】【武蔵小杉】ニコル似Iカップ美女の初回本番「生in」。至高のNSフィニッシュ体験記 #9/4 #神奈川,0,0,0,0.0,151
2026-08-31,1802005,【8/5出勤】【Gカップ】【銀座】人生イチ綺麗なGカップ！福岡美人によるツバ垂らしPZとSPPN密着体験記 #東京都内,1,1,0,0.0,47
2026-08-31,1677614,【7/31出勤】【Fカップ】【浦和】低身長巨乳と密着。色白美肌美女の「生乳PZ」と、耳元への吐息に溺れる至高のフィニッシュ体験記,0,0,0,0.0,227
2026-08-31,1762969,【8/21出勤】【Gカップ】【横浜】神乳PZで絶頂！Gカップアイドル顔美女のマイクロビキニポロリと至高のフィニッシュ体験記 #神奈川,0,0,0,0.0,98
2026-08-31,1598368,"【9/4.5.6出勤】【Iカップ】【秋葉原】焦らしの美学に完敗！プロの脚本で堕ちる「鏡越しの背徳ANR」と至福のPZ(パイズリ)フィニッシュ #9/4,9/5,9/6 #東京都内",0,0,0,0.0,614
2026-08-31,1797226,"【8/30 | 9/2出勤】【Fカップ】【北千住】ギャル系美人の無課金GHR！紙パンツなし超密着に狂う至高の体験記 #8/30,9/2 #東京都内",0,0,0,0.0,102
2026-08-31,1797257,"【8/31 | 9/1.4出勤】【Hカップ】【恵比寿】神乳PZで絶頂！小柄可愛い巨乳美女の極上マイクロビキニ密着と至高のフィニッシュ体験記 #8/31,9/1,9/4 #東京都内",0,0,0,0.0,63
2026-08-31,1797247,【8/20出勤】【Hカップ】【三軒茶屋】天然Gカップロリ体型美女と本番！ふわふわマシュマロ密着に狂うGHR体験記,0,0,0,0.0,3
2026-08-31,1654034,【9/5出勤】【Fカップ】【武蔵小杉】有村架純似の可憐な美女と溺れる「主導権剥奪」の100分…最後は理性を超える初回本番GHRフィニッシュ！ #9/5 #神奈川,0,0,0,0.0,216
2026-08-31,1708856,【8/31出勤】【Dカップ】【麻布】清楚系美女の本番とMBからはみ出す両CKBに溺れる至高のGHR体験記 #8/31 #東京都内,0,0,0,0.0,80
2026-08-31,1642392,"【9/2.4出勤】【Gカップ】【秋葉原】甘えたがり必見!!高身長Hカプお姉さんのお◯ぱい密着天国からのPZ(パイズリ)フィニッシュ！ #9/2,9/4 #東京都内",0,0,0,0.0,260
2026-08-31,1755449,"【9/2.5.6出勤】【Hカップ】【五反田】伝説級の超マシュマロ巨乳PZ！漫画スタイルの爆乳に溺れる至高のフィニッシュ体験記 #9/2,9/5,9/6 #東京都内",0,0,0,0.0,217
2026-08-31,1662528,"【8/31 | 9/1.4出勤】【Gカップ】【新宿】金額交渉で堕ちる「生の温もり」！密着オイルから不意打ちの絶品F、そして衝撃の初回本番HRフィニッシュへ！ #8/31,9/1,9/4 #東京都内",0,0,0,0.0,60
2026-08-31,1788140,"【9/2.3.5出勤】【Fカップ】【恵比寿】本番解禁！パネマジなし綺麗系美女の天然巨乳に溺れる至高のGHR体験記 #9/2,9/3,9/5 #東京都内",0,0,0,0.0,54
2026-08-31,1662554,"【8/31 | 9/4.6出勤】【Gカップ】【中野】高身長スレンダー×天然ロケットπ開始30分で理性が決壊！細身の体に宿る巨乳の衝撃と、禁断の初回NSフィニッシュ体験記！ #8/31,9/4,9/6 #東京都内",0,0,0,0.0,171
2026-08-31,1764682,"【9/1.3出勤】【Gカップ】【 大宮】Gカップ美女のMBはみ出し密着と至高のPZパイズリフィニッシュ体験記 #9/1,9/3 #埼玉",1,1,0,0.0,91
2026-08-31,1678781,【7/4出勤】【Gカップ】【船橋】生乳爆乳PZ解禁。色白美肌美女と悪戯な囁きに溺れる至高のフィニッシュ体験記 #千葉,0,0,0,0.0,254
2026-08-31,1708852,"【9/2.4出勤】【Fカップ】【麻布】NN解禁！クール系美女の「生挿入中出し」と、神スタイルに溺れる至高のフィニッシュ体験記 #9/2,9/4 #東京都内",0,0,0,0.0,79
2026-08-31,1653916,【8/30出勤】【Gカップ】【新宿】ロシア系クォーターの至高ボディ！爆揺れ巨乳に埋もれる「魔性の69」と絶品PZ(パイズリ)フィニッシュ #8/30 #東京都内,1,1,0,0.0,157
2026-08-31,1754547,"【8/31 | 9/1.3出勤】【Eカップ】【新宿】本番解禁！猫顔スレンダー美女の「名器中出し」と、関西弁の甘い誘惑に溺れる至高のGHR体験記 #8/31,9/1,9/3 #東京都内",0,0,0,0.0,53
2026-08-31,1650404,【9/4出勤】【Fカップ】【新宿】「特別コースですから…♥」橋本マナミ風お姉さんの透け衣装誘惑。ムチムチFカップと溶け合う初回PZ(パイズリ)による至福の夜 #9/4 #東京都内,0,0,0,0.0,135
2026-08-31,1654061,【6/26出勤】【Fカップ】【相模大野】メジャーアイドル級美女と溺れる「KPなし」の密着洗体…最後はG着用で果てる禁断の絶頂本番HR体験！,0,0,0,0.0,142
2026-08-31,1710810,"【8/31 | 9/1.2出勤】【Gカップ】【新宿】乃木坂系美女と密着本番HR。アニメ級の爆乳に溺れる、至高のGHRフィニッシュ体験記 #8/31,9/1,9/2 #東京都内",0,0,0,0.0,57
2026-08-31,1655253,【9/5出勤】【Gカップ】【新宿】コスプレ級美女と堕ちる「禁断の本番」！溢れ出す爆乳おっぱいスタンプと、本番GHRの積極的な誘いに理性が溶ける至福の90分！ #9/5 #東京都内,1,1,0,0.0,55
2026-08-31,1668275,【8/26出勤】【Fカップ】【新宿】九州出身セクシー美女の「おっとり吐息」と名器に溺れる、至高の初回本番GHRフィニッシュ体験記,0,0,0,0.0,42
2026-08-31,1663737,【9/4出勤】【Gカップ】【新宿】本番解禁！福原遥似の美少女とGHR。お椀型巨乳とヌルヌル密着オイルに溺れる至高のフィニッシュ体験記 #9/4 #東京都内,0,0,0,0.0,46
2026-08-31,1657099,都内出勤カレンダー,0,0,0,0.0,445
2026-08-31,1657105,埼玉県(大宮)出勤カレンダー,0,0,0,0.0,192
2026-08-31,1657104,横浜周辺出勤カレンダー,0,0,0,0.0,161
2026-08-31,1657101,多摩(吉祥寺)周辺カレンダー,0,0,0,0.0,154
2026-08-31,1648133,【4/3.5出勤】【Gカップ】【田町】【PZ】20歳のふわっふわH乳によるグラインドPZ(パイズリ)でSKR #東京都内,0,0,0,0.0,97
2026-09-01,1802007,"【9/1.2.4出勤】【Fカップ】【中野】現役学生の高身長童顔美女と楽しむ至高の本番GHR体験記 #9/1,9/2,9/4 #東京都内",0,0,0,0.0,28
2026-09-01,1798245,"【9/2.3.4出勤】【Iカップ】【南流山/流山おおたかの森】爆乳JD美女と本番解禁！オイルパイ挟みに狂うGHR体験記 #9/2,9/3,9/4 #千葉",4,4,0,0.0,166
2026-09-01,1656105,"【9/1.2.4出勤】【Fカップ】【大宮】密着オイル攻めの果てに迎えた、衝撃の初回本番HRフィニッシュ！ #9/1,9/2,9/4 #埼玉",0,0,0,0.0,472
2026-09-01,1662507,"【8/31 | 9/2.3出勤】【Gカップ】【五反田】金額交渉なしの神展開！「今日は特別だよ…♥」と囁かれ、生の温もりに溺れた至高の初回生挿入NS体験記！ #8/31,9/2,9/3 #本日出勤 #東京都内",1,1,0,0.0,464
2026-09-01,1677604,"【9/1.2.4出勤】【Fカップ】【赤羽】「アニメ声」たぬき顔美女と初回本番解禁！密着マッサージに溺れる至高のGHRフィニッシュ体験記 #9/1,9/2,9/4 #埼玉",0,0,0,0.0,567
2026-09-01,1683683,【8/31出勤】【Gカップ】【横浜】洗体アシストで悶絶。巨乳美女の「生乳PZ」と、密着バックご奉仕に溺れる至高のフィニッシュ体験記 #8/31 #本日出勤 #神奈川,2,2,0,0.0,329
2026-09-01,1655202,【8/31出勤】【Gカップ】【横浜】初回極上PZの衝撃！初回から弾力MAXのOPIスタンプと禁断の密着洗体…NPの誘惑に搾り取られるPZフィニッシュ #8/31 #本日出勤 #神奈川,1,1,0,0.0,505
2026-09-01,1677621,"【9/1.2.4出勤】【Gカップ】【浦和】禁断のモロ出し。Gカップ美女の「生乳PZ」と、吐息が重なる濃厚フィニッシュ体験記 #9/1,9/2,9/4 #埼玉",0,0,0,0.0,413
2026-09-01,1667106,"【8/31 | 9/1.2出勤】【Fカップ】【厚木】初回で理性が決壊。有村架純似Fカップ美女の吐息と「ツルツル秘部」に溺れた至高の本番GHRフィニッシュ体験記 #8/31,9/1,9/2 #本日出勤 #神奈川",1,1,0,0.0,378
2026-09-01,1653899,"【8/31 | 9/1.2出勤】【Gカップ】【新宿】スレンダーな腰に「上向き巨乳」の奇跡…職場のマドンナ似との密着PZ(パイズリ) #8/31,9/1,9/2 #本日出勤 #東京都内",0,0,0,0.0,257
2026-09-01,1673756,"【8/31 | 9/5出勤】【Fカップ】【大宮】爆乳解禁！追加なしの極上PZ。至高の肉感と密着ハグに溺れるパイズリフィニッシュ体験記 #8/31,9/5 #本日出勤 #埼玉",1,1,0,0.0,239
2026-09-01,1817029,"【8/31 | 9/2.3出勤】【Fカップ】【赤坂】ツルスベ巨乳美女のSPPN全裸密着と怒涛のPZフィニッシュ体験記 #8/31,9/2,9/3 #本日出勤 #東京都内",2,2,0,0.0,80
2026-09-01,1797240,"【8/31 | 9/2出勤】【Iカップ】【溝の口】ぱるる系清楚アイドルと本番解禁！新人美巨乳密着に狂うGHR体験記 #8/31,9/2 #本日出勤",0,0,0,0.0,44
2026-09-01,1761541,"【8/31 | 9/1.2出勤】【Gカップ】【品川】驚愕の神乳PZ！清楚系お姉さんの「naked密着」と、ゼロ距離奉仕に理性が溶ける体験記 #8/31,9/1,9/2 #本日出勤 #東京都内",4,4,0,0.0,199
2026-09-01,1798265,"【8/31 | 9/4出勤】【Hカップ】【流山おおたかの森】極上神乳PZで絶頂！過去一柔らかい天然Hカップ美女の超密着パイズリ体験記 #8/31,9/4 #千葉",5,5,0,0.0,199
2026-09-01,1710821,"【8/31 | 9/1.2出勤】【Gカップ】【新宿】元グラドルのH超え爆乳と「２回戦本番HR」に壊される、支配的な至高の体験記 #8/31,9/1,9/2 #本日出勤 #東京都内",7,7,0,0.0,419
2026-09-01,1623774,"【9/1.2.3出勤】【Jカップ】【池袋】「時間があるなら2回でもいいよ♥」初回からJカップ爆乳美女の神対応。無料パイズリPZの快感に溺れた、高身長元キャバ嬢との夜 #9/1,9/2,9/3 #東京都内",5,5,0,0.0,1034
2026-09-01,1836312,"【8/31 | 9/1出勤】【Hカップ】【柏】タヌキ顔Hカップ美女と本番解禁！ソファー密着GHR体験記 #8/31,9/1 #本日出勤 #千葉",8,8,0,0.0,118
2026-09-01,1653925,"【8/31 | 9/2.3出勤】【Fカップ】【新宿】初回から現役JDと濃厚DK＆生本番級GHR！スベスベ美肌の妹系美女と溺れる超密着PZの衝撃！#本日出勤 #8/31,9/2,9/3 #本日出勤 #東京都内",3,3,0,0.0,368
2026-09-01,1656212,"【8/31 | 9/1.2出勤】【Jカップ】【吉祥寺】視界を塞ぐ爆乳の壁！ソファーでの密着ハグから搾り取られる、至高のPZ(パイズリ)フィニッシュ体験記！ #8/31,9/1,9/2 #本日出勤",5,5,0,0.0,561
2026-09-01,1780559,"【8/31 | 9/1出勤】【Fカップ】【池袋】生ハメNNで絶頂！リアルアイドル顔美女の超濃厚ヌルヌル密着と至高のNN体験記 #8/31,9/1 #本日出勤 #東京都内",2,2,0,0.0,174
2026-09-01,1667095,"【8/31 | 9/1.4出勤】【Fカップ】【関内】初回から理性が決壊する一線越え。本格派美女の「お口で装着」と名器の締め付けに溺れた至高のGHRフィニッシュ体験記 #8/31,9/1,9/4 #本日出勤 #神奈川",4,4,0,0.0,697
2026-09-01,1823574,"【8/31 | 9/1出勤】【Gカップ】【秋葉原】生挿入NS解禁！小顔くびれ美巨乳美女の生中出し濃厚DKS体験記 #8/31,9/1 #本日出勤 #東京都内",6,6,0,0.0,71
2026-09-01,1798255,"【9/5.6出勤】【Gカップ】【津田沼】むちむちボブ美女AN密着に狂う本番GHR体験記 #9/5,9/6 #千葉",3,3,0,0.0,214
2026-09-01,1656219,"【8/31 | 9/1.3出勤】【Fカップ】【吉祥寺】初回から濃厚PZ(パイズリ)から搾り取られる、至高の本番HRフィニッシュ！Gカップに溺れる「密着ソファー」の誘惑 #8/31,9/1,9/3 #本日出勤",4,4,0,0.0,471
2026-09-01,1802001,"【8/31 | 9/1.2出勤】【Kカップ】【池袋】Kカップお姉さん美女のMB密着と爆乳PZフィニッシュ体験記 #8/31,9/1,9/2 #本日出勤 #東京都内",1,1,0,0.0,71
2026-09-01,1663754,"【8/31 | 9/5出勤】【Gカップ】【新宿】初回から境界線を超えた超密着！JD美女と溶け合う「生感覚」の衝撃。極上本番HRフィニッシュ #8/31,9/5 #本日出勤 #東京都内",0,0,0,0.0,152
2026-09-01,1822402,【8/31出勤】【Gカップ】【登戸】色白小顔ギャル美女と本番解禁！一緒シャワー全裸密着GHR体験記 #8/31 #本日出勤,2,2,0,0.0,24
2026-09-01,1656077,【8/30出勤】【Iカップ】【大宮】おわん型巨乳の重圧と「生」の温もり…感度抜群の地雷系美女と堕ちる、衝撃の初回本番NSフィニッシュ！ #埼玉,5,5,0,0.0,191
2026-09-01,1656126,【9/4出勤】【Gカップ】【大宮】「ムチふわ爆乳」の誘惑…おっぱいスタンプから搾り取られる、至高のPZ(パイズリ)フィニッシュ体験記！ #9/4 #埼玉,3,3,0,0.0,164
2026-09-01,1655185,"【9/2.5出勤】【Gカップ】【横浜】癒し系お姉さんの「隠しきれないHカップ」に悶絶！密着オイルから搾り取られる、至高のPZ(パイズリ)フィニッシュ体験記 #9/2,9/5 #神奈川",3,3,0,0.0,638
2026-09-01,1599734,"【8/31 | 9/2.4出勤】【Gカップ】【新宿】初回で合体まで至った至福の本番HR体験記「このGカップ、本物だ…」若さ弾ける爆乳美女の神対応。 #8/31,9/2,9/4 #本日出勤 #東京都内",1,1,0,0.0,188
2026-09-01,1601302,"【9/4.5.6出勤】【Hカップ】【恵比寿】初回から「ちゃんと着けるから、挿れてもいい？♥」淫らな聖女の逆指名。現役看護師と堕ちる、ヌルヌル密着の絶頂本番HR #9/4,9/5,9/6 #東京都内",11,11,0,0.0,884
2026-09-01,1754553,"【9/1.3.5出勤】【Hカップ】【登戸】神乳PZで絶頂！細身巨乳美女の「 naked密着」と、鏡越しprprに溺れる至高のフィニッシュ体験記 #9/1,9/3,9/5",2,2,0,0.0,178
2026-09-01,1836299,"【9/3.4出勤】【Gカップ】【船橋】生のまま中出しNN解禁！華奢細身Gカップ美女の全裸密着と生本番フィニッシュ体験記 #9/3,9/4 #千葉",9,9,0,0.0,38
2026-09-01,1639983,"【9/2.3.6出勤】【Gカップ】【中野】初回から巨乳ギャルのフルスロットルの寛容度。生Fからの「最後どうする？」で本番GHR。 #9/2,9/3,9/6 #東京都内",0,0,0,0.0,585
2026-09-01,1817046,"【8/31 | 9/5.6出勤】【Hカップ】【武蔵小杉】生のまま中出し解禁！美形細身巨乳美女の全裸密着と生本番NNフィニッシュ体験記 #8/31,9/5,9/6 #本日出勤 #神奈川",3,3,0,0.0,119
2026-09-01,1662519,"【9/1.2.3出勤】【Iカップ】【北千住】爆乳と「爆裂美尻」の衝撃！理性を溶かす密着オイルから、生の熱量に溺れた至高の初回本番HR体験記！ #9/1,9/2,9/3 #東京都内",8,8,0,0.0,399
2026-09-01,1794515,【8/30出勤】【Jカップ】【大宮】地雷系むちむち美女本番解禁！トップレス密着に狂うGHR体験記 #埼玉,5,5,0,0.0,150
2026-09-01,1683671,"【9/3.4.5出勤】【Eカップ】【大宮】AV女優黒川すみれ似美女の「生乳PZ」と、Sっ気溢れる言葉責めに溺れる至高の体験記 #9/3,9/4,9/5 #埼玉",2,2,0,0.0,249
2026-09-01,1762946,"【8/31 | 9/2.4出勤】【Hカップ】【横浜】170cmの48Kgスーパーモデル級美人のKP剥ぎ取り密着に狂う本番GHR体験記 #8/31,9/2,9/4 #本日出勤 #神奈川",3,3,0,0.0,121
2026-09-01,1780536,【9/3出勤】【Gカップ】【多摩】生ハメNNで絶頂！小顔グラマラス美女の超密着ヌルヌル本番と至高の体験記 #9/3,0,0,0,0.0,105
2026-09-01,1817054,"【9/3.4.6出勤】【Fカップ】【武蔵小杉】本番解禁！たぬき顔美女の盛MN密着GHR体験記 #9/3,9/4,9/6 #神奈川",0,0,0,0.0,70
2026-09-01,1662542,【9/5出勤】【Eカップ】【横浜】至福の初回NS生本番挿入！お腹への発射で締める、最高級の「パコ姫」ホスピタリティ体験記！ #9/5 #神奈川,0,0,0,0.0,178
2026-09-01,1828751,【9/4出勤】【Fカップ】【成増】小動物系Fカップ美女と本番解禁！透け衣装密着GHR体験記 #9/4 #東京都内,0,0,0,0.0,33
2026-09-01,1788175,【9/4出勤】【Fカップ】【練馬】本番解禁！YouTuberかすちゃん似美女のおっぱい密着に狂うGHR体験記 #9/4 #東京都内,1,1,0,0.0,116
2026-09-01,1597345,"【9/1.2出勤】【Iカップ】【品川】高身長ムチムチ聖母の「生OPI」洗礼！SKSK衣装から溢れる爆乳PZ(パイズリ)体験記 #9/1,9/2 #東京都内",4,4,0,0.0,1073
2026-09-01,1663765,【8/29出勤】【Hカップ】【新宿】初回中出しNN解禁！沖縄出身ギャルと生in。至高の美ボディと「密着中出し」に溺れる、新宿の禁断生挿入フィニッシュ体験記,1,1,0,0.0,145
2026-09-01,1656086,"【9/4.5出勤】【Iカップ】【大宮】神スタイルと初回NSの悦楽！AI超えの美体と堕ちる「生の温もり」…2回戦連続フィニッシュ #9/4,9/5 #埼玉",0,0,0,0.0,493
2026-09-01,1656071,"【9/3.4出勤】【Dカップ】【大宮】パフィーニップルの誘惑とSPPN密着！理性が吹き飛ぶ「NS生挿入」フィニッシュ体験記！ #9/3,9/4 #埼玉",1,1,0,0.0,420
2026-09-01,1754540,"【9/1.2.4出勤】【Hカップ】【新宿】驚愕の爆乳PZ！清楚系色白スレンダー美女のゼロ距離密着と、脳がとろける至高の体験記 #9/1,9/2,9/4 #東京都内",0,0,0,0.0,136
2026-09-01,1656283,【8/29出勤】【Fカップ】【調布】清楚な顔立ちに潜む、驚愕の「名器」と感度…理性が決壊する交渉の末、生の温もりに溺れた至高の初回本番HR体験記！,1,1,0,0.0,517
2026-09-01,1836306,【9/4出勤】【Hカップ】【成田】圧倒的爆乳美女と本番解禁！全裸騎乗位密着GHR体験記 #9/4 #千葉,4,4,0,0.0,19
2026-09-01,1789466,【8/28出勤】【Hカップ】【海老名】本番解禁！Fカップおっとり美人と生まれたて全裸密着に狂うGHR体験記,1,1,0,0.0,86
2026-09-01,1653910,【8/28出勤】【Fカップ】【新宿】お風呂屋超えの濃厚PZ(パイズリ)！Fカップ美乳嬢と溺れる「寸止め地獄」と「密着DKフィニッシュ」,0,0,0,0.0,204
2026-09-01,1639998,"【9/1.4出勤】【Kカップ】【銀座】揉みごたえ充分の巨乳は感度も抜群！ ふわふわおっ杯で濃厚密着PZ(パイズリ) #9/1,9/4 #東京都内",2,2,0,0.0,821
2026-09-01,1655143,【9/3出勤】【Fカップ】【横浜】隠れ家で堕ちる「脱衣プレイ」とNBRの誘惑…至近距離で見つめられ搾り取られる極上PZ(パイズリ)の衝撃！,0,0,0,0.0,198
2026-09-01,1683635,"【9/2.3.5出勤】【Eカップ】【登戸/溝の口】色白スレンダー美女の「超絶NF奉仕」と、上に跨り繋がる至高のGHR体験記 #9/2,9/3,9/5",0,0,0,0.0,331
2026-09-01,1640011,"【9/3.4出勤】【Gカップ】【池袋】池田エライザ似の爆乳美女と初回から「禁断の中出しNN合体」！深夜枠で溺れた、むっちりマシュマロボディの誘惑 #9/3,9/4 #東京都内",0,0,0,0.0,514
2026-09-01,1656054,"【9/1.3出勤】【Jカップ】【大宮】初回から至高の本番NS生挿入！視界を覆う爆乳スタンプ…合意の上で堕ちた締まりに悶絶体験記 #9/1,9/3 #埼玉",0,0,0,0.0,665
2026-09-01,1656274,【9/3出勤】【Fカップ】【登戸】溢れる巨乳Gカップの衝撃！密着オイル攻めから交渉で堕ちた、至高の「生感覚」本番GHRフィニッシュ体験記！ #9/3,0,0,0,0.0,249
2026-09-01,1668882,【9/3出勤】【Gカップ】【錦糸町】初回本番解禁！ムチムチ美女の「名器の締め付け」と、MBから溢れる巨乳に溺れる。至高のGHRフィニッシュ体験記 #9/3 #東京都内,0,0,0,0.0,544
2026-09-01,1668292,"【8/31 | 9/4.5出勤】【Iカップ】【新宿】爆乳解禁。清楚系アイドル美女の「生乳PZ」と、理性を奪う中出し。至高のフィニッシュ体験記 #8/31,9/4,9/5 #本日出勤 #東京都内",0,0,0,0.0,209
2026-09-01,1710833,【9/6出勤】【Fカップ】【中目黒】清楚系美女の溢れるFカップ爆乳に溺れる至高の本番GHR体験記 #9/6 #東京都内,2,2,0,0.0,241
2026-09-01,1762949,"【9/1.2.3出勤出勤】【Gカップ】【本厚木】HP通り可愛い美女のと一緒に入る泡洗体に溺れる至高の本番GHR体験記 #9/1,9/2,9/3 #神奈川",3,3,0,0.0,379
2026-09-01,1754531,"【8/31 | 9/1.2出勤】【Gカップ】【赤坂】驚愕の神乳PZ！林ゆめ似の超絶スレンダー巨乳と、ゼロ距離密着に理性が溶ける体験記 #8/31,9/1,9/2 #東京都内",4,4,0,0.0,348
2026-09-01,1817039,【9/1出勤】【Iカップ】【本厚木】爆乳美女と無課金本番解禁！紙パンツ脱ぎ捨てトロ顔GHR体験記 #9/1 #神奈川,1,1,0,0.0,143
2026-09-01,1761543,【8/30出勤】【Eカップ】【中野】本番解禁！高身長Fカップ女子大生の「数の子天井ナカ出し」とSPPN密着に溺れる至高のGHR体験記,1,1,0,0.0,144
2026-09-01,1663730,"【8/31 | 9/2.3出勤】【Gカップ】【新宿】現役AV女優と禁断の初回本番GHR！熟練タイ古式と爆乳に搾り取られる、新宿の至高フィニッシュ体験記！ #8/31,9/2,9/3 #本日出勤 #東京都内",1,1,0,0.0,142
2026-09-01,1651485,【8/26出勤】【Gカップ】【登戸】初回から「ねぇ、もう一回しよ♥」極上Gカップに溺れる本番NS二回転フィニッシュ,1,1,0,0.0,350
2026-09-01,1656118,"【9/1.3出勤】【Gカップ】【大宮】初回から巨乳MBのPZ多幸感！密着オイルで理性を溶かし、巨大な肉圧で搾り取られる至高の快楽 #9/1,9/3 #埼玉",1,1,0,0.0,241
2026-09-01,1828762,"【9/2.3出勤】【Hカップ】【溝の口】天然H神乳美女のノーブラニット密着PZで絶頂！顔面胸当て体験記 #9/2,9/3 #神奈川",1,1,0,0.0,23
2026-09-01,1642194,【8/26出勤】【Fカップ】【登戸】街で二度見する爆美女と「密着シャワー」の悦楽…初回から奥地まで咥え込む濃厚Fで昇天！,0,0,0,0.0,287
2026-09-01,1683650,【9/4出勤】【Hカップ】【浦和】NN解禁！爆乳美女への「生挿入中出し」と溢れるデカ尻に溺れる至高の体験記 #9/4 #埼玉,0,0,0,0.0,508
2026-09-01,1823559,"【9/3.4.6出勤】【Fカップ】【秋葉原】ハーフモデル美女神乳PZで絶頂！細身Gカップ密着とスリット全開体験記 #9/3,9/4,9/6 #東京都内",1,1,0,0.0,33
2026-09-01,1780542,"【8/31 | 9/2.4出勤】【Hカップ】【新宿】神乳PZで絶頂！天然Hカップ美女の透けビキニ密着と至高のフィニッシュ体験記 #8/31,9/2,9/4 #本日出勤 #東京都内",0,0,0,0.0,54
2026-09-01,1655259,"【9/1.3出勤】【Eカップ】【新宿】至高のPZで悶絶！柔らか巨乳の密着スタンプと「もう1回できる？」と囁かれる悦楽 #9/1,9/3 #東京都内",0,0,0,0.0,175
2026-09-01,1677586,【12/10出勤】【Gカップ】【大宮】初回本番解禁！新人美女の「初めてのin」と、重力に抗えない爆乳に溺れる。至高のGHRフィニッシュ体験記 #12/10 #埼玉,1,1,0,0.0,221
2026-09-01,1667110,"【8/31 | 9/4.6出勤】【Fカップ】【武蔵小杉】境界線を超えた密着。グラビア級美女の「おっとり吐息」と名器に溺れる、至高の初回本番GHRフィニッシュ体験記 #8/31,9/4,9/6 #本日出勤 #神奈川",1,1,0,0.0,337
2026-09-01,1820244,【8/23出勤】【Fカップ】【国分寺】美くびれ巨乳美女と本番解禁！長い爪フェザー密着GHR体験記,1,1,0,0.0,84
2026-09-01,1824707,【8/30出勤】【Gカップ】【大和】白ギャル系の巨乳神乳PZで絶頂！全裸密着とロケット巨乳パイズリ体験記 #神奈川,0,0,0,0.0,34
2026-09-01,1828755,"【9/3.5出勤】【Hカップ】【恵比寿】生挿入NS解禁！爆乳美女の生フェラ密着NS体験記 #9/3,9/5 #東京都内",3,3,0,0.0,40
2026-09-01,1824723,"【9/2.3.4出勤】【Hカップ】【溝の口】小柄むっちり巨乳美女の神乳PZで絶頂！トップレス密着と顔面胸スタンプ体験記 #9/2,9/3,9/4 #神奈川",1,1,0,0.0,39
2026-09-01,1771375,"【9/2.3.4出勤】【Gカップ】【恵比寿】天然Gカップ美女のとZNR洗体に溺れる至高のGHR体験記 #9/2,9/3,9/4 #東京都内",0,0,0,0.0,43
2026-09-01,1823563,"【9/1.3.5出勤】【Gカップ】【秋葉原】19歳ハーフ系Gカップ美女と本番解禁！騎乗位密着GHR体験記 #9/1,9/3,9/5 #東京都内",2,2,0,0.0,47
2026-09-01,1823572,【8/21出勤】【Hカップ】【秋葉原】生挿入NS解禁！色白グラマー巨乳美女と全裸密着NS体験記 #東京都内,0,0,0,0.0,27
2026-09-01,1623796,"【9/3.6出勤】【Fカップ】【中野】「あとで脱がせる方がERいでしょ♥」Fカップ清楚系セラピストと堕ちる、濃厚DK＆背徳の初回本番NS90分 #9/3,9/6 #東京都内",0,0,0,0.0,354
2026-09-01,1762959,"【9/2.3.4出勤】【Fカップ】【綱島】神乳PZで絶頂！エロ可愛いムッチリ巨乳のマイクロビキニ密着と至高のフィニッシュ体験記 #9/2,9/3,9/4 #神奈川",1,1,0,0.0,135
2026-09-01,1820272,【9/3出勤】【Jカップ】【秋葉原】爆乳ゆるふわ美女の神乳PZで絶頂！MB密着と顔面埋まり体験記 #9/3 #東京都内,1,1,0,0.0,46
2026-09-01,1710842,【8/25出勤】【Gカップ】【恵比寿】ゴマキ似ギャル美女と本番解禁！スレンダー巨乳に溺れる至高のGHR体験記 #東京都内,0,0,0,0.0,341
2026-09-01,1761550,【9/2出勤】【Gカップ】【中野】本番解禁！柏木由紀似OLと一緒に入る泡洗体に溺れる至高のGHR体験記 #9/2 #東京都内,0,0,0,0.0,80
2026-09-01,1822419,【8/30出勤】【Jカップ】【新宿】神乳PZで絶頂！Jカップ美女MB密着と未体験の極圧パイズリ体験記 #東京都内,0,0,0,0.0,16
2026-09-01,1823553,"【9/3.4.5出勤】【Gカップ】【秋葉原】低身長ロリ巨乳美女と本番解禁！トップレス密着GHR体験記 #9/3,9/4,9/5 #東京都内",1,1,0,0.0,72
2026-09-01,1822409,【8/18出勤】【Fカップ】【恵比寿】神乳綺麗系お姉さんのMB密着と至高のパイズリ体験記 #東京都内,1,1,0,0.0,46
2026-09-01,1821353,【8/22出勤】【Fカップ】【渋谷】モデル級スレンダー巨乳美女と本番解禁！顔面胸乗せ密着GHR体験記 #東京都内,2,2,0,0.0,38
2026-09-01,1662532,【8/16出勤】【Hカップ】【吉祥寺】クラスの可愛い子と「恋人気分」！水袋のような弾力のHカップで搾り取られる、至高のPZ(パイズリ)フィニッシュ体験記！,0,0,0,0.0,129
2026-09-01,1821346,【8/20出勤】【Fカップ】【渋谷】神乳美女の紐MB密着と至高のパイズリ体験記 #東京都内,0,0,0,0.0,44
2026-09-01,1820251,"【9/1.4.5出勤】【Hカップ】【恵比寿】巨乳大学生美女と本番解禁！MB密着GHR体験記 #9/1,9/4,9/5 #東京都内",3,3,0,0.0,70
2026-09-01,1817000,"【8/31 | 9/1.2出勤】【Eカップ】【笹塚】爆乳美女の無課金生外だしと全裸お触り密着に狂う体験記 #8/31,9/1,9/2 #本日出勤 #東京都内",2,2,0,0.0,76
2026-09-01,1820247,"【8/31 | 9/2出勤】【Hカップ】【新宿】グラマラス爆乳美女と本番解禁！TL密着GHR体験記 #8/31,9/2 #本日出勤 #東京都内",0,0,0,0.0,18
2026-09-01,1708502,"【8/31 | 9/3.4出勤】【Gカップ】【新宿】本番解禁！白川理桜似のGカップ美女と「密着中出し」。理性を焼き切る至高のGHR体験記 #8/31,9/3,9/4 #本日出勤 #東京都内",1,1,0,0.0,71
2026-09-01,1788157,"【9/1.2.3出勤】【Gカップ】【吉祥寺】本番解禁！HP通り美人なムッチリ巨乳と密着69に理性が溶けるGHR体験記 #9/1,9/2,9/3",4,4,0,0.0,48
2026-09-01,1761532,【9/3出勤】【Gカップ】【渋谷】本番解禁！現役女子大生のとSPPNで絡み合う至高のGHR体験記 #9/3 #東京都内,0,0,0,0.0,116
2026-09-01,1817022,"【8/31 | 9/3.4出勤】【Fカップ】【新宿】池田エライザ似ハーフ美女のTL密着と至高のPZフィニッシュ体験記 #8/31,9/3,9/4 #本日出勤 #東京都内",0,0,0,0.0,18
2026-09-01,1683630,"【9/2.4出勤】【Fカップ】【荻窪】22歳Fカップ美女の「名器の締め付け」と爆乳密着に溺れる至高の初回GHRフィニッシュ体験記 #9/2,9/4",0,0,0,0.0,211
2026-09-01,1817043,【8/29出勤】【Jカップ】【藤沢】天然Jカップ巨乳美女がキャミ脱ぎ捨てからの本番GHR体験記,0,0,0,0.0,68
2026-09-01,1817008,【8/31出勤】【Iカップ】【新宿】神乳PZで絶頂！ハーフ系二重美女の爆乳パイズリと至高の密着体験記 #8/31 #本日出勤 #東京都内,0,0,0,0.0,27
2026-09-01,1817004,"【8/31 | 9/2.3出勤】【Gカップ】【新宿】むちむち可愛い系美女のマイクロビキニ密着と神乳PZフィニッシュ体験記 #8/31,9/2,9/3 #本日出勤 #東京都内",0,0,0,0.0,13
2026-09-01,1663647,"【9/4.5出勤】【Fカップ】【新宿】新宿の現役学生と初回「生in」中出し！スレンダー美女の絶景と吐息に溺れる至高のフィニッシュ体験記！ #9/4,9/5 #東京都内",0,0,0,0.0,82
2026-09-01,1808348,【9/1出勤】【Hカップ】【秋葉原】 #9/1 #東京都内,1,1,0,0.0,37
2026-09-01,1662490,"【9/3.4.5出勤】【Lカップ】【秋葉原】視界を覆う「おっぱいスタンプ」から搾り取られるPZ(パイズリ)フィニッシュ体験記！水袋のような超軟乳の至高のPZ(パイズリ)の衝撃！ #9/3,9/4,9/5 #東京都内",2,2,0,0.0,568
2026-09-01,1664794,"【9/3.4出勤】【Gカップ】【横浜】初回から理性が決壊する一線越え。Gカップ美女の吐息と「名器の締め付け」に溺れた至高のGHRフィニッシュ体験記 #9/3,9/4 #神奈川",0,0,0,0.0,198
2026-09-01,1806934,【8/5出勤】【Hカップ】【西麻布】本番NS解禁！長身スレンダー美女の四つん這い紙パンツちぎりに狂う体験記 #東京都内,0,0,0,0.0,27
2026-09-01,1806911,"【8/31 | 9/2.4出勤】【Eカップ】【新宿】ピンク髪スレンダー美女の丸出し密着に狂うGHR体験記 #8/31,9/2,9/4 #本日出勤 #東京都内",0,0,0,0.0,13
2026-09-01,1806940,【8/28出勤】【Hカップ】【新宿】グラマラス爆乳美女と膝上乗っかり密着に狂う本番GHR体験記 #東京都内,0,0,0,0.0,25
2026-09-01,1771377,"【8/31 | 9/1.2出勤】【Iカップ】【秋葉原】爆乳美女のおっぱいポロン密着に狂う本番GHR体験記 #8/31,9/1,9/2 #本日出勤 #東京都内",0,0,0,0.0,91
2026-09-01,1651197,【9/6出勤】【Hカップ】【中野】「手でやらなきゃいいでしょ？」可愛い顔してPZ(パイズリ)で翻弄する小悪魔系美女 #9/6 #東京都内,0,0,0,0.0,185
2026-09-01,1667126,【9/4出勤】【Gカップ】【武蔵小杉】ニコル似Iカップ美女の初回本番「生in」。至高のNSフィニッシュ体験記 #9/4 #神奈川,0,0,0,0.0,151
2026-09-01,1802005,【8/5出勤】【Gカップ】【銀座】人生イチ綺麗なGカップ！福岡美人によるツバ垂らしPZとSPPN密着体験記 #東京都内,1,1,0,0.0,48
2026-09-01,1677614,【7/31出勤】【Fカップ】【浦和】低身長巨乳と密着。色白美肌美女の「生乳PZ」と、耳元への吐息に溺れる至高のフィニッシュ体験記,1,1,0,0.0,228
2026-09-01,1762969,【8/21出勤】【Gカップ】【横浜】神乳PZで絶頂！Gカップアイドル顔美女のマイクロビキニポロリと至高のフィニッシュ体験記 #神奈川,0,0,0,0.0,98
2026-09-01,1598368,"【9/4.5.6出勤】【Iカップ】【秋葉原】焦らしの美学に完敗！プロの脚本で堕ちる「鏡越しの背徳ANR」と至福のPZ(パイズリ)フィニッシュ #9/4,9/5,9/6 #東京都内",2,2,0,0.0,614
2026-09-01,1797226,"【9/2.5出勤】【Fカップ】【北千住】ギャル系美人の無課金GHR！紙パンツなし超密着に狂う至高の体験記 #9/2,9/5 #東京都内",1,1,0,0.0,106
2026-09-01,1797257,"【8/31 | 9/1.4出勤】【Hカップ】【恵比寿】神乳PZで絶頂！小柄可愛い巨乳美女の極上マイクロビキニ密着と至高のフィニッシュ体験記 #8/31,9/1,9/4 #本日出勤 #東京都内",0,0,0,0.0,63
2026-09-01,1797247,【8/20出勤】【Hカップ】【三軒茶屋】天然Gカップロリ体型美女と本番！ふわふわマシュマロ密着に狂うGHR体験記,0,0,0,0.0,3
2026-09-01,1654034,【9/5出勤】【Fカップ】【武蔵小杉】有村架純似の可憐な美女と溺れる「主導権剥奪」の100分…最後は理性を超える初回本番GHRフィニッシュ！ #9/5 #神奈川,0,0,0,0.0,216
2026-09-01,1708856,【8/31出勤】【Dカップ】【麻布】清楚系美女の本番とMBからはみ出す両CKBに溺れる至高のGHR体験記 #8/31 #東京都内,0,0,0,0.0,80
2026-09-01,1642392,"【9/2.4出勤】【Gカップ】【秋葉原】甘えたがり必見!!高身長Hカプお姉さんのお◯ぱい密着天国からのPZ(パイズリ)フィニッシュ！ #9/2,9/4 #東京都内",0,0,0,0.0,261
2026-09-01,1755449,"【9/2.5.6出勤】【Hカップ】【五反田】伝説級の超マシュマロ巨乳PZ！漫画スタイルの爆乳に溺れる至高のフィニッシュ体験記 #9/2,9/5,9/6 #東京都内",0,0,0,0.0,218
2026-09-01,1662528,"【8/31 | 9/1.4出勤】【Gカップ】【新宿】金額交渉で堕ちる「生の温もり」！密着オイルから不意打ちの絶品F、そして衝撃の初回本番HRフィニッシュへ！ #8/31,9/1,9/4 #東京都内",0,0,0,0.0,60
2026-09-01,1788140,"【9/2.3.5出勤】【Fカップ】【恵比寿】本番解禁！パネマジなし綺麗系美女の天然巨乳に溺れる至高のGHR体験記 #9/2,9/3,9/5 #東京都内",1,1,0,0.0,55
2026-09-01,1662554,"【8/31 | 9/4.6出勤】【Gカップ】【中野】高身長スレンダー×天然ロケットπ開始30分で理性が決壊！細身の体に宿る巨乳の衝撃と、禁断の初回NSフィニッシュ体験記！ #8/31,9/4,9/6 #本日出勤 #東京都内",0,0,0,0.0,173
2026-09-01,1764682,"【9/1.3出勤】【Gカップ】【 大宮】Gカップ美女のMBはみ出し密着と至高のPZパイズリフィニッシュ体験記 #9/1,9/3 #埼玉",1,1,0,0.0,91
2026-09-01,1678781,【7/4出勤】【Gカップ】【船橋】生乳爆乳PZ解禁。色白美肌美女と悪戯な囁きに溺れる至高のフィニッシュ体験記 #千葉,0,0,0,0.0,254
2026-09-01,1708852,"【9/2.4出勤】【Fカップ】【麻布】NN解禁！クール系美女の「生挿入中出し」と、神スタイルに溺れる至高のフィニッシュ体験記 #9/2,9/4 #東京都内",0,0,0,0.0,79
2026-09-01,1653916,【8/30出勤】【Gカップ】【新宿】ロシア系クォーターの至高ボディ！爆揺れ巨乳に埋もれる「魔性の69」と絶品PZ(パイズリ)フィニッシュ,0,0,0,0.0,158
2026-09-01,1754547,"【8/31 | 9/1.3出勤】【Eカップ】【新宿】本番解禁！猫顔スレンダー美女の「名器中出し」と、関西弁の甘い誘惑に溺れる至高のGHR体験記 #8/31,9/1,9/3 #本日出勤 #東京都内",1,1,0,0.0,54
2026-09-01,1650404,【9/4出勤】【Fカップ】【新宿】「特別コースですから…♥」橋本マナミ風お姉さんの透け衣装誘惑。ムチムチFカップと溶け合う初回PZ(パイズリ)による至福の夜 #9/4 #東京都内,0,0,0,0.0,135
2026-09-01,1654061,【6/26出勤】【Fカップ】【相模大野】メジャーアイドル級美女と溺れる「KPなし」の密着洗体…最後はG着用で果てる禁断の絶頂本番HR体験！,0,0,0,0.0,144
2026-09-01,1710810,"【8/31 | 9/1.2出勤】【Gカップ】【新宿】乃木坂系美女と密着本番HR。アニメ級の爆乳に溺れる、至高のGHRフィニッシュ体験記 #8/31,9/1,9/2 #本日出勤 #東京都内",0,0,0,0.0,58
2026-09-01,1655253,【9/5出勤】【Gカップ】【新宿】コスプレ級美女と堕ちる「禁断の本番」！溢れ出す爆乳おっぱいスタンプと、本番GHRの積極的な誘いに理性が溶ける至福の90分！ #9/5 #東京都内,0,0,0,0.0,55
2026-09-01,1668275,【8/26出勤】【Fカップ】【新宿】九州出身セクシー美女の「おっとり吐息」と名器に溺れる、至高の初回本番GHRフィニッシュ体験記,0,0,0,0.0,42
2026-09-01,1663737,【9/4出勤】【Gカップ】【新宿】本番解禁！福原遥似の美少女とGHR。お椀型巨乳とヌルヌル密着オイルに溺れる至高のフィニッシュ体験記 #9/4 #東京都内,0,0,0,0.0,47
2026-09-01,1657099,都内出勤カレンダー,1,1,0,0.0,445
2026-09-01,1657105,埼玉県(大宮)出勤カレンダー,0,0,0,0.0,192
2026-09-01,1657104,横浜周辺出勤カレンダー,0,0,0,0.0,161
2026-09-01,1657101,多摩(吉祥寺)周辺カレンダー,0,0,0,0.0,154
2026-09-01,1648133,【4/3.5出勤】【Gカップ】【田町】【PZ】20歳のふわっふわH乳によるグラインドPZ(パイズリ)でSKR #東京都内,1,1,0,0.0,97
2026-09-02,1788157,"【9/2.3.4出勤】【Gカップ】【吉祥寺】本番解禁！HP通り美人なムッチリ巨乳と密着69に理性が溶けるGHR体験記 #9/2,9/3,9/4",2,2,0,0.0,51
2026-09-02,1655259,【9/3出勤】【Eカップ】【新宿】至高のPZで悶絶！柔らか巨乳の密着スタンプと「もう1回できる？」と囁かれる悦楽 #9/3 #東京都内,0,0,0,0.0,175
2026-09-02,1656118,"【9/3.5出勤】【Gカップ】【大宮】初回から巨乳MBのPZ多幸感！密着オイルで理性を溶かし、巨大な肉圧で搾り取られる至高の快楽 #9/3,9/5 #埼玉",0,0,0,0.0,245
2026-09-02,1754531,"【9/2.3.6出勤】【Gカップ】【赤坂】驚愕の神乳PZ！林ゆめ似の超絶スレンダー巨乳と、ゼロ距離密着に理性が溶ける体験記 #9/2,9/3,9/6 #東京都内",5,5,0,0.0,351
2026-09-02,1762949,"【9/2.3出勤出勤】【Gカップ】【本厚木】HP通り可愛い美女のと一緒に入る泡洗体に溺れる至高の本番GHR体験記 #9/2,9/3 #神奈川",3,3,0,0.0,382
2026-09-02,1656054,【9/3出勤】【Jカップ】【大宮】初回から至高の本番NS生挿入！視界を覆う爆乳スタンプ…合意の上で堕ちた締まりに悶絶体験記 #9/3 #埼玉,0,0,0,0.0,668
2026-09-02,1639998,【9/4出勤】【Kカップ】【銀座】揉みごたえ充分の巨乳は感度も抜群！ ふわふわおっ杯で濃厚密着PZ(パイズリ) #9/4 #東京都内,8,8,0,0.0,822
2026-09-02,1754540,"【9/2.4.5出勤】【Hカップ】【新宿】驚愕の爆乳PZ！清楚系色白スレンダー美女のゼロ距離密着と、脳がとろける至高の体験記 #9/2,9/4,9/5 #東京都内",1,1,0,0.0,137
2026-09-02,1597345,"【9/2.5出勤】【Iカップ】【品川】高身長ムチムチ聖母の「生OPI」洗礼！SKSK衣装から溢れる爆乳PZ(パイズリ)体験記 #9/2,9/5 #東京都内",4,4,0,0.0,1080
2026-09-02,1754553,"【9/3.5.7出勤】【Hカップ】【登戸】神乳PZで絶頂！細身巨乳美女の「 naked密着」と、鏡越しprprに溺れる至高のフィニッシュ体験記 #9/3,9/5,9/7",0,0,0,0.0,183
2026-09-02,1655185,"【9/2.5.6出勤】【Gカップ】【横浜】癒し系お姉さんの「隠しきれないHカップ」に悶絶！密着オイルから搾り取られる、至高のPZ(パイズリ)フィニッシュ体験記 #9/2,9/5,9/6 #神奈川",1,1,0,0.0,641
2026-09-02,1802001,"【9/2.3.4出勤】【Kカップ】【池袋】Kカップお姉さん美女のMB密着と爆乳PZフィニッシュ体験記 #9/2,9/3,9/4 #東京都内",4,4,0,0.0,73
2026-09-02,1656219,"【9/3.4.6出勤】【Fカップ】【吉祥寺】初回から濃厚PZ(パイズリ)から搾り取られる、至高の本番HRフィニッシュ！Gカップに溺れる「密着ソファー」の誘惑 #9/3,9/4,9/6",5,5,0,0.0,475
2026-09-02,1798255,"【9/5.6出勤】【Gカップ】【津田沼】むちむちボブ美女AN密着に狂う本番GHR体験記 #9/5,9/6 #千葉",2,2,0,0.0,216
2026-09-02,1667095,"【9/4.5.6出勤】【Fカップ】【関内】初回から理性が決壊する一線越え。本格派美女の「お口で装着」と名器の締め付けに溺れた至高のGHRフィニッシュ体験記 #9/4,9/5,9/6 #神奈川",2,2,0,0.0,699
2026-09-02,1780559,"【9/3.4出勤】【Fカップ】【池袋】生ハメNNで絶頂！リアルアイドル顔美女の超濃厚ヌルヌル密着と至高のNN体験記 #9/3,9/4 #東京都内",3,3,0,0.0,182
2026-09-02,1656212,"【9/2.3.4出勤】【Jカップ】【吉祥寺】視界を塞ぐ爆乳の壁！ソファーでの密着ハグから搾り取られる、至高のPZ(パイズリ)フィニッシュ体験記！ #9/2,9/3,9/4",1,1,0,0.0,563
2026-09-02,1836312,【9/1出勤】【Hカップ】【柏】タヌキ顔Hカップ美女と本番解禁！ソファー密着GHR体験記 #9/1 #千葉,6,6,0,0.0,124
2026-09-02,1623774,"【9/2.3.5出勤】【Jカップ】【池袋】「時間があるなら2回でもいいよ♥」初回からJカップ爆乳美女の神対応。無料パイズリPZの快感に溺れた、高身長元キャバ嬢との夜 #9/2,9/3,9/5 #東京都内",2,2,0,0.0,1035
2026-09-02,1710821,"【9/2.3.4出勤】【Gカップ】【新宿】元グラドルのH超え爆乳と「２回戦本番HR」に壊される、支配的な至高の体験記 #9/2,9/3,9/4 #東京都内",7,7,0,0.0,419
2026-09-02,1798265,"【9/4.5.7出勤】【Hカップ】【流山おおたかの森】極上神乳PZで絶頂！過去一柔らかい天然Hカップ美女の超密着パイズリ体験記 #9/4,9/5,9/7 #千葉",6,6,0,0.0,203
2026-09-02,1761541,"【9/2.3出勤】【Gカップ】【品川】驚愕の神乳PZ！清楚系お姉さんの「naked密着」と、ゼロ距離奉仕に理性が溶ける体験記 #9/2,9/3 #東京都内",5,5,0,0.0,199
2026-09-02,1653899,"【9/2.4.6出勤】【Gカップ】【新宿】スレンダーな腰に「上向き巨乳」の奇跡…職場のマドンナ似との密着PZ(パイズリ) #9/2,9/4,9/6 #東京都内",5,5,0,0.0,257
2026-09-02,1667106,"【9/2.3出勤】【Fカップ】【厚木】初回で理性が決壊。有村架純似Fカップ美女の吐息と「ツルツル秘部」に溺れた至高の本番GHRフィニッシュ体験記 #9/2,9/3 #神奈川",5,5,0,0.0,378
2026-09-02,1677604,"【9/2.4.5出勤】【Fカップ】【赤羽】「アニメ声」たぬき顔美女と初回本番解禁！密着マッサージに溺れる至高のGHRフィニッシュ体験記 #9/2,9/4,9/5 #埼玉",5,5,0,0.0,571
2026-09-02,1656105,"【9/2.4.5出勤】【Fカップ】【大宮】密着オイル攻めの果てに迎えた、衝撃の初回本番HRフィニッシュ！ #9/2,9/4,9/5 #埼玉",1,1,0,0.0,476
2026-09-02,1798245,"【9/2.3.4出勤】【Iカップ】【南流山/流山おおたかの森】爆乳JD美女と本番解禁！オイルパイ挟みに狂うGHR体験記 #9/2,9/3,9/4 #千葉",5,5,0,0.0,169
2026-09-02,1802007,"【9/2.4.6出勤】【Fカップ】【中野】現役学生の高身長童顔美女と楽しむ至高の本番GHR体験記 #9/2,9/4,9/6 #東京都内",1,1,0,0.0,31
2026-09-02,1662507,"【9/2.3出勤】【Gカップ】【五反田】金額交渉なしの神展開！「今日は特別だよ…♥」と囁かれ、生の温もりに溺れた至高の初回生挿入NS体験記！ #9/2,9/3 #東京都内",5,5,0,0.0,464
2026-09-02,1683683,【9/6出勤】【Gカップ】【横浜】洗体アシストで悶絶。巨乳美女の「生乳PZ」と、密着バックご奉仕に溺れる至高のフィニッシュ体験記 #9/6 #神奈川,0,0,0,0.0,329
2026-09-02,1655202,【9/6出勤】【Gカップ】【横浜】初回極上PZの衝撃！初回から弾力MAXのOPIスタンプと禁断の密着洗体…NPの誘惑に搾り取られるPZフィニッシュ #9/6 #神奈川,2,2,0,0.0,505
2026-09-02,1677621,"【9/2.4出勤】【Gカップ】【浦和】禁断のモロ出し。Gカップ美女の「生乳PZ」と、吐息が重なる濃厚フィニッシュ体験記 #9/2,9/4 #埼玉",3,3,0,0.0,414
2026-09-02,1673756,【9/5出勤】【Fカップ】【大宮】爆乳解禁！追加なしの極上PZ。至高の肉感と密着ハグに溺れるパイズリフィニッシュ体験記 #9/5 #埼玉,4,4,0,0.0,239
2026-09-02,1817029,【9/3出勤】【Fカップ】【赤坂】ツルスベ巨乳美女のSPPN全裸密着と怒涛のPZフィニッシュ体験記 #9/3 #東京都内,5,5,0,0.0,80
2026-09-02,1797240,【9/2出勤】【Iカップ】【溝の口】ぱるる系清楚アイドルと本番解禁！新人美巨乳密着に狂うGHR体験記 #9/2,4,4,0,0.0,45
2026-09-02,1653925,"【9/2.3.4出勤】【Fカップ】【新宿】初回から現役JDと濃厚DK＆生本番級GHR！スベスベ美肌の妹系美女と溺れる超密着PZの衝撃！#本日出勤 #9/2,9/3,9/4 #東京都内",4,4,0,0.0,369
2026-09-02,1823574,"【9/9.10.12出勤】【Gカップ】【秋葉原】生挿入NS解禁！小顔くびれ美巨乳美女の生中出し濃厚DKS体験記 #9/9,9/10,9/12 #東京都内",9,9,0,0.0,71
2026-09-02,1663754,【9/5出勤】【Gカップ】【新宿】初回から境界線を超えた超密着！JD美女と溶け合う「生感覚」の衝撃。極上本番HRフィニッシュ #9/5 #東京都内,3,3,0,0.0,152
2026-09-02,1822402,【8/31出勤】【Gカップ】【登戸】色白小顔ギャル美女と本番解禁！一緒シャワー全裸密着GHR体験記,1,1,0,0.0,24
2026-09-02,1656077,【9/6出勤】【Iカップ】【大宮】おわん型巨乳の重圧と「生」の温もり…感度抜群の地雷系美女と堕ちる、衝撃の初回本番NSフィニッシュ！ #9/6 #埼玉,1,1,0,0.0,191
2026-09-02,1656126,【9/4出勤】【Gカップ】【大宮】「ムチふわ爆乳」の誘惑…おっぱいスタンプから搾り取られる、至高のPZ(パイズリ)フィニッシュ体験記！ #9/4 #埼玉,0,0,0,0.0,165
2026-09-02,1599734,"【9/2.4.6出勤】【Gカップ】【新宿】初回で合体まで至った至福の本番HR体験記「このGカップ、本物だ…」若さ弾ける爆乳美女の神対応。 #9/2,9/4,9/6 #東京都内",1,1,0,0.0,189
2026-09-02,1601302,"【9/4.5.6出勤】【Hカップ】【恵比寿】初回から「ちゃんと着けるから、挿れてもいい？♥」淫らな聖女の逆指名。現役看護師と堕ちる、ヌルヌル密着の絶頂本番HR #9/4,9/5,9/6 #東京都内",1,1,0,0.0,886
2026-09-02,1836299,"【9/3.4出勤】【Gカップ】【船橋】生のまま中出しNN解禁！華奢細身Gカップ美女の全裸密着と生本番フィニッシュ体験記 #9/3,9/4 #千葉",4,4,0,0.0,39
2026-09-02,1639983,"【9/2.3.6出勤】【Gカップ】【中野】初回から巨乳ギャルのフルスロットルの寛容度。生Fからの「最後どうする？」で本番GHR。 #9/2,9/3,9/6 #東京都内",0,0,0,0.0,585
2026-09-02,1817046,"【9/5.6出勤】【Hカップ】【武蔵小杉】生のまま中出し解禁！美形細身巨乳美女の全裸密着と生本番NNフィニッシュ体験記 #9/5,9/6 #神奈川",1,1,0,0.0,119
2026-09-02,1662519,"【9/2.3.4出勤】【Iカップ】【北千住】爆乳と「爆裂美尻」の衝撃！理性を溶かす密着オイルから、生の熱量に溺れた至高の初回本番HR体験記！ #9/2,9/3,9/4 #東京都内",3,3,0,0.0,399
2026-09-02,1794515,【8/30出勤】【Jカップ】【大宮】地雷系むちむち美女本番解禁！トップレス密着に狂うGHR体験記 #埼玉,2,2,0,0.0,151
2026-09-02,1683671,"【9/3.4.5出勤】【Eカップ】【大宮】AV女優黒川すみれ似美女の「生乳PZ」と、Sっ気溢れる言葉責めに溺れる至高の体験記 #9/3,9/4,9/5 #埼玉",0,0,0,0.0,249
2026-09-02,1762946,"【9/2.4.5出勤】【Hカップ】【横浜】170cmの48Kgスーパーモデル級美人のKP剥ぎ取り密着に狂う本番GHR体験記 #9/2,9/4,9/5 #神奈川",0,0,0,0.0,121
2026-09-02,1780536,【9/3出勤】【Gカップ】【多摩】生ハメNNで絶頂！小顔グラマラス美女の超密着ヌルヌル本番と至高の体験記 #9/3,0,0,0,0.0,105
2026-09-02,1817054,"【9/3.4.6出勤】【Fカップ】【武蔵小杉】本番解禁！たぬき顔美女の盛MN密着GHR体験記 #9/3,9/4,9/6 #神奈川",0,0,0,0.0,71
2026-09-02,1662542,【9/5出勤】【Eカップ】【横浜】至福の初回NS生本番挿入！お腹への発射で締める、最高級の「パコ姫」ホスピタリティ体験記！ #9/5 #神奈川,0,0,0,0.0,178
2026-09-02,1828751,【9/4出勤】【Fカップ】【成増】小動物系Fカップ美女と本番解禁！透け衣装密着GHR体験記 #9/4 #東京都内,0,0,0,0.0,34
2026-09-02,1788175,【9/4出勤】【Fカップ】【練馬】本番解禁！YouTuberかすちゃん似美女のおっぱい密着に狂うGHR体験記 #9/4 #東京都内,0,0,0,0.0,118
2026-09-02,1663765,【9/2出勤】【Hカップ】【新宿】初回中出しNN解禁！沖縄出身ギャルと生in。至高の美ボディと「密着中出し」に溺れる、新宿の禁断生挿入フィニッシュ体験記 #9/2 #東京都内,0,0,0,0.0,145
2026-09-02,1656086,"【9/4.5出勤】【Iカップ】【大宮】神スタイルと初回NSの悦楽！AI超えの美体と堕ちる「生の温もり」…2回戦連続フィニッシュ #9/4,9/5 #埼玉",0,0,0,0.0,494
2026-09-02,1656071,"【9/3.4.5出勤】【Dカップ】【大宮】パフィーニップルの誘惑とSPPN密着！理性が吹き飛ぶ「NS生挿入」フィニッシュ体験記！ #9/3,9/4,9/5 #埼玉",3,3,0,0.0,422
2026-09-02,1656283,"【9/8.9.10出勤】【Fカップ】【調布】清楚な顔立ちに潜む、驚愕の「名器」と感度…理性が決壊する交渉の末、生の温もりに溺れた至高の初回本番HR体験記！ #9/8,9/9,9/10",0,0,0,0.0,517
2026-09-02,1836306,【9/6出勤】【Hカップ】【成田】圧倒的爆乳美女と本番解禁！全裸騎乗位密着GHR体験記 #9/6 #千葉,3,3,0,0.0,19
2026-09-02,1789466,"【9/8.9.10出勤】【Hカップ】【海老名】本番解禁！Fカップおっとり美人と生まれたて全裸密着に狂うGHR体験記 #9/8,9/9,9/10 #神奈川",0,0,0,0.0,86
2026-09-02,1653910,【8/28出勤】【Fカップ】【新宿】お風呂屋超えの濃厚PZ(パイズリ)！Fカップ美乳嬢と溺れる「寸止め地獄」と「密着DKフィニッシュ」,0,0,0,0.0,204
2026-09-02,1655143,【9/3出勤】【Fカップ】【横浜】隠れ家で堕ちる「脱衣プレイ」とNBRの誘惑…至近距離で見つめられ搾り取られる極上PZ(パイズリ)の衝撃！,0,0,0,0.0,198
2026-09-02,1683635,"【9/2.3.5出勤】【Eカップ】【登戸/溝の口】色白スレンダー美女の「超絶NF奉仕」と、上に跨り繋がる至高のGHR体験記 #9/2,9/3,9/5",0,0,0,0.0,332
2026-09-02,1640011,"【9/3.4.5出勤】【Gカップ】【池袋】池田エライザ似の爆乳美女と初回から「禁断の中出しNN合体」！深夜枠で溺れた、むっちりマシュマロボディの誘惑 #9/3,9/4,9/5 #東京都内",0,0,0,0.0,517
2026-09-02,1656274,"【9/3.6.8出勤】【Fカップ】【登戸】溢れる巨乳Gカップの衝撃！密着オイル攻めから交渉で堕ちた、至高の「生感覚」本番GHRフィニッシュ体験記！ #9/3,9/6,9/8",0,0,0,0.0,249
2026-09-02,1668882,【9/3出勤】【Gカップ】【錦糸町】初回本番解禁！ムチムチ美女の「名器の締め付け」と、MBから溢れる巨乳に溺れる。至高のGHRフィニッシュ体験記 #9/3 #東京都内,1,1,0,0.0,545
2026-09-02,1668292,"【9/4.5.7出勤】【Iカップ】【新宿】爆乳解禁。清楚系アイドル美女の「生乳PZ」と、理性を奪う中出し。至高のフィニッシュ体験記 #9/4,9/5,9/7 #東京都内",2,2,0,0.0,209
2026-09-02,1710833,"【9/5.6出勤】【Fカップ】【中目黒】清楚系美女の溢れるFカップ爆乳に溺れる至高の本番GHR体験記 #9/5,9/6 #東京都内",0,0,0,0.0,241
2026-09-02,1817039,【9/2出勤】【Iカップ】【本厚木】爆乳美女と無課金本番解禁！紙パンツ脱ぎ捨てトロ顔GHR体験記 #9/2 #神奈川,2,2,0,0.0,143
2026-09-02,1761543,【8/30出勤】【Eカップ】【中野】本番解禁！高身長Fカップ女子大生の「数の子天井ナカ出し」とSPPN密着に溺れる至高のGHR体験記,0,0,0,0.0,144
2026-09-02,1663730,"【9/2.3.5出勤】【Gカップ】【新宿】現役AV女優と禁断の初回本番GHR！熟練タイ古式と爆乳に搾り取られる、新宿の至高フィニッシュ体験記！ #9/2,9/3,9/5 #東京都内",0,0,0,0.0,142
2026-09-02,1651485,"【9/8.10出勤】【Gカップ】【登戸】初回から「ねぇ、もう一回しよ♥」極上Gカップに溺れる本番NS二回転フィニッシュ #9/8,9/10",0,0,0,0.0,350
2026-09-02,1828762,"【9/2.3.7出勤】【Hカップ】【溝の口】天然H神乳美女のノーブラニット密着PZで絶頂！顔面胸当て体験記 #9/2,9/3,9/7 #神奈川",0,0,0,0.0,26
2026-09-02,1642194,【8/26出勤】【Fカップ】【登戸】街で二度見する爆美女と「密着シャワー」の悦楽…初回から奥地まで咥え込む濃厚Fで昇天！,0,0,0,0.0,287
2026-09-02,1683650,"【9/3.5出勤】【Hカップ】【浦和】NN解禁！爆乳美女への「生挿入中出し」と溢れるデカ尻に溺れる至高の体験記 #9/3,9/5 #埼玉",2,2,0,0.0,508
2026-09-02,1823559,"【9/3.4.10出勤】【Fカップ】【秋葉原】ハーフモデル美女神乳PZで絶頂！細身Gカップ密着とスリット全開体験記 #9/3,9/4,9/10 #東京都内",3,3,0,0.0,34
2026-09-02,1780542,"【9/2.4.5出勤】【Hカップ】【新宿】神乳PZで絶頂！天然Hカップ美女の透けビキニ密着と至高のフィニッシュ体験記 #9/2,9/4,9/5 #東京都内",1,1,0,0.0,54
2026-09-02,1677586,【12/10出勤】【Gカップ】【大宮】初回本番解禁！新人美女の「初めてのin」と、重力に抗えない爆乳に溺れる。至高のGHRフィニッシュ体験記 #12/10 #埼玉,0,0,0,0.0,221
2026-09-02,1667110,"【9/4.6出勤】【Fカップ】【武蔵小杉】境界線を超えた密着。グラビア級美女の「おっとり吐息」と名器に溺れる、至高の初回本番GHRフィニッシュ体験記 #9/4,9/6 #神奈川",1,1,0,0.0,337
2026-09-02,1820244,【8/23出勤】【Fカップ】【国分寺】美くびれ巨乳美女と本番解禁！長い爪フェザー密着GHR体験記,0,0,0,0.0,84
2026-09-02,1824707,【8/30出勤】【Gカップ】【大和】白ギャル系の巨乳神乳PZで絶頂！全裸密着とロケット巨乳パイズリ体験記,2,2,0,0.0,35
2026-09-02,1828755,"【9/3.5出勤】【Hカップ】【恵比寿】生挿入NS解禁！爆乳美女の生フェラ密着NS体験記 #9/3,9/5 #東京都内",1,1,0,0.0,41
2026-09-02,1824723,"【9/2.3.4出勤】【Hカップ】【溝の口】小柄むっちり巨乳美女の神乳PZで絶頂！トップレス密着と顔面胸スタンプ体験記 #9/2,9/3,9/4 #神奈川",0,0,0,0.0,40
2026-09-02,1771375,"【9/2.3.4出勤】【Gカップ】【恵比寿】天然Gカップ美女のとZNR洗体に溺れる至高のGHR体験記 #9/2,9/3,9/4 #東京都内",1,1,0,0.0,43
2026-09-02,1823563,【9/5出勤】【Gカップ】【秋葉原】19歳ハーフ系Gカップ美女と本番解禁！騎乗位密着GHR体験記 #9/5 #東京都内,0,0,0,0.0,48
2026-09-02,1823572,【8/21出勤】【Hカップ】【秋葉原】生挿入NS解禁！色白グラマー巨乳美女と全裸密着NS体験記 #東京都内,1,1,0,0.0,27
2026-09-02,1623796,"【9/3.6出勤】【Fカップ】【中野】「あとで脱がせる方がERいでしょ♥」Fカップ清楚系セラピストと堕ちる、濃厚DK＆背徳の初回本番NS90分 #9/3,9/6 #東京都内",0,0,0,0.0,354
2026-09-02,1762959,"【9/2.3.4出勤】【Fカップ】【綱島】神乳PZで絶頂！エロ可愛いムッチリ巨乳のマイクロビキニ密着と至高のフィニッシュ体験記 #9/2,9/3,9/4 #神奈川",0,0,0,0.0,136
2026-09-02,1820272,【9/3出勤】【Jカップ】【秋葉原】爆乳ゆるふわ美女の神乳PZで絶頂！MB密着と顔面埋まり体験記 #9/3 #東京都内,0,0,0,0.0,46
2026-09-02,1710842,【8/25出勤】【Gカップ】【恵比寿】ゴマキ似ギャル美女と本番解禁！スレンダー巨乳に溺れる至高のGHR体験記 #東京都内,0,0,0,0.0,341
2026-09-02,1761550,【9/2出勤】【Gカップ】【中野】本番解禁！柏木由紀似OLと一緒に入る泡洗体に溺れる至高のGHR体験記 #9/2 #東京都内,0,0,0,0.0,80
2026-09-02,1822419,【8/30出勤】【Jカップ】【新宿】神乳PZで絶頂！Jカップ美女MB密着と未体験の極圧パイズリ体験記,1,1,0,0.0,16
2026-09-02,1823553,"【9/3.4.5出勤】【Gカップ】【秋葉原】低身長ロリ巨乳美女と本番解禁！トップレス密着GHR体験記 #9/3,9/4,9/5 #東京都内",2,2,0,0.0,72
2026-09-02,1822409,【8/18出勤】【Fカップ】【恵比寿】神乳綺麗系お姉さんのMB密着と至高のパイズリ体験記 #東京都内,1,1,0,0.0,46
2026-09-02,1821353,【8/22出勤】【Fカップ】【渋谷】モデル級スレンダー巨乳美女と本番解禁！顔面胸乗せ密着GHR体験記 #東京都内,0,0,0,0.0,39
2026-09-02,1662532,【8/16出勤】【Hカップ】【吉祥寺】クラスの可愛い子と「恋人気分」！水袋のような弾力のHカップで搾り取られる、至高のPZ(パイズリ)フィニッシュ体験記！,0,0,0,0.0,129
2026-09-02,1821346,【8/20出勤】【Fカップ】【渋谷】神乳美女の紐MB密着と至高のパイズリ体験記 #東京都内,0,0,0,0.0,44
2026-09-02,1820251,"【9/4.5出勤】【Hカップ】【恵比寿】巨乳大学生美女と本番解禁！MB密着GHR体験記 #9/4,9/5 #東京都内",2,2,0,0.0,70
2026-09-02,1817000,"【9/2.3.4出勤】【Eカップ】【笹塚】爆乳美女の無課金生外だしと全裸お触り密着に狂う体験記 #9/2,9/3,9/4 #東京都内",2,2,0,0.0,78
2026-09-02,1820247,【9/2出勤】【Hカップ】【新宿】グラマラス爆乳美女と本番解禁！TL密着GHR体験記 #9/2 #東京都内,2,2,0,0.0,19
2026-09-02,1708502,"【9/3.4.6出勤】【Gカップ】【新宿】本番解禁！白川理桜似のGカップ美女と「密着中出し」。理性を焼き切る至高のGHR体験記 #9/3,9/4,9/6 #東京都内",1,1,0,0.0,71
2026-09-02,1761532,"【9/3.6出勤】【Gカップ】【渋谷】本番解禁！現役女子大生のとSPPNで絡み合う至高のGHR体験記 #9/3,9/6 #東京都内",0,0,0,0.0,117
2026-09-02,1817022,"【9/3.4出勤】【Fカップ】【新宿】池田エライザ似ハーフ美女のTL密着と至高のPZフィニッシュ体験記 #9/3,9/4 #東京都内",1,1,0,0.0,18
2026-09-02,1683630,"【9/2.4出勤】【Fカップ】【荻窪】22歳Fカップ美女の「名器の締め付け」と爆乳密着に溺れる至高の初回GHRフィニッシュ体験記 #9/2,9/4",0,0,0,0.0,211
2026-09-02,1817043,【8/29出勤】【Jカップ】【藤沢】天然Jカップ巨乳美女がキャミ脱ぎ捨てからの本番GHR体験記,0,0,0,0.0,68
2026-09-02,1817008,【8/31出勤】【Iカップ】【新宿】神乳PZで絶頂！ハーフ系二重美女の爆乳パイズリと至高の密着体験記 #東京都内,0,0,0,0.0,28
2026-09-02,1817004,"【9/2.3.4出勤】【Gカップ】【新宿】むちむち可愛い系美女のマイクロビキニ密着と神乳PZフィニッシュ体験記 #9/2,9/3,9/4 #東京都内",3,3,0,0.0,13
2026-09-02,1663647,"【9/4.5出勤】【Fカップ】【新宿】新宿の現役学生と初回「生in」中出し！スレンダー美女の絶景と吐息に溺れる至高のフィニッシュ体験記！ #9/4,9/5 #東京都内",0,0,0,0.0,82
2026-09-02,1808348,【9/1出勤】【Hカップ】【秋葉原】 #9/1 #東京都内,1,1,0,0.0,37
2026-09-02,1662490,"【9/3.4.5出勤】【Lカップ】【秋葉原】視界を覆う「おっぱいスタンプ」から搾り取られるPZ(パイズリ)フィニッシュ体験記！水袋のような超軟乳の至高のPZ(パイズリ)の衝撃！ #9/3,9/4,9/5 #東京都内",1,1,0,0.0,568
2026-09-02,1664794,"【9/3.4出勤】【Gカップ】【横浜】初回から理性が決壊する一線越え。Gカップ美女の吐息と「名器の締め付け」に溺れた至高のGHRフィニッシュ体験記 #9/3,9/4 #神奈川",0,0,0,0.0,199
2026-09-02,1806934,【8/5出勤】【Hカップ】【西麻布】本番NS解禁！長身スレンダー美女の四つん這い紙パンツちぎりに狂う体験記 #東京都内,0,0,0,0.0,27
2026-09-02,1806911,"【9/2.4.5出勤】【Eカップ】【新宿】ピンク髪スレンダー美女の丸出し密着に狂うGHR体験記 #9/2,9/4,9/5 #東京都内",0,0,0,0.0,13
2026-09-02,1806940,【9/5出勤】【Hカップ】【新宿】グラマラス爆乳美女と膝上乗っかり密着に狂う本番GHR体験記 #9/5 #東京都内,0,0,0,0.0,26
2026-09-02,1771377,"【9/2.4出勤】【Iカップ】【秋葉原】爆乳美女のおっぱいポロン密着に狂う本番GHR体験記 #9/2,9/4 #東京都内",2,2,0,0.0,91
2026-09-02,1651197,【9/6出勤】【Hカップ】【中野】「手でやらなきゃいいでしょ？」可愛い顔してPZ(パイズリ)で翻弄する小悪魔系美女 #9/6 #東京都内,0,0,0,0.0,185
2026-09-02,1667126,【9/4出勤】【Gカップ】【武蔵小杉】ニコル似Iカップ美女の初回本番「生in」。至高のNSフィニッシュ体験記 #9/4 #神奈川,0,0,0,0.0,151
2026-09-02,1802005,【8/5出勤】【Gカップ】【銀座】人生イチ綺麗なGカップ！福岡美人によるツバ垂らしPZとSPPN密着体験記 #東京都内,1,1,0,0.0,48
2026-09-02,1677614,【7/31出勤】【Fカップ】【浦和】低身長巨乳と密着。色白美肌美女の「生乳PZ」と、耳元への吐息に溺れる至高のフィニッシュ体験記,1,1,0,0.0,228
2026-09-02,1762969,【8/21出勤】【Gカップ】【横浜】神乳PZで絶頂！Gカップアイドル顔美女のマイクロビキニポロリと至高のフィニッシュ体験記 #神奈川,0,0,0,0.0,98
2026-09-02,1598368,"【9/4.5.6出勤】【Iカップ】【秋葉原】焦らしの美学に完敗！プロの脚本で堕ちる「鏡越しの背徳ANR」と至福のPZ(パイズリ)フィニッシュ #9/4,9/5,9/6 #東京都内",0,0,0,0.0,614
2026-09-02,1797226,"【9/2.5.6出勤】【Fカップ】【北千住】ギャル系美人の無課金GHR！紙パンツなし超密着に狂う至高の体験記 #9/2,9/5,9/6 #東京都内",3,3,0,0.0,106
2026-09-02,1797257,"【9/4.8.10出勤】【Hカップ】【恵比寿】神乳PZで絶頂！小柄可愛い巨乳美女の極上マイクロビキニ密着と至高のフィニッシュ体験記 #9/4,9/8,9/10 #東京都内",0,0,0,0.0,63
2026-09-02,1797247,【8/20出勤】【Hカップ】【三軒茶屋】天然Gカップロリ体型美女と本番！ふわふわマシュマロ密着に狂うGHR体験記,0,0,0,0.0,3
2026-09-02,1654034,【9/5出勤】【Fカップ】【武蔵小杉】有村架純似の可憐な美女と溺れる「主導権剥奪」の100分…最後は理性を超える初回本番GHRフィニッシュ！,0,0,0,0.0,216
2026-09-02,1708856,"【9/5.6出勤】【Dカップ】【麻布】清楚系美女の本番とMBからはみ出す両CKBに溺れる至高のGHR体験記 #9/5,9/6 #東京都内",0,0,0,0.0,80
2026-09-02,1642392,"【9/2.4.9出勤】【Gカップ】【秋葉原】甘えたがり必見!!高身長Hカプお姉さんのお◯ぱい密着天国からのPZ(パイズリ)フィニッシュ！ #9/2,9/4,9/9 #東京都内",1,1,0,0.0,261
2026-09-02,1755449,"【9/2.5.6出勤】【Hカップ】【五反田】伝説級の超マシュマロ巨乳PZ！漫画スタイルの爆乳に溺れる至高のフィニッシュ体験記 #9/2,9/5,9/6 #東京都内",1,1,0,0.0,219
2026-09-02,1662528,"【9/4.5出勤】【Gカップ】【新宿】金額交渉で堕ちる「生の温もり」！密着オイルから不意打ちの絶品F、そして衝撃の初回本番HRフィニッシュへ！ #9/4,9/5 #東京都内",0,0,0,0.0,60
2026-09-02,1788140,"【9/2.3.5出勤】【Fカップ】【恵比寿】本番解禁！パネマジなし綺麗系美女の天然巨乳に溺れる至高のGHR体験記 #9/2,9/3,9/5 #東京都内",1,1,0,0.0,56
2026-09-02,1662554,"【9/4.6出勤】【Gカップ】【中野】高身長スレンダー×天然ロケットπ開始30分で理性が決壊！細身の体に宿る巨乳の衝撃と、禁断の初回NSフィニッシュ体験記！ #9/4,9/6 #東京都内",2,2,0,0.0,173
2026-09-02,1764682,"【9/3.5出勤】【Gカップ】【 大宮】Gカップ美女のMBはみ出し密着と至高のPZパイズリフィニッシュ体験記 #9/3,9/5 #埼玉",0,0,0,0.0,91
2026-09-02,1678781,【7/4出勤】【Gカップ】【船橋】生乳爆乳PZ解禁。色白美肌美女と悪戯な囁きに溺れる至高のフィニッシュ体験記 #千葉,0,0,0,0.0,254
2026-09-02,1708852,"【9/2.4出勤】【Fカップ】【麻布】NN解禁！クール系美女の「生挿入中出し」と、神スタイルに溺れる至高のフィニッシュ体験記 #9/2,9/4 #東京都内",0,0,0,0.0,79
2026-09-02,1653916,【8/30出勤】【Gカップ】【新宿】ロシア系クォーターの至高ボディ！爆揺れ巨乳に埋もれる「魔性の69」と絶品PZ(パイズリ)フィニッシュ,1,1,0,0.0,158
2026-09-02,1754547,"【9/3.7.8出勤】【Eカップ】【新宿】本番解禁！猫顔スレンダー美女の「名器中出し」と、関西弁の甘い誘惑に溺れる至高のGHR体験記 #9/3,9/7,9/8 #東京都内",1,1,0,0.0,55
2026-09-02,1650404,【9/4出勤】【Fカップ】【新宿】「特別コースですから…♥」橋本マナミ風お姉さんの透け衣装誘惑。ムチムチFカップと溶け合う初回PZ(パイズリ)による至福の夜 #9/4 #東京都内,0,0,0,0.0,135
2026-09-02,1654061,【6/26出勤】【Fカップ】【相模大野】メジャーアイドル級美女と溺れる「KPなし」の密着洗体…最後はG着用で果てる禁断の絶頂本番HR体験！,2,2,0,0.0,144
2026-09-02,1710810,"【9/2.4.5出勤】【Gカップ】【新宿】乃木坂系美女と密着本番HR。アニメ級の爆乳に溺れる、至高のGHRフィニッシュ体験記 #9/2,9/4,9/5 #東京都内",1,1,0,0.0,59
2026-09-02,1655253,"【9/5.6出勤】【Gカップ】【新宿】コスプレ級美女と堕ちる「禁断の本番」！溢れ出す爆乳おっぱいスタンプと、本番GHRの積極的な誘いに理性が溶ける至福の90分！ #9/5,9/6 #東京都内",0,0,0,0.0,55
2026-09-02,1668275,【8/26出勤】【Fカップ】【新宿】九州出身セクシー美女の「おっとり吐息」と名器に溺れる、至高の初回本番GHRフィニッシュ体験記,0,0,0,0.0,42
2026-09-02,1663737,【9/4出勤】【Gカップ】【新宿】本番解禁！福原遥似の美少女とGHR。お椀型巨乳とヌルヌル密着オイルに溺れる至高のフィニッシュ体験記 #9/4 #東京都内,1,1,0,0.0,47
2026-09-02,1657099,都内出勤カレンダー,0,0,0,0.0,447
2026-09-02,1657105,埼玉県(大宮)出勤カレンダー,0,0,0,0.0,192
2026-09-02,1657104,横浜周辺出勤カレンダー,0,0,0,0.0,161
2026-09-02,1657101,多摩(吉祥寺)周辺カレンダー,0,0,0,0.0,154
2026-09-02,1648133,【4/3.5出勤】【Gカップ】【田町】【PZ】20歳のふわっふわH乳によるグラインドPZ(パイズリ)でSKR #東京都内,0,0,0,0.0,97
2026-09-03,1683630,【9/4出勤】【Fカップ】【荻窪】22歳Fカップ美女の「名器の締め付け」と爆乳密着に溺れる至高の初回GHRフィニッシュ体験記 #9/4,0,0,0,0.0,214
2026-09-03,1761550,【9/2出勤】【Gカップ】【中野】本番解禁！柏木由紀似OLと一緒に入る泡洗体に溺れる至高のGHR体験記 #9/2 #東京都内,0,0,0,0.0,86
2026-09-03,1683650,"【9/3.5出勤】【Hカップ】【浦和】NN解禁！爆乳美女への「生挿入中出し」と溢れるデカ尻に溺れる至高の体験記 #9/3,9/5 #埼玉",0,0,0,0.0,512
2026-09-03,1817039,【9/2出勤】【Iカップ】【本厚木】爆乳美女と無課金本番解禁！紙パンツ脱ぎ捨てトロ顔GHR体験記 #9/2 #神奈川,0,0,0,0.0,158
2026-09-03,1683635,"【9/3.5.6出勤】【Eカップ】【登戸/溝の口】色白スレンダー美女の「超絶NF奉仕」と、上に跨り繋がる至高のGHR体験記 #9/3,9/5,9/6",1,1,0,0.0,333
2026-09-03,1663765,【9/2出勤】【Hカップ】【新宿】初回中出しNN解禁！沖縄出身ギャルと生in。至高の美ボディと「密着中出し」に溺れる、新宿の禁断生挿入フィニッシュ体験記 #9/2 #東京都内,0,0,0,0.0,146
2026-09-03,1662519,"【9/3.4出勤】【Iカップ】【北千住】爆乳と「爆裂美尻」の衝撃！理性を溶かす密着オイルから、生の熱量に溺れた至高の初回本番HR体験記！ #9/3,9/4 #東京都内",0,0,0,0.0,413
2026-09-03,1639983,"【9/3.6出勤】【Gカップ】【中野】初回から巨乳ギャルのフルスロットルの寛容度。生Fからの「最後どうする？」で本番GHR。 #9/3,9/6 #東京都内",0,0,0,0.0,587
2026-09-03,1836299,"【9/3.4出勤】【Gカップ】【船橋】生のまま中出しNN解禁！華奢細身Gカップ美女の全裸密着と生本番フィニッシュ体験記 #9/3,9/4 #千葉",1,1,0,0.0,41
2026-09-03,1653925,"【9/3.4.5出勤】【Fカップ】【新宿】初回から現役JDと濃厚DK＆生本番級GHR！スベスベ美肌の妹系美女と溺れる超密着PZの衝撃！#本日出勤 #9/3,9/4,9/5 #東京都内",1,1,0,0.0,372
2026-09-03,1677621,【9/4出勤】【Gカップ】【浦和】禁断のモロ出し。Gカップ美女の「生乳PZ」と、吐息が重なる濃厚フィニッシュ体験記 #9/4 #埼玉,1,1,0,0.0,415
2026-09-03,1798245,"【9/3.4.5出勤】【Iカップ】【南流山/流山おおたかの森】爆乳JD美女と本番解禁！オイルパイ挟みに狂うGHR体験記 #9/3,9/4,9/5 #千葉",2,2,0,0.0,181
2026-09-03,1656105,"【9/4.5出勤】【Fカップ】【大宮】密着オイル攻めの果てに迎えた、衝撃の初回本番HRフィニッシュ！ #9/4,9/5 #埼玉",2,2,0,0.0,479
2026-09-03,1677604,"【9/4.5出勤】【Fカップ】【赤羽】「アニメ声」たぬき顔美女と初回本番解禁！密着マッサージに溺れる至高のGHRフィニッシュ体験記 #9/4,9/5 #埼玉",4,4,0,0.0,575
2026-09-03,1667106,【9/3出勤】【Fカップ】【厚木】初回で理性が決壊。有村架純似Fカップ美女の吐息と「ツルツル秘部」に溺れた至高の本番GHRフィニッシュ体験記 #9/3 #神奈川,0,0,0,0.0,386
2026-09-03,1761541,【9/3出勤】【Gカップ】【品川】驚愕の神乳PZ！清楚系お姉さんの「naked密着」と、ゼロ距離奉仕に理性が溶ける体験記 #9/3 #東京都内,0,0,0,0.0,202
2026-09-03,1798265,"【9/4.5.7出勤】【Hカップ】【流山おおたかの森】極上神乳PZで絶頂！過去一柔らかい天然Hカップ美女の超密着パイズリ体験記 #9/4,9/5,9/7 #千葉",4,4,0,0.0,223
2026-09-03,1710821,"【9/3.4.5出勤】【Gカップ】【新宿】元グラドルのH超え爆乳と「２回戦本番HR」に壊される、支配的な至高の体験記 #9/3,9/4,9/5 #東京都内",0,0,0,0.0,421
2026-09-03,1623774,"【9/3.5出勤】【Jカップ】【池袋】「時間があるなら2回でもいいよ♥」初回からJカップ爆乳美女の神対応。無料パイズリPZの快感に溺れた、高身長元キャバ嬢との夜 #9/3,9/5 #東京都内",1,1,0,0.0,1040
2026-09-03,1656212,"【9/3.4.5出勤】【Jカップ】【吉祥寺】視界を塞ぐ爆乳の壁！ソファーでの密着ハグから搾り取られる、至高のPZ(パイズリ)フィニッシュ体験記！ #9/3,9/4,9/5",2,2,0,0.0,565
2026-09-03,1798255,"【9/5.6出勤】【Gカップ】【津田沼】むちむちボブ美女AN密着に狂う本番GHR体験記 #9/5,9/6 #千葉",1,1,0,0.0,222
2026-09-03,1802001,"【9/3.4.5出勤】【Kカップ】【池袋】Kカップお姉さん美女のMB密着と爆乳PZフィニッシュ体験記 #9/3,9/4,9/5 #東京都内",2,2,0,0.0,77
2026-09-03,1655185,"【9/5.6.8出勤】【Gカップ】【横浜】癒し系お姉さんの「隠しきれないHカップ」に悶絶！密着オイルから搾り取られる、至高のPZ(パイズリ)フィニッシュ体験記 #9/5,9/6,9/8 #神奈川",3,3,0,0.0,645
2026-09-03,1597345,【9/5出勤】【Iカップ】【品川】高身長ムチムチ聖母の「生OPI」洗礼！SKSK衣装から溢れる爆乳PZ(パイズリ)体験記 #9/5 #東京都内,3,3,0,0.0,1088
2026-09-03,1754540,"【9/4.5出勤】【Hカップ】【新宿】驚愕の爆乳PZ！清楚系色白スレンダー美女のゼロ距離密着と、脳がとろける至高の体験記 #9/4,9/5 #東京都内",1,1,0,0.0,140
2026-09-03,1762949,【9/3出勤出勤】【Gカップ】【本厚木】HP通り可愛い美女のと一緒に入る泡洗体に溺れる至高の本番GHR体験記 #9/3 #神奈川,3,3,0,0.0,397
2026-09-03,1754531,"【9/3.6出勤】【Gカップ】【赤坂】驚愕の神乳PZ！林ゆめ似の超絶スレンダー巨乳と、ゼロ距離密着に理性が溶ける体験記 #9/3,9/6 #東京都内",3,3,0,0.0,355
2026-09-03,1788157,"【9/3.4.5出勤】【Gカップ】【吉祥寺】本番解禁！HP通り美人なムッチリ巨乳と密着69に理性が溶けるGHR体験記 #9/3,9/4,9/5",3,3,0,0.0,53
2026-09-03,1655259,【9/3出勤】【Eカップ】【新宿】至高のPZで悶絶！柔らか巨乳の密着スタンプと「もう1回できる？」と囁かれる悦楽 #9/2 #東京都内,0,0,0,0.0,176
2026-09-03,1656118,"【9/3.5出勤】【Gカップ】【大宮】初回から巨乳MBのPZ多幸感！密着オイルで理性を溶かし、巨大な肉圧で搾り取られる至高の快楽 #9/3,9/5 #埼玉",2,2,0,0.0,246
2026-09-03,1656054,【9/3出勤】【Jカップ】【大宮】初回から至高の本番NS生挿入！視界を覆う爆乳スタンプ…合意の上で堕ちた締まりに悶絶体験記 #9/3 #埼玉,2,2,0,0.0,670
2026-09-03,1639998,【9/4出勤】【Kカップ】【銀座】揉みごたえ充分の巨乳は感度も抜群！ ふわふわおっ杯で濃厚密着PZ(パイズリ) #9/4 #東京都内,1,1,0,0.0,823
2026-09-03,1754553,"【9/3.5.7出勤】【Hカップ】【登戸】神乳PZで絶頂！細身巨乳美女の「 naked密着」と、鏡越しprprに溺れる至高のフィニッシュ体験記 #9/3,9/5,9/7",5,5,0,0.0,184
2026-09-03,1656219,"【9/3.4.6出勤】【Fカップ】【吉祥寺】初回から濃厚PZ(パイズリ)から搾り取られる、至高の本番HRフィニッシュ！Gカップに溺れる「密着ソファー」の誘惑 #9/3,9/4,9/6",4,4,0,0.0,477
2026-09-03,1667095,"【9/4.5.6出勤】【Fカップ】【関内】初回から理性が決壊する一線越え。本格派美女の「お口で装着」と名器の締め付けに溺れた至高のGHRフィニッシュ体験記 #9/4,9/5,9/6 #神奈川",2,2,0,0.0,699
2026-09-03,1780559,"【9/3.4.5出勤】【Fカップ】【池袋】生ハメNNで絶頂！リアルアイドル顔美女の超濃厚ヌルヌル密着と至高のNN体験記 #9/3,9/4,9/5 #東京都内",5,5,0,0.0,185
2026-09-03,1836312,【9/1出勤】【Hカップ】【柏】タヌキ顔Hカップ美女と本番解禁！ソファー密着GHR体験記 #9/1 #千葉,5,5,0,0.0,129
2026-09-03,1653899,"【9/4.6.7出勤】【Gカップ】【新宿】スレンダーな腰に「上向き巨乳」の奇跡…職場のマドンナ似との密着PZ(パイズリ) #9/4,9/6,9/7 #東京都内",0,0,0,0.0,257
2026-09-03,1802007,"【9/4.6出勤】【Fカップ】【中野】現役学生の高身長童顔美女と楽しむ至高の本番GHR体験記 #9/4,9/6 #東京都内",3,3,0,0.0,32
2026-09-03,1662507,【9/3出勤】【Gカップ】【五反田】金額交渉なしの神展開！「今日は特別だよ…♥」と囁かれ、生の温もりに溺れた至高の初回生挿入NS体験記！ #9/3 #東京都内,0,0,0,0.0,464
2026-09-03,1683683,【9/6出勤】【Gカップ】【横浜】洗体アシストで悶絶。巨乳美女の「生乳PZ」と、密着バックご奉仕に溺れる至高のフィニッシュ体験記 #9/6 #神奈川,0,0,0,0.0,329
2026-09-03,1655202,【9/6出勤】【Gカップ】【横浜】初回極上PZの衝撃！初回から弾力MAXのOPIスタンプと禁断の密着洗体…NPの誘惑に搾り取られるPZフィニッシュ #9/6 #神奈川,0,0,0,0.0,506
2026-09-03,1673756,【9/5出勤】【Fカップ】【大宮】爆乳解禁！追加なしの極上PZ。至高の肉感と密着ハグに溺れるパイズリフィニッシュ体験記 #9/5 #埼玉,0,0,0,0.0,239
2026-09-03,1817029,【9/3出勤】【Fカップ】【赤坂】ツルスベ巨乳美女のSPPN全裸密着と怒涛のPZフィニッシュ体験記 #9/3 #東京都内,0,0,0,0.0,81
2026-09-03,1797240,【9/2出勤】【Iカップ】【溝の口】ぱるる系清楚アイドルと本番解禁！新人美巨乳密着に狂うGHR体験記 #9/2 #本日出勤,1,1,0,0.0,49
2026-09-03,1823574,"【9/9.10.12出勤】【Gカップ】【秋葉原】生挿入NS解禁！小顔くびれ美巨乳美女の生中出し濃厚DKS体験記 #9/9,9/10,9/12 #東京都内",0,0,0,0.0,72
2026-09-03,1663754,【9/5出勤】【Gカップ】【新宿】初回から境界線を超えた超密着！JD美女と溶け合う「生感覚」の衝撃。極上本番HRフィニッシュ #9/5 #東京都内,0,0,0,0.0,152
2026-09-03,1822402,【8/31出勤】【Gカップ】【登戸】色白小顔ギャル美女と本番解禁！一緒シャワー全裸密着GHR体験記,0,0,0,0.0,25
2026-09-03,1656077,【9/6出勤】【Iカップ】【大宮】おわん型巨乳の重圧と「生」の温もり…感度抜群の地雷系美女と堕ちる、衝撃の初回本番NSフィニッシュ！ #9/6 #埼玉,0,0,0,0.0,191
2026-09-03,1656126,【9/4出勤】【Gカップ】【大宮】「ムチふわ爆乳」の誘惑…おっぱいスタンプから搾り取られる、至高のPZ(パイズリ)フィニッシュ体験記！ #9/4 #埼玉,1,1,0,0.0,165
2026-09-03,1599734,"【9/4.6出勤】【Gカップ】【新宿】初回で合体まで至った至福の本番HR体験記「このGカップ、本物だ…」若さ弾ける爆乳美女の神対応。 #9/4,9/6 #東京都内",1,1,0,0.0,189
2026-09-03,1601302,"【9/4.5.6出勤】【Hカップ】【恵比寿】初回から「ちゃんと着けるから、挿れてもいい？♥」淫らな聖女の逆指名。現役看護師と堕ちる、ヌルヌル密着の絶頂本番HR #9/4,9/5,9/6 #東京都内",2,2,0,0.0,886
2026-09-03,1817046,"【9/5.6出勤】【Hカップ】【武蔵小杉】生のまま中出し解禁！美形細身巨乳美女の全裸密着と生本番NNフィニッシュ体験記 #9/5,9/6 #神奈川",0,0,0,0.0,120
2026-09-03,1794515,【8/30出勤】【Jカップ】【大宮】地雷系むちむち美女本番解禁！トップレス密着に狂うGHR体験記 #埼玉,1,1,0,0.0,154
2026-09-03,1683671,"【9/3.4.5出勤】【Eカップ】【大宮】AV女優黒川すみれ似美女の「生乳PZ」と、Sっ気溢れる言葉責めに溺れる至高の体験記 #9/3,9/4,9/5 #埼玉",0,0,0,0.0,251
2026-09-03,1762946,"【9/4.5.6出勤】【Hカップ】【横浜】170cmの48Kgスーパーモデル級美人のKP剥ぎ取り密着に狂う本番GHR体験記 #9/4,9/5,9/6 #神奈川",0,0,0,0.0,122
2026-09-03,1780536,【9/3出勤】【Gカップ】【多摩】生ハメNNで絶頂！小顔グラマラス美女の超密着ヌルヌル本番と至高の体験記 #9/3,0,0,0,0.0,105
2026-09-03,1817054,"【9/3.4.6出勤】【Fカップ】【武蔵小杉】本番解禁！たぬき顔美女の盛MN密着GHR体験記 #9/3,9/4,9/6 #神奈川",1,1,0,0.0,75
2026-09-03,1662542,【9/5出勤】【Eカップ】【横浜】至福の初回NS生本番挿入！お腹への発射で締める、最高級の「パコ姫」ホスピタリティ体験記！ #9/5 #神奈川,0,0,0,0.0,178
2026-09-03,1828751,【9/4出勤】【Fカップ】【成増】小動物系Fカップ美女と本番解禁！透け衣装密着GHR体験記 #9/4 #東京都内,1,1,0,0.0,34
2026-09-03,1788175,【9/4出勤】【Fカップ】【練馬】本番解禁！YouTuberかすちゃん似美女のおっぱい密着に狂うGHR体験記 #9/4 #東京都内,2,2,0,0.0,118
2026-09-03,1656086,"【9/4.5出勤】【Iカップ】【大宮】神スタイルと初回NSの悦楽！AI超えの美体と堕ちる「生の温もり」…2回戦連続フィニッシュ #9/4,9/5 #埼玉",1,1,0,0.0,494
2026-09-03,1656071,"【9/3.4.5出勤】【Dカップ】【大宮】パフィーニップルの誘惑とSPPN密着！理性が吹き飛ぶ「NS生挿入」フィニッシュ体験記！ #9/3,9/4,9/5 #埼玉",2,2,0,0.0,423
2026-09-03,1656283,"【9/8.9.10出勤】【Fカップ】【調布】清楚な顔立ちに潜む、驚愕の「名器」と感度…理性が決壊する交渉の末、生の温もりに溺れた至高の初回本番HR体験記！ #9/8,9/9,9/10",0,0,0,0.0,517
2026-09-03,1836306,【9/6出勤】【Hカップ】【成田】圧倒的爆乳美女と本番解禁！全裸騎乗位密着GHR体験記 #9/6 #千葉,0,0,0,0.0,21
2026-09-03,1789466,"【9/8.9.10出勤】【Hカップ】【海老名】本番解禁！Fカップおっとり美人と生まれたて全裸密着に狂うGHR体験記 #9/8,9/9,9/10 #神奈川",0,0,0,0.0,86
2026-09-03,1653910,【8/28出勤】【Fカップ】【新宿】お風呂屋超えの濃厚PZ(パイズリ)！Fカップ美乳嬢と溺れる「寸止め地獄」と「密着DKフィニッシュ」,0,0,0,0.0,205
2026-09-03,1655143,【9/3出勤】【Fカップ】【横浜】隠れ家で堕ちる「脱衣プレイ」とNBRの誘惑…至近距離で見つめられ搾り取られる極上PZ(パイズリ)の衝撃！,0,0,0,0.0,199
2026-09-03,1640011,"【9/3.4.5出勤】【Gカップ】【池袋】池田エライザ似の爆乳美女と初回から「禁断の中出しNN合体」！深夜枠で溺れた、むっちりマシュマロボディの誘惑 #9/3,9/4,9/5 #東京都内",1,1,0,0.0,519
2026-09-03,1656274,"【9/3.6.8出勤】【Fカップ】【登戸】溢れる巨乳Gカップの衝撃！密着オイル攻めから交渉で堕ちた、至高の「生感覚」本番GHRフィニッシュ体験記！ #9/3,9/6,9/8",0,0,0,0.0,249
2026-09-03,1668882,【9/3出勤】【Gカップ】【錦糸町】初回本番解禁！ムチムチ美女の「名器の締め付け」と、MBから溢れる巨乳に溺れる。至高のGHRフィニッシュ体験記 #9/3 #東京都内,1,1,0,0.0,545
2026-09-03,1668292,"【9/4.5.7出勤】【Iカップ】【新宿】爆乳解禁。清楚系アイドル美女の「生乳PZ」と、理性を奪う中出し。至高のフィニッシュ体験記 #9/4,9/5,9/7 #東京都内",0,0,0,0.0,210
2026-09-03,1710833,【9/6出勤】【Fカップ】【中目黒】清楚系美女の溢れるFカップ爆乳に溺れる至高の本番GHR体験記 #9/6 #東京都内,0,0,0,0.0,241
2026-09-03,1761543,【9/3出勤】【Eカップ】【中野】本番解禁！高身長Fカップ女子大生の「数の子天井ナカ出し」とSPPN密着に溺れる至高のGHR体験記 #9/3 #東京都内,0,0,0,0.0,145
2026-09-03,1663730,"【9/3.5出勤】【Gカップ】【新宿】現役AV女優と禁断の初回本番GHR！熟練タイ古式と爆乳に搾り取られる、新宿の至高フィニッシュ体験記！ #9/3,9/5 #東京都内",0,0,0,0.0,142
2026-09-03,1651485,"【9/8.10出勤】【Gカップ】【登戸】初回から「ねぇ、もう一回しよ♥」極上Gカップに溺れる本番NS二回転フィニッシュ #9/8,9/10",0,0,0,0.0,350
2026-09-03,1828762,"【9/3.7.11出勤】【Hカップ】【溝の口】天然H神乳美女のノーブラニット密着PZで絶頂！顔面胸当て体験記 #9/3,9/7,9/11 #神奈川",3,3,0,0.0,29
2026-09-03,1642194,【8/26出勤】【Fカップ】【登戸】街で二度見する爆美女と「密着シャワー」の悦楽…初回から奥地まで咥え込む濃厚Fで昇天！,0,0,0,0.0,287
2026-09-03,1823559,"【9/3.4.10出勤】【Fカップ】【秋葉原】ハーフモデル美女神乳PZで絶頂！細身Gカップ密着とスリット全開体験記 #9/3,9/4,9/10 #東京都内",1,1,0,0.0,34
2026-09-03,1780542,"【9/4.5.7出勤】【Hカップ】【新宿】神乳PZで絶頂！天然Hカップ美女の透けビキニ密着と至高のフィニッシュ体験記 #9/4,9/5,9/7 #東京都内",0,0,0,0.0,55
2026-09-03,1677586,【12/10出勤】【Gカップ】【大宮】初回本番解禁！新人美女の「初めてのin」と、重力に抗えない爆乳に溺れる。至高のGHRフィニッシュ体験記 #12/10 #埼玉,0,0,0,0.0,222
2026-09-03,1667110,"【9/4.6出勤】【Fカップ】【武蔵小杉】境界線を超えた密着。グラビア級美女の「おっとり吐息」と名器に溺れる、至高の初回本番GHRフィニッシュ体験記 #9/4,9/6 #神奈川",0,0,0,0.0,337
2026-09-03,1820244,【8/23出勤】【Fカップ】【国分寺】美くびれ巨乳美女と本番解禁！長い爪フェザー密着GHR体験記,0,0,0,0.0,85
2026-09-03,1824707,【8/30出勤】【Gカップ】【大和】白ギャル系の巨乳神乳PZで絶頂！全裸密着とロケット巨乳パイズリ体験記,1,1,0,0.0,37
2026-09-03,1828755,"【9/3.5出勤】【Hカップ】【恵比寿】生挿入NS解禁！爆乳美女の生フェラ密着NS体験記 #9/3,9/5 #東京都内",1,1,0,0.0,41
2026-09-03,1824723,"【9/3.4.5出勤】【Hカップ】【溝の口】小柄むっちり巨乳美女の神乳PZで絶頂！トップレス密着と顔面胸スタンプ体験記 #9/3,9/4,9/5 #神奈川",1,1,0,0.0,41
2026-09-03,1771375,"【9/3.4出勤】【Gカップ】【恵比寿】天然Gカップ美女のとZNR洗体に溺れる至高のGHR体験記 #9/3,9/4 #東京都内",0,0,0,0.0,44
2026-09-03,1823563,【9/5出勤】【Gカップ】【秋葉原】19歳ハーフ系Gカップ美女と本番解禁！騎乗位密着GHR体験記 #9/5 #東京都内,1,1,0,0.0,48
2026-09-03,1823572,【8/21出勤】【Hカップ】【秋葉原】生挿入NS解禁！色白グラマー巨乳美女と全裸密着NS体験記 #東京都内,0,0,0,0.0,28
2026-09-03,1623796,"【9/3.6出勤】【Fカップ】【中野】「あとで脱がせる方がERいでしょ♥」Fカップ清楚系セラピストと堕ちる、濃厚DK＆背徳の初回本番NS90分 #9/3,9/6 #東京都内",0,0,0,0.0,354
2026-09-03,1762959,"【9/3.4.5出勤】【Fカップ】【綱島】神乳PZで絶頂！エロ可愛いムッチリ巨乳のマイクロビキニ密着と至高のフィニッシュ体験記 #9/3,9/4,9/5 #神奈川",1,1,0,0.0,136
2026-09-03,1820272,【9/3出勤】【Jカップ】【秋葉原】爆乳ゆるふわ美女の神乳PZで絶頂！MB密着と顔面埋まり体験記 #9/3 #東京都内,0,0,0,0.0,46
2026-09-03,1710842,【9/4出勤】【Gカップ】【恵比寿】ゴマキ似ギャル美女と本番解禁！スレンダー巨乳に溺れる至高のGHR体験記 #9/4 #東京都内,0,0,0,0.0,341
2026-09-03,1822419,【8/30出勤】【Jカップ】【新宿】神乳PZで絶頂！Jカップ美女MB密着と未体験の極圧パイズリ体験記,0,0,0,0.0,17
2026-09-03,1823553,"【9/3.4.5出勤】【Gカップ】【秋葉原】低身長ロリ巨乳美女と本番解禁！トップレス密着GHR体験記 #9/3,9/4,9/5 #東京都内",0,0,0,0.0,72
2026-09-03,1822409,【8/18出勤】【Fカップ】【恵比寿】神乳綺麗系お姉さんのMB密着と至高のパイズリ体験記 #東京都内,0,0,0,0.0,46
2026-09-03,1821353,【8/22出勤】【Fカップ】【渋谷】モデル級スレンダー巨乳美女と本番解禁！顔面胸乗せ密着GHR体験記 #東京都内,1,1,0,0.0,39
2026-09-03,1662532,【8/16出勤】【Hカップ】【吉祥寺】クラスの可愛い子と「恋人気分」！水袋のような弾力のHカップで搾り取られる、至高のPZ(パイズリ)フィニッシュ体験記！,0,0,0,0.0,129
2026-09-03,1821346,【8/20出勤】【Fカップ】【渋谷】神乳美女の紐MB密着と至高のパイズリ体験記 #東京都内,0,0,0,0.0,45
2026-09-03,1820251,"【9/4.5出勤】【Hカップ】【恵比寿】巨乳大学生美女と本番解禁！MB密着GHR体験記 #9/4,9/5 #東京都内",0,0,0,0.0,72
2026-09-03,1817000,"【9/3.4.5出勤】【Eカップ】【笹塚】爆乳美女の無課金生外だしと全裸お触り密着に狂う体験記 #9/3,9/4,9/5 #東京都内",1,1,0,0.0,78
2026-09-03,1820247,【9/2出勤】【Hカップ】【新宿】グラマラス爆乳美女と本番解禁！TL密着GHR体験記 #9/2 #東京都内,1,1,0,0.0,21
2026-09-03,1708502,"【9/3.4.6出勤】【Gカップ】【新宿】本番解禁！白川理桜似のGカップ美女と「密着中出し」。理性を焼き切る至高のGHR体験記 #9/3,9/4,9/6 #東京都内",0,0,0,0.0,71
2026-09-03,1761532,"【9/3.6出勤】【Gカップ】【渋谷】本番解禁！現役女子大生のとSPPNで絡み合う至高のGHR体験記 #9/3,9/6 #東京都内",1,1,0,0.0,117
2026-09-03,1817022,"【9/3.4出勤】【Fカップ】【新宿】池田エライザ似ハーフ美女のTL密着と至高のPZフィニッシュ体験記 #9/3,9/4 #東京都内",0,0,0,0.0,18
2026-09-03,1817043,【8/29出勤】【Jカップ】【藤沢】天然Jカップ巨乳美女がキャミ脱ぎ捨てからの本番GHR体験記,0,0,0,0.0,69
2026-09-03,1817008,【8/31出勤】【Iカップ】【新宿】神乳PZで絶頂！ハーフ系二重美女の爆乳パイズリと至高の密着体験記 #東京都内,1,1,0,0.0,28
2026-09-03,1817004,"【9/3.4.5出勤】【Gカップ】【新宿】むちむち可愛い系美女のマイクロビキニ密着と神乳PZフィニッシュ体験記 #9/3,9/4,9/5 #東京都内",0,0,0,0.0,13
2026-09-03,1663647,"【9/4.5出勤】【Fカップ】【新宿】新宿の現役学生と初回「生in」中出し！スレンダー美女の絶景と吐息に溺れる至高のフィニッシュ体験記！ #9/4,9/5 #東京都内",0,0,0,0.0,82
2026-09-03,1808348,【9/1出勤】【Hカップ】【秋葉原】 #9/1 #東京都内,0,0,0,0.0,37
2026-09-03,1662490,"【9/3.8.10出勤】【Lカップ】【秋葉原】視界を覆う「おっぱいスタンプ」から搾り取られるPZ(パイズリ)フィニッシュ体験記！水袋のような超軟乳の至高のPZ(パイズリ)の衝撃！ #9/3,9/8,9/10 #東京都内",0,0,0,0.0,568
2026-09-03,1664794,"【9/3.4出勤】【Gカップ】【横浜】初回から理性が決壊する一線越え。Gカップ美女の吐息と「名器の締め付け」に溺れた至高のGHRフィニッシュ体験記 #9/3,9/4 #神奈川",1,1,0,0.0,199
2026-09-03,1806934,【8/5出勤】【Hカップ】【西麻布】本番NS解禁！長身スレンダー美女の四つん這い紙パンツちぎりに狂う体験記 #東京都内,0,0,0,0.0,27
2026-09-03,1806911,"【9/4.5.6出勤】【Eカップ】【新宿】ピンク髪スレンダー美女の丸出し密着に狂うGHR体験記 #9/4,9/5,9/6 #東京都内",0,0,0,0.0,13
2026-09-03,1806940,【9/5出勤】【Hカップ】【新宿】グラマラス爆乳美女と膝上乗っかり密着に狂う本番GHR体験記 #9/5 #東京都内,1,1,0,0.0,26
2026-09-03,1771377,【9/4出勤】【Iカップ】【秋葉原】爆乳美女のおっぱいポロン密着に狂う本番GHR体験記 #9/4 #東京都内,0,0,0,0.0,91
2026-09-03,1651197,【9/6出勤】【Hカップ】【中野】「手でやらなきゃいいでしょ？」可愛い顔してPZ(パイズリ)で翻弄する小悪魔系美女 #9/6 #東京都内,0,0,0,0.0,185
2026-09-03,1667126,【9/4出勤】【Gカップ】【武蔵小杉】ニコル似Iカップ美女の初回本番「生in」。至高のNSフィニッシュ体験記 #9/4 #神奈川,0,0,0,0.0,151
2026-09-03,1802005,【8/5出勤】【Gカップ】【銀座】人生イチ綺麗なGカップ！福岡美人によるツバ垂らしPZとSPPN密着体験記 #東京都内,0,0,0,0.0,48
2026-09-03,1677614,【7/31出勤】【Fカップ】【浦和】低身長巨乳と密着。色白美肌美女の「生乳PZ」と、耳元への吐息に溺れる至高のフィニッシュ体験記,0,0,0,0.0,228
2026-09-03,1762969,【8/21出勤】【Gカップ】【横浜】神乳PZで絶頂！Gカップアイドル顔美女のマイクロビキニポロリと至高のフィニッシュ体験記 #神奈川,0,0,0,0.0,98
2026-09-03,1598368,"【9/4.5.6出勤】【Iカップ】【秋葉原】焦らしの美学に完敗！プロの脚本で堕ちる「鏡越しの背徳ANR」と至福のPZ(パイズリ)フィニッシュ #9/4,9/5,9/6 #東京都内",0,0,0,0.0,614
2026-09-03,1797226,"【9/5.6出勤】【Fカップ】【北千住】ギャル系美人の無課金GHR！紙パンツなし超密着に狂う至高の体験記 #9/5,9/6 #東京都内",0,0,0,0.0,107
2026-09-03,1797257,"【9/4.8.10出勤】【Hカップ】【恵比寿】神乳PZで絶頂！小柄可愛い巨乳美女の極上マイクロビキニ密着と至高のフィニッシュ体験記 #9/4,9/8,9/10 #東京都内",0,0,0,0.0,65
2026-09-03,1797247,【8/20出勤】【Hカップ】【三軒茶屋】天然Gカップロリ体型美女と本番！ふわふわマシュマロ密着に狂うGHR体験記,0,0,0,0.0,3
2026-09-03,1654034,【9/5出勤】【Fカップ】【武蔵小杉】有村架純似の可憐な美女と溺れる「主導権剥奪」の100分…最後は理性を超える初回本番GHRフィニッシュ！,0,0,0,0.0,216
2026-09-03,1708856,"【9/5.6出勤】【Dカップ】【麻布】清楚系美女の本番とMBからはみ出す両CKBに溺れる至高のGHR体験記 #9/5,9/6 #東京都内",0,0,0,0.0,80
2026-09-03,1642392,"【9/4.9出勤】【Gカップ】【秋葉原】甘えたがり必見!!高身長Hカプお姉さんのお◯ぱい密着天国からのPZ(パイズリ)フィニッシュ！ #9/4,9/9 #東京都内",0,0,0,0.0,261
2026-09-03,1755449,"【9/5.6出勤】【Hカップ】【五反田】伝説級の超マシュマロ巨乳PZ！漫画スタイルの爆乳に溺れる至高のフィニッシュ体験記 #9/5,9/6 #東京都内",1,1,0,0.0,220
2026-09-03,1662528,"【9/4.5出勤】【Gカップ】【新宿】金額交渉で堕ちる「生の温もり」！密着オイルから不意打ちの絶品F、そして衝撃の初回本番HRフィニッシュへ！ #9/4,9/5 #東京都内",0,0,0,0.0,60
2026-09-03,1788140,"【9/3.5出勤】【Fカップ】【恵比寿】本番解禁！パネマジなし綺麗系美女の天然巨乳に溺れる至高のGHR体験記 #9/3,9/5 #東京都内",1,1,0,0.0,56
2026-09-03,1662554,"【9/4.6出勤】【Gカップ】【中野】高身長スレンダー×天然ロケットπ開始30分で理性が決壊！細身の体に宿る巨乳の衝撃と、禁断の初回NSフィニッシュ体験記！ #9/4,9/6 #東京都内",0,0,0,0.0,173
2026-09-03,1764682,"【9/3.5出勤】【Gカップ】【 大宮】Gカップ美女のMBはみ出し密着と至高のPZパイズリフィニッシュ体験記 #9/3,9/5 #埼玉",0,0,0,0.0,95
2026-09-03,1678781,【7/4出勤】【Gカップ】【船橋】生乳爆乳PZ解禁。色白美肌美女と悪戯な囁きに溺れる至高のフィニッシュ体験記 #千葉,0,0,0,0.0,254
2026-09-03,1708852,【9/4出勤】【Fカップ】【麻布】NN解禁！クール系美女の「生挿入中出し」と、神スタイルに溺れる至高のフィニッシュ体験記 #9/4 #東京都内,0,0,0,0.0,80
2026-09-03,1653916,【8/30出勤】【Gカップ】【新宿】ロシア系クォーターの至高ボディ！爆揺れ巨乳に埋もれる「魔性の69」と絶品PZ(パイズリ)フィニッシュ,0,0,0,0.0,159
2026-09-03,1754547,"【9/3.7.8出勤】【Eカップ】【新宿】本番解禁！猫顔スレンダー美女の「名器中出し」と、関西弁の甘い誘惑に溺れる至高のGHR体験記 #9/3,9/7,9/8 #東京都内",1,1,0,0.0,56
2026-09-03,1650404,【9/4出勤】【Fカップ】【新宿】「特別コースですから…♥」橋本マナミ風お姉さんの透け衣装誘惑。ムチムチFカップと溶け合う初回PZ(パイズリ)による至福の夜 #9/4 #東京都内,0,0,0,0.0,135
2026-09-03,1654061,【6/26出勤】【Fカップ】【相模大野】メジャーアイドル級美女と溺れる「KPなし」の密着洗体…最後はG着用で果てる禁断の絶頂本番HR体験！,0,0,0,0.0,144
2026-09-03,1710810,"【9/4.5.6出勤】【Gカップ】【新宿】乃木坂系美女と密着本番HR。アニメ級の爆乳に溺れる、至高のGHRフィニッシュ体験記 #9/4,9/5,9/6 #東京都内",1,1,0,0.0,59
2026-09-03,1655253,"【9/5.6出勤】【Gカップ】【新宿】コスプレ級美女と堕ちる「禁断の本番」！溢れ出す爆乳おっぱいスタンプと、本番GHRの積極的な誘いに理性が溶ける至福の90分！ #9/5,9/6 #東京都内",0,0,0,0.0,55
2026-09-03,1668275,【8/26出勤】【Fカップ】【新宿】九州出身セクシー美女の「おっとり吐息」と名器に溺れる、至高の初回本番GHRフィニッシュ体験記,0,0,0,0.0,42
2026-09-03,1663737,【9/4出勤】【Gカップ】【新宿】本番解禁！福原遥似の美少女とGHR。お椀型巨乳とヌルヌル密着オイルに溺れる至高のフィニッシュ体験記 #9/4 #東京都内,0,0,0,0.0,47
2026-09-03,1657099,都内出勤カレンダー,1,1,0,0.0,447
2026-09-03,1657105,埼玉県(大宮)出勤カレンダー,0,0,0,0.0,192
2026-09-03,1657104,横浜周辺出勤カレンダー,0,0,0,0.0,161
2026-09-03,1657101,多摩(吉祥寺)周辺カレンダー,0,0,0,0.0,154
2026-09-03,1648133,【4/3.5出勤】【Gカップ】【田町】【PZ】20歳のふわっふわH乳によるグラインドPZ(パイズリ)でSKR #東京都内,0,0,0,0.0,97
2026-09-04,1664794,【9/4出勤】【Gカップ】【横浜】初回から理性が決壊する一線越え。Gカップ美女の吐息と「名器の締め付け」に溺れた至高のGHRフィニッシュ体験記 #9/4 #神奈川,0,0,0,0.0,206
2026-09-04,1663730,"【9/5.7.9出勤】【Gカップ】【新宿】現役AV女優と禁断の初回本番GHR！熟練タイ古式と爆乳に搾り取られる、新宿の至高フィニッシュ体験記！ #9/5,9/7,9/9 #東京都内",0,0,0,0.0,144
2026-09-04,1668882,【9/3出勤】【Gカップ】【錦糸町】初回本番解禁！ムチムチ美女の「名器の締め付け」と、MBから溢れる巨乳に溺れる。至高のGHRフィニッシュ体験記 #9/3 #東京都内,0,0,0,0.0,556
2026-09-04,1640011,"【9/4.5.7出勤】【Gカップ】【池袋】池田エライザ似の爆乳美女と初回から「禁断の中出しNN合体」！深夜枠で溺れた、むっちりマシュマロボディの誘惑 #9/4,9/5,9/7 #東京都内",1,1,0,0.0,522
2026-09-04,1656071,"【9/4.5.6出勤】【Dカップ】【大宮】パフィーニップルの誘惑とSPPN密着！理性が吹き飛ぶ「NS生挿入」フィニッシュ体験記！ #9/4,9/5,9/6 #埼玉",1,1,0,0.0,436
2026-09-04,1817054,"【9/4.6出勤】【Fカップ】【武蔵小杉】本番解禁！たぬき顔美女の盛MN密着GHR体験記 #9/4,9/6 #神奈川",3,3,0,0.0,78
2026-09-04,1780559,"【9/4.5.6出勤】【Fカップ】【池袋】生ハメNNで絶頂！リアルアイドル顔美女の超濃厚ヌルヌル密着と至高のNN体験記 #9/4,9/5,9/6 #東京都内",2,2,0,0.0,193
2026-09-04,1656219,"【9/3.4.6出勤】【Fカップ】【吉祥寺】初回から濃厚PZ(パイズリ)から搾り取られる、至高の本番HRフィニッシュ！Gカップに溺れる「密着ソファー」の誘惑 #9/3,9/4,9/6",1,1,0,0.0,477
2026-09-04,1754553,"【9/5.7.8出勤】【Hカップ】【登戸】神乳PZで絶頂！細身巨乳美女の「 naked密着」と、鏡越しprprに溺れる至高のフィニッシュ体験記 #9/5,9/7,9/8",1,1,0,0.0,187
2026-09-04,1656054,【9/3出勤】【Jカップ】【大宮】初回から至高の本番NS生挿入！視界を覆う爆乳スタンプ…合意の上で堕ちた締まりに悶絶体験記 #9/3 #埼玉,1,1,0,0.0,675
2026-09-04,1656118,【9/5出勤】【Gカップ】【大宮】初回から巨乳MBのPZ多幸感！密着オイルで理性を溶かし、巨大な肉圧で搾り取られる至高の快楽 #9/5 #埼玉,1,1,0,0.0,252
2026-09-04,1655259,【9/3出勤】【Eカップ】【新宿】至高のPZで悶絶！柔らか巨乳の密着スタンプと「もう1回できる？」と囁かれる悦楽 #9/3 #東京都内,1,1,0,0.0,176
2026-09-04,1754531,【9/6出勤】【Gカップ】【赤坂】驚愕の神乳PZ！林ゆめ似の超絶スレンダー巨乳と、ゼロ距離密着に理性が溶ける体験記 #9/6 #東京都内,4,4,0,0.0,362
2026-09-04,1762949,【9/3出勤出勤】【Gカップ】【本厚木】HP通り可愛い美女のと一緒に入る泡洗体に溺れる至高の本番GHR体験記 #9/3 #神奈川,11,11,0,0.0,411
2026-09-04,1798255,"【9/5.6出勤】【Gカップ】【津田沼】むちむちボブ美女AN密着に狂う本番GHR体験記 #9/5,9/6 #千葉",5,5,0,0.0,226
2026-09-04,1656212,"【9/3.4.5出勤】【Jカップ】【吉祥寺】視界を塞ぐ爆乳の壁！ソファーでの密着ハグから搾り取られる、至高のPZ(パイズリ)フィニッシュ体験記！ #9/3,9/4,9/5",2,2,0,0.0,568
2026-09-04,1623774,【9/5出勤】【Jカップ】【池袋】「時間があるなら2回でもいいよ♥」初回からJカップ爆乳美女の神対応。無料パイズリPZの快感に溺れた、高身長元キャバ嬢との夜 #9/5 #東京都内,5,5,0,0.0,1046
2026-09-04,1710821,"【9/4.5.6出勤】【Gカップ】【新宿】元グラドルのH超え爆乳と「２回戦本番HR」に壊される、支配的な至高の体験記 #9/4,9/5,9/6 #東京都内",2,2,0,0.0,428
2026-09-04,1798265,"【9/4.5.7出勤】【Hカップ】【流山おおたかの森】極上神乳PZで絶頂！過去一柔らかい天然Hカップ美女の超密着パイズリ体験記 #9/4,9/5,9/7 #千葉",6,6,0,0.0,256
2026-09-04,1761541,【9/3出勤】【Gカップ】【品川】驚愕の神乳PZ！清楚系お姉さんの「naked密着」と、ゼロ距離奉仕に理性が溶ける体験記 #9/3 #東京都内,3,3,0,0.0,204
2026-09-04,1667106,【9/3出勤】【Fカップ】【厚木】初回で理性が決壊。有村架純似Fカップ美女の吐息と「ツルツル秘部」に溺れた至高の本番GHRフィニッシュ体験記 #9/3 #神奈川,5,5,0,0.0,391
2026-09-04,1798245,"【9/4.5出勤】【Iカップ】【南流山/流山おおたかの森】爆乳JD美女と本番解禁！オイルパイ挟みに狂うGHR体験記 #9/4,9/5 #千葉",8,8,0,0.0,187
2026-09-04,1653925,"【9/4.5.7出勤】【Fカップ】【新宿】初回から現役JDと濃厚DK＆生本番級GHR！スベスベ美肌の妹系美女と溺れる超密着PZの衝撃！#本日出勤 #9/4,9/5,9/7 #東京都内",1,1,0,0.0,373
2026-09-04,1836299,【9/4出勤】【Gカップ】【船橋】生のまま中出しNN解禁！華奢細身Gカップ美女の全裸密着と生本番フィニッシュ体験記 #9/4 #千葉,2,2,0,0.0,49
2026-09-04,1639983,【9/6出勤】【Gカップ】【中野】初回から巨乳ギャルのフルスロットルの寛容度。生Fからの「最後どうする？」で本番GHR。 #9/6 #東京都内,2,2,0,0.0,591
2026-09-04,1662519,"【9/3.4出勤】【Iカップ】【北千住】爆乳と「爆裂美尻」の衝撃！理性を溶かす密着オイルから、生の熱量に溺れた至高の初回本番HR体験記！ #9/3,9/4 #東京都内",10,10,0,0.0,418
2026-09-04,1683635,"【9/5.6.9出勤】【Eカップ】【登戸/溝の口】色白スレンダー美女の「超絶NF奉仕」と、上に跨り繋がる至高のGHR体験記 #9/5,9/6,9/9",1,1,0,0.0,337
2026-09-04,1683650,【9/5出勤】【Hカップ】【浦和】NN解禁！爆乳美女への「生挿入中出し」と溢れるデカ尻に溺れる至高の体験記 #9/5 #埼玉,4,4,0,0.0,521
2026-09-04,1683630,【9/4出勤】【Fカップ】【荻窪】22歳Fカップ美女の「名器の締め付け」と爆乳密着に溺れる至高の初回GHRフィニッシュ体験記 #9/4,3,3,0,0.0,214
2026-09-04,1761550,【9/2出勤】【Gカップ】【中野】本番解禁！柏木由紀似OLと一緒に入る泡洗体に溺れる至高のGHR体験記 #9/2 #東京都内,5,5,0,0.0,86
2026-09-04,1817039,【9/8出勤】【Iカップ】【本厚木】爆乳美女と無課金本番解禁！紙パンツ脱ぎ捨てトロ顔GHR体験記 #9/8 #神奈川,11,11,0,0.0,160
2026-09-04,1663765,"【9/7.9出勤】【Hカップ】【新宿】初回中出しNN解禁！沖縄出身ギャルと生in。至高の美ボディと「密着中出し」に溺れる、新宿の禁断生挿入フィニッシュ体験記 #9/7,9/9 #東京都内",1,1,0,0.0,147
2026-09-04,1677621,【9/4出勤】【Gカップ】【浦和】禁断のモロ出し。Gカップ美女の「生乳PZ」と、吐息が重なる濃厚フィニッシュ体験記 #9/4 #埼玉,1,1,0,0.0,415
2026-09-04,1656105,"【9/4.5出勤】【Fカップ】【大宮】密着オイル攻めの果てに迎えた、衝撃の初回本番HRフィニッシュ！ #9/4,9/5 #埼玉",3,3,0,0.0,479
2026-09-04,1677604,"【9/4.5出勤】【Fカップ】【赤羽】「アニメ声」たぬき顔美女と初回本番解禁！密着マッサージに溺れる至高のGHRフィニッシュ体験記 #9/4,9/5 #埼玉",4,4,0,0.0,577
2026-09-04,1802001,"【9/4.5.6出勤】【Kカップ】【池袋】Kカップお姉さん美女のMB密着と爆乳PZフィニッシュ体験記 #9/4,9/5,9/6 #東京都内",4,4,0,0.0,81
2026-09-04,1655185,"【9/5.6.8出勤】【Gカップ】【横浜】癒し系お姉さんの「隠しきれないHカップ」に悶絶！密着オイルから搾り取られる、至高のPZ(パイズリ)フィニッシュ体験記 #9/5,9/6,9/8 #神奈川",4,4,0,0.0,646
2026-09-04,1597345,"【9/5.7出勤】【Iカップ】【品川】高身長ムチムチ聖母の「生OPI」洗礼！SKSK衣装から溢れる爆乳PZ(パイズリ)体験記 #9/5,9/7 #東京都内",8,8,0,0.0,1090
2026-09-04,1754540,"【9/4.5.8出勤】【Hカップ】【新宿】驚愕の爆乳PZ！清楚系色白スレンダー美女のゼロ距離密着と、脳がとろける至高の体験記 #9/4,9/5,9/8 #東京都内",3,3,0,0.0,143
2026-09-04,1788157,"【9/4.5出勤】【Gカップ】【吉祥寺】本番解禁！HP通り美人なムッチリ巨乳と密着69に理性が溶けるGHR体験記 #9/4,9/5",2,2,0,0.0,54
2026-09-04,1639998,【9/4出勤】【Kカップ】【銀座】揉みごたえ充分の巨乳は感度も抜群！ ふわふわおっ杯で濃厚密着PZ(パイズリ) #9/4 #東京都内,1,1,0,0.0,823
2026-09-04,1667095,"【9/4.5.6出勤】【Fカップ】【関内】初回から理性が決壊する一線越え。本格派美女の「お口で装着」と名器の締め付けに溺れた至高のGHRフィニッシュ体験記 #9/4,9/5,9/6 #神奈川",0,0,0,0.0,701
2026-09-04,1836312,【9/1出勤】【Hカップ】【柏】タヌキ顔Hカップ美女と本番解禁！ソファー密着GHR体験記 #9/1 #千葉,3,3,0,0.0,132
2026-09-04,1653899,"【9/4.6.7出勤】【Gカップ】【新宿】スレンダーな腰に「上向き巨乳」の奇跡…職場のマドンナ似との密着PZ(パイズリ) #9/4,9/6,9/7 #東京都内",0,0,0,0.0,258
2026-09-04,1802007,"【9/4.6出勤】【Fカップ】【中野】現役学生の高身長童顔美女と楽しむ至高の本番GHR体験記 #9/4,9/6 #東京都内",1,1,0,0.0,32
2026-09-04,1662507,【9/3出勤】【Gカップ】【五反田】金額交渉なしの神展開！「今日は特別だよ…♥」と囁かれ、生の温もりに溺れた至高の初回生挿入NS体験記！ #9/3 #本日出勤 #東京都内,0,0,0,0.0,464
2026-09-04,1683683,【9/6出勤】【Gカップ】【横浜】洗体アシストで悶絶。巨乳美女の「生乳PZ」と、密着バックご奉仕に溺れる至高のフィニッシュ体験記 #9/6 #神奈川,0,0,0,0.0,329
2026-09-04,1655202,【9/6出勤】【Gカップ】【横浜】初回極上PZの衝撃！初回から弾力MAXのOPIスタンプと禁断の密着洗体…NPの誘惑に搾り取られるPZフィニッシュ #9/6 #神奈川,1,1,0,0.0,507
2026-09-04,1673756,【9/5出勤】【Fカップ】【大宮】爆乳解禁！追加なしの極上PZ。至高の肉感と密着ハグに溺れるパイズリフィニッシュ体験記 #9/5 #埼玉,0,0,0,0.0,240
2026-09-04,1817029,【9/3出勤】【Fカップ】【赤坂】ツルスベ巨乳美女のSPPN全裸密着と怒涛のPZフィニッシュ体験記 #9/3 #東京都内,1,1,0,0.0,81
2026-09-04,1797240,【9/2出勤】【Iカップ】【溝の口】ぱるる系清楚アイドルと本番解禁！新人美巨乳密着に狂うGHR体験記 #9/2 #本日出勤,1,1,0,0.0,49
2026-09-04,1823574,"【9/9.10.12出勤】【Gカップ】【秋葉原】生挿入NS解禁！小顔くびれ美巨乳美女の生中出し濃厚DKS体験記 #9/9,9/10,9/12 #東京都内",1,1,0,0.0,72
2026-09-04,1663754,"【9/5.6出勤】【Gカップ】【新宿】初回から境界線を超えた超密着！JD美女と溶け合う「生感覚」の衝撃。極上本番HRフィニッシュ #9/5,9/6 #東京都内",0,0,0,0.0,152
2026-09-04,1822402,【8/31出勤】【Gカップ】【登戸】色白小顔ギャル美女と本番解禁！一緒シャワー全裸密着GHR体験記,1,1,0,0.0,26
2026-09-04,1656077,【9/6出勤】【Iカップ】【大宮】おわん型巨乳の重圧と「生」の温もり…感度抜群の地雷系美女と堕ちる、衝撃の初回本番NSフィニッシュ！ #9/6 #埼玉,0,0,0,0.0,191
2026-09-04,1656126,【9/4出勤】【Gカップ】【大宮】「ムチふわ爆乳」の誘惑…おっぱいスタンプから搾り取られる、至高のPZ(パイズリ)フィニッシュ体験記！ #9/4 #埼玉,0,0,0,0.0,165
2026-09-04,1599734,"【9/4.6.7出勤】【Gカップ】【新宿】初回で合体まで至った至福の本番HR体験記「このGカップ、本物だ…」若さ弾ける爆乳美女の神対応。 #9/4,9/6,9/7 #東京都内",0,0,0,0.0,190
2026-09-04,1601302,"【9/4.5.6出勤】【Hカップ】【恵比寿】初回から「ちゃんと着けるから、挿れてもいい？♥」淫らな聖女の逆指名。現役看護師と堕ちる、ヌルヌル密着の絶頂本番HR #9/4,9/5,9/6 #東京都内",0,0,0,0.0,890
2026-09-04,1817046,"【9/5.6出勤】【Hカップ】【武蔵小杉】生のまま中出し解禁！美形細身巨乳美女の全裸密着と生本番NNフィニッシュ体験記 #9/5,9/6 #神奈川",1,1,0,0.0,122
2026-09-04,1794515,【8/30出勤】【Jカップ】【大宮】地雷系むちむち美女本番解禁！トップレス密着に狂うGHR体験記 #埼玉,2,2,0,0.0,155
2026-09-04,1683671,"【9/4.5.6出勤】【Eカップ】【大宮】AV女優黒川すみれ似美女の「生乳PZ」と、Sっ気溢れる言葉責めに溺れる至高の体験記 #9/4,9/5,9/6 #埼玉",2,2,0,0.0,252
2026-09-04,1762946,"【9/4.5.6出勤】【Hカップ】【横浜】170cmの48Kgスーパーモデル級美人のKP剥ぎ取り密着に狂う本番GHR体験記 #9/4,9/5,9/6 #神奈川",1,1,0,0.0,123
2026-09-04,1780536,【9/3出勤】【Gカップ】【多摩】生ハメNNで絶頂！小顔グラマラス美女の超密着ヌルヌル本番と至高の体験記 #9/3,0,0,0,0.0,106
2026-09-04,1662542,【9/5出勤】【Eカップ】【横浜】至福の初回NS生本番挿入！お腹への発射で締める、最高級の「パコ姫」ホスピタリティ体験記！ #9/5 #神奈川,0,0,0,0.0,179
2026-09-04,1828751,【9/4出勤】【Fカップ】【成増】小動物系Fカップ美女と本番解禁！透け衣装密着GHR体験記 #9/4 #東京都内,0,0,0,0.0,36
2026-09-04,1788175,【9/4出勤】【Fカップ】【練馬】本番解禁！YouTuberかすちゃん似美女のおっぱい密着に狂うGHR体験記 #9/4 #東京都内,0,0,0,0.0,120
2026-09-04,1656086,"【9/4.5出勤】【Iカップ】【大宮】神スタイルと初回NSの悦楽！AI超えの美体と堕ちる「生の温もり」…2回戦連続フィニッシュ #9/4,9/5 #埼玉",0,0,0,0.0,496
2026-09-04,1656283,"【9/8.9.10出勤】【Fカップ】【調布】清楚な顔立ちに潜む、驚愕の「名器」と感度…理性が決壊する交渉の末、生の温もりに溺れた至高の初回本番HR体験記！ #9/8,9/9,9/10",0,0,0,0.0,517
2026-09-04,1836306,【9/6出勤】【Hカップ】【成田】圧倒的爆乳美女と本番解禁！全裸騎乗位密着GHR体験記 #9/6 #千葉,1,1,0,0.0,24
2026-09-04,1789466,"【9/8.9.10出勤】【Hカップ】【海老名】本番解禁！Fカップおっとり美人と生まれたて全裸密着に狂うGHR体験記 #9/8,9/9,9/10 #神奈川",0,0,0,0.0,87
2026-09-04,1653910,【8/28出勤】【Fカップ】【新宿】お風呂屋超えの濃厚PZ(パイズリ)！Fカップ美乳嬢と溺れる「寸止め地獄」と「密着DKフィニッシュ」,1,1,0,0.0,205
2026-09-04,1655143,【9/3出勤】【Fカップ】【横浜】隠れ家で堕ちる「脱衣プレイ」とNBRの誘惑…至近距離で見つめられ搾り取られる極上PZ(パイズリ)の衝撃！,1,1,0,0.0,199
2026-09-04,1656274,"【9/6.8.11出勤】【Fカップ】【登戸】溢れる巨乳Gカップの衝撃！密着オイル攻めから交渉で堕ちた、至高の「生感覚」本番GHRフィニッシュ体験記！ #9/6,9/8,9/11",0,0,0,0.0,249
2026-09-04,1668292,"【9/4.5.7出勤】【Iカップ】【新宿】爆乳解禁。清楚系アイドル美女の「生乳PZ」と、理性を奪う中出し。至高のフィニッシュ体験記 #9/4,9/5,9/7 #東京都内",1,1,0,0.0,211
2026-09-04,1710833,"【9/5.6出勤】【Fカップ】【中目黒】清楚系美女の溢れるFカップ爆乳に溺れる至高の本番GHR体験記 #9/5,9/6 #東京都内",0,0,0,0.0,241
2026-09-04,1761543,【9/3出勤】【Eカップ】【中野】本番解禁！高身長Fカップ女子大生の「数の子天井ナカ出し」とSPPN密着に溺れる至高のGHR体験記 #9/3 #東京都内,1,1,0,0.0,145
2026-09-04,1651485,"【9/8.10出勤】【Gカップ】【登戸】初回から「ねぇ、もう一回しよ♥」極上Gカップに溺れる本番NS二回転フィニッシュ #9/8,9/10",0,0,0,0.0,350
2026-09-04,1828762,"【9/7.11出勤】【Hカップ】【溝の口】天然H神乳美女のノーブラニット密着PZで絶頂！顔面胸当て体験記 #9/7,9/11 #神奈川",3,3,0,0.0,32
2026-09-04,1642194,【8/26出勤】【Fカップ】【登戸】街で二度見する爆美女と「密着シャワー」の悦楽…初回から奥地まで咥え込む濃厚Fで昇天！,0,0,0,0.0,287
2026-09-04,1823559,"【9/10.12.13出勤】【Fカップ】【秋葉原】ハーフモデル美女神乳PZで絶頂！細身Gカップ密着とスリット全開体験記 #9/10,9/12,9/13 #東京都内",0,0,0,0.0,34
2026-09-04,1780542,"【9/4.5.7出勤】【Hカップ】【新宿】神乳PZで絶頂！天然Hカップ美女の透けビキニ密着と至高のフィニッシュ体験記 #9/4,9/5,9/7 #東京都内",1,1,0,0.0,56
2026-09-04,1677586,【12/10出勤】【Gカップ】【大宮】初回本番解禁！新人美女の「初めてのin」と、重力に抗えない爆乳に溺れる。至高のGHRフィニッシュ体験記 #12/10 #埼玉,1,1,0,0.0,222
2026-09-04,1667110,"【9/4.6出勤】【Fカップ】【武蔵小杉】境界線を超えた密着。グラビア級美女の「おっとり吐息」と名器に溺れる、至高の初回本番GHRフィニッシュ体験記 #9/4,9/6 #神奈川",0,0,0,0.0,337
2026-09-04,1820244,【8/23出勤】【Fカップ】【国分寺】美くびれ巨乳美女と本番解禁！長い爪フェザー密着GHR体験記,1,1,0,0.0,85
2026-09-04,1824707,【8/30出勤】【Gカップ】【大和】白ギャル系の巨乳神乳PZで絶頂！全裸密着とロケット巨乳パイズリ体験記,2,2,0,0.0,39
2026-09-04,1828755,【9/5出勤】【Hカップ】【恵比寿】生挿入NS解禁！爆乳美女の生フェラ密着NS体験記 #9/5 #東京都内,0,0,0,0.0,42
2026-09-04,1824723,"【9/4.5.9出勤】【Hカップ】【溝の口】小柄むっちり巨乳美女の神乳PZで絶頂！トップレス密着と顔面胸スタンプ体験記 #9/4,9/5,9/9 #神奈川",1,1,0,0.0,41
2026-09-04,1771375,【9/4出勤】【Gカップ】【恵比寿】天然Gカップ美女のとZNR洗体に溺れる至高のGHR体験記 #9/4 #東京都内,1,1,0,0.0,45
2026-09-04,1823563,【9/5出勤】【Gカップ】【秋葉原】19歳ハーフ系Gカップ美女と本番解禁！騎乗位密着GHR体験記 #9/5 #東京都内,0,0,0,0.0,48
2026-09-04,1823572,【8/21出勤】【Hカップ】【秋葉原】生挿入NS解禁！色白グラマー巨乳美女と全裸密着NS体験記 #東京都内,1,1,0,0.0,28
2026-09-04,1623796,【9/6出勤】【Fカップ】【中野】「あとで脱がせる方がERいでしょ♥」Fカップ清楚系セラピストと堕ちる、濃厚DK＆背徳の初回本番NS90分 #9/6 #東京都内,0,0,0,0.0,354
2026-09-04,1762959,【9/3.4.5出勤】【Fカップ】【綱島】神乳PZで絶頂！エロ可愛いムッチリ巨乳のマイクロビキニ密着と至高のフィニッシュ体験記 #9/3 #神奈川,0,0,0,0.0,136
2026-09-04,1820272,"【9/10.13出勤】【Jカップ】【秋葉原】爆乳ゆるふわ美女の神乳PZで絶頂！MB密着と顔面埋まり体験記 #9/10,9/13 #東京都内",0,0,0,0.0,47
2026-09-04,1710842,【9/4出勤】【Gカップ】【恵比寿】ゴマキ似ギャル美女と本番解禁！スレンダー巨乳に溺れる至高のGHR体験記 #9/4 #東京都内,0,0,0,0.0,342
2026-09-04,1822419,【8/30出勤】【Jカップ】【新宿】神乳PZで絶頂！Jカップ美女MB密着と未体験の極圧パイズリ体験記,1,1,0,0.0,17
2026-09-04,1823553,"【9/4.5.6出勤】【Gカップ】【秋葉原】低身長ロリ巨乳美女と本番解禁！トップレス密着GHR体験記 #9/4,9/5,9/6 #東京都内",0,0,0,0.0,72
2026-09-04,1822409,【8/18出勤】【Fカップ】【恵比寿】神乳綺麗系お姉さんのMB密着と至高のパイズリ体験記 #東京都内,0,0,0,0.0,46
2026-09-04,1821353,【8/22出勤】【Fカップ】【渋谷】モデル級スレンダー巨乳美女と本番解禁！顔面胸乗せ密着GHR体験記 #東京都内,0,0,0,0.0,39
2026-09-04,1662532,【8/16出勤】【Hカップ】【吉祥寺】クラスの可愛い子と「恋人気分」！水袋のような弾力のHカップで搾り取られる、至高のPZ(パイズリ)フィニッシュ体験記！,0,0,0,0.0,129
2026-09-04,1821346,【8/20出勤】【Fカップ】【渋谷】神乳美女の紐MB密着と至高のパイズリ体験記 #東京都内,1,1,0,0.0,45
2026-09-04,1820251,【9/5出勤】【Hカップ】【恵比寿】巨乳大学生美女と本番解禁！MB密着GHR体験記 #9/5 #東京都内,2,2,0,0.0,72
2026-09-04,1817000,"【9/4.5.6出勤】【Eカップ】【笹塚】爆乳美女の無課金生外だしと全裸お触り密着に狂う体験記 #9/4,9/5,9/6 #東京都内",0,0,0,0.0,79
2026-09-04,1820247,【9/2出勤】【Hカップ】【新宿】グラマラス爆乳美女と本番解禁！TL密着GHR体験記 #9/2 #東京都内,2,2,0,0.0,21
2026-09-04,1708502,"【9/4.6.8出勤】【Gカップ】【新宿】本番解禁！白川理桜似のGカップ美女と「密着中出し」。理性を焼き切る至高のGHR体験記 #9/4,9/6,9/8 #東京都内",0,0,0,0.0,71
2026-09-04,1761532,"【9/6.7出勤】【Gカップ】【渋谷】本番解禁！現役女子大生のとSPPNで絡み合う至高のGHR体験記 #9/6,9/7 #東京都内",0,0,0,0.0,118
2026-09-04,1817022,【9/4出勤】【Fカップ】【新宿】池田エライザ似ハーフ美女のTL密着と至高のPZフィニッシュ体験記 #9/4 #東京都内,0,0,0,0.0,19
2026-09-04,1817043,【8/29出勤】【Jカップ】【藤沢】天然Jカップ巨乳美女がキャミ脱ぎ捨てからの本番GHR体験記,1,1,0,0.0,69
2026-09-04,1817008,【8/31出勤】【Iカップ】【新宿】神乳PZで絶頂！ハーフ系二重美女の爆乳パイズリと至高の密着体験記 #東京都内,0,0,0,0.0,28
2026-09-04,1817004,"【9/4.5.6出勤】【Gカップ】【新宿】むちむち可愛い系美女のマイクロビキニ密着と神乳PZフィニッシュ体験記 #9/4,9/5,9/6 #東京都内",0,0,0,0.0,13
2026-09-04,1663647,"【9/4.5.6出勤】【Fカップ】【新宿】新宿の現役学生と初回「生in」中出し！スレンダー美女の絶景と吐息に溺れる至高のフィニッシュ体験記！ #9/4,9/5,9/6 #東京都内",0,0,0,0.0,82
2026-09-04,1808348,【9/1出勤】【Hカップ】【秋葉原】 #9/1 #東京都内,0,0,0,0.0,37
2026-09-04,1662490,"【9/8.10.11出勤】【Lカップ】【秋葉原】視界を覆う「おっぱいスタンプ」から搾り取られるPZ(パイズリ)フィニッシュ体験記！水袋のような超軟乳の至高のPZ(パイズリ)の衝撃！ #9/8,9/10,9/11 #東京都内",0,0,0,0.0,569
2026-09-04,1806934,【8/5出勤】【Hカップ】【西麻布】本番NS解禁！長身スレンダー美女の四つん這い紙パンツちぎりに狂う体験記 #東京都内,0,0,0,0.0,27
2026-09-04,1806911,"【9/4.5.6出勤】【Eカップ】【新宿】ピンク髪スレンダー美女の丸出し密着に狂うGHR体験記 #9/4,9/5,9/6 #東京都内",0,0,0,0.0,13
2026-09-04,1806940,"【9/5.7出勤】【Hカップ】【新宿】グラマラス爆乳美女と膝上乗っかり密着に狂う本番GHR体験記 #9/5,9/7 #東京都内",0,0,0,0.0,26
2026-09-04,1771377,【9/4出勤】【Iカップ】【秋葉原】爆乳美女のおっぱいポロン密着に狂う本番GHR体験記 #9/4 #東京都内,0,0,0,0.0,92
2026-09-04,1651197,【9/6出勤】【Hカップ】【中野】「手でやらなきゃいいでしょ？」可愛い顔してPZ(パイズリ)で翻弄する小悪魔系美女 #9/6 #東京都内,0,0,0,0.0,185
2026-09-04,1667126,【9/4出勤】【Gカップ】【武蔵小杉】ニコル似Iカップ美女の初回本番「生in」。至高のNSフィニッシュ体験記 #9/4 #神奈川,0,0,0,0.0,154
2026-09-04,1802005,【8/5出勤】【Gカップ】【銀座】人生イチ綺麗なGカップ！福岡美人によるツバ垂らしPZとSPPN密着体験記 #東京都内,0,0,0,0.0,48
2026-09-04,1677614,【7/31出勤】【Fカップ】【浦和】低身長巨乳と密着。色白美肌美女の「生乳PZ」と、耳元への吐息に溺れる至高のフィニッシュ体験記,0,0,0,0.0,228
2026-09-04,1762969,【8/21出勤】【Gカップ】【横浜】神乳PZで絶頂！Gカップアイドル顔美女のマイクロビキニポロリと至高のフィニッシュ体験記 #神奈川,0,0,0,0.0,98
2026-09-04,1598368,"【9/4.5.6出勤】【Iカップ】【秋葉原】焦らしの美学に完敗！プロの脚本で堕ちる「鏡越しの背徳ANR」と至福のPZ(パイズリ)フィニッシュ #9/4,9/5,9/6 #東京都内",0,0,0,0.0,614
2026-09-04,1797226,"【9/5.6出勤】【Fカップ】【北千住】ギャル系美人の無課金GHR！紙パンツなし超密着に狂う至高の体験記 #9/5,9/6 #東京都内",1,1,0,0.0,109
2026-09-04,1797257,"【9/4.8.10出勤】【Hカップ】【恵比寿】神乳PZで絶頂！小柄可愛い巨乳美女の極上マイクロビキニ密着と至高のフィニッシュ体験記 #9/4,9/8,9/10 #東京都内",2,2,0,0.0,67
2026-09-04,1797247,【8/20出勤】【Hカップ】【三軒茶屋】天然Gカップロリ体型美女と本番！ふわふわマシュマロ密着に狂うGHR体験記,0,0,0,0.0,3
2026-09-04,1654034,【9/5出勤】【Fカップ】【武蔵小杉】有村架純似の可憐な美女と溺れる「主導権剥奪」の100分…最後は理性を超える初回本番GHRフィニッシュ！,0,0,0,0.0,216
2026-09-04,1708856,"【9/5.6出勤】【Dカップ】【麻布】清楚系美女の本番とMBからはみ出す両CKBに溺れる至高のGHR体験記 #9/5,9/6 #東京都内",0,0,0,0.0,80
2026-09-04,1642392,"【9/4.9出勤】【Gカップ】【秋葉原】甘えたがり必見!!高身長Hカプお姉さんのお◯ぱい密着天国からのPZ(パイズリ)フィニッシュ！ #9/4,9/9 #東京都内",0,0,0,0.0,261
2026-09-04,1755449,"【9/5.6出勤】【Hカップ】【五反田】伝説級の超マシュマロ巨乳PZ！漫画スタイルの爆乳に溺れる至高のフィニッシュ体験記 #9/5,9/6 #東京都内",1,1,0,0.0,220
2026-09-04,1662528,"【9/4.5出勤】【Gカップ】【新宿】金額交渉で堕ちる「生の温もり」！密着オイルから不意打ちの絶品F、そして衝撃の初回本番HRフィニッシュへ！ #9/4,9/5 #東京都内",0,0,0,0.0,60
2026-09-04,1788140,【9/5出勤】【Fカップ】【恵比寿】本番解禁！パネマジなし綺麗系美女の天然巨乳に溺れる至高のGHR体験記 #9/5 #東京都内,0,0,0,0.0,56
2026-09-04,1662554,"【9/4.6出勤】【Gカップ】【中野】高身長スレンダー×天然ロケットπ開始30分で理性が決壊！細身の体に宿る巨乳の衝撃と、禁断の初回NSフィニッシュ体験記！ #9/4,9/6 #東京都内",0,0,0,0.0,174
2026-09-04,1764682,【9/5出勤】【Gカップ】【 大宮】Gカップ美女のMBはみ出し密着と至高のPZパイズリフィニッシュ体験記 #9/5 #埼玉,2,2,0,0.0,97
2026-09-04,1678781,【7/4出勤】【Gカップ】【船橋】生乳爆乳PZ解禁。色白美肌美女と悪戯な囁きに溺れる至高のフィニッシュ体験記 #千葉,0,0,0,0.0,254
2026-09-04,1708852,【9/4出勤】【Fカップ】【麻布】NN解禁！クール系美女の「生挿入中出し」と、神スタイルに溺れる至高のフィニッシュ体験記 #9/4 #東京都内,1,1,0,0.0,80
2026-09-04,1653916,【8/30出勤】【Gカップ】【新宿】ロシア系クォーターの至高ボディ！爆揺れ巨乳に埋もれる「魔性の69」と絶品PZ(パイズリ)フィニッシュ,1,1,0,0.0,159
2026-09-04,1754547,"【9/7.8.10出勤】【Eカップ】【新宿】本番解禁！猫顔スレンダー美女の「名器中出し」と、関西弁の甘い誘惑に溺れる至高のGHR体験記 #9/7,9/8,9/10 #東京都内",1,1,0,0.0,57
2026-09-04,1650404,【9/4出勤】【Fカップ】【新宿】「特別コースですから…♥」橋本マナミ風お姉さんの透け衣装誘惑。ムチムチFカップと溶け合う初回PZ(パイズリ)による至福の夜 #9/4 #東京都内,0,0,0,0.0,135
2026-09-04,1654061,【6/26出勤】【Fカップ】【相模大野】メジャーアイドル級美女と溺れる「KPなし」の密着洗体…最後はG着用で果てる禁断の絶頂本番HR体験！,0,0,0,0.0,144
2026-09-04,1710810,"【9/4.5.6出勤】【Gカップ】【新宿】乃木坂系美女と密着本番HR。アニメ級の爆乳に溺れる、至高のGHRフィニッシュ体験記 #9/4,9/5,9/6 #東京都内",0,0,0,0.0,60
2026-09-04,1655253,"【9/5.6出勤】【Gカップ】【新宿】コスプレ級美女と堕ちる「禁断の本番」！溢れ出す爆乳おっぱいスタンプと、本番GHRの積極的な誘いに理性が溶ける至福の90分！ #9/5,9/6 #東京都内",0,0,0,0.0,56
2026-09-04,1668275,【8/26出勤】【Fカップ】【新宿】九州出身セクシー美女の「おっとり吐息」と名器に溺れる、至高の初回本番GHRフィニッシュ体験記,0,0,0,0.0,42
2026-09-04,1663737,"【9/4.8出勤】【Gカップ】【新宿】本番解禁！福原遥似の美少女とGHR。お椀型巨乳とヌルヌル密着オイルに溺れる至高のフィニッシュ体験記 #9/4,9/8 #東京都内",0,0,0,0.0,47
2026-09-04,1657099,都内出勤カレンダー,0,0,0,0.0,448
2026-09-04,1657105,埼玉県(大宮)出勤カレンダー,0,0,0,0.0,193
2026-09-04,1657104,横浜周辺出勤カレンダー,0,0,0,0.0,161
2026-09-04,1657101,多摩(吉祥寺)周辺カレンダー,0,0,0,0.0,154
2026-09-04,1648133,【4/3.5出勤】【Gカップ】【田町】【PZ】20歳のふわっふわH乳によるグラインドPZ(パイズリ)でSKR #東京都内,0,0,0,0.0,97
2026-09-05,1598368,"【9/5.6出勤】【Iカップ】【秋葉原】焦らしの美学に完敗！プロの脚本で堕ちる「鏡越しの背徳ANR」と至福のPZ(パイズリ)フィニッシュ #9/5,9/6 #東京都内",0,0,0,0.0,628
2026-09-05,1667110,【9/6出勤】【Fカップ】【武蔵小杉】境界線を超えた密着。グラビア級美女の「おっとり吐息」と名器に溺れる、至高の初回本番GHRフィニッシュ体験記 #9/6 #神奈川,0,0,0,0.0,339
2026-09-05,1656086,"【9/5.8.9出勤】【Iカップ】【大宮】神スタイルと初回NSの悦楽！AI超えの美体と堕ちる「生の温もり」…2回戦連続フィニッシュ #9/5,9/8,9/9 #埼玉",2,2,0,0.0,503
2026-09-05,1788175,【9/4出勤】【Fカップ】【練馬】本番解禁！YouTuberかすちゃん似美女のおっぱい密着に狂うGHR体験記 #9/4 #東京都内,2,2,0,0.0,124
2026-09-05,1762946,"【9/5.6出勤】【Hカップ】【横浜】170cmの48Kgスーパーモデル級美人のKP剥ぎ取り密着に狂う本番GHR体験記 #9/5,9/6 #神奈川",1,1,0,0.0,129
2026-09-05,1601302,"【9/5.6出勤】【Hカップ】【恵比寿】初回から「ちゃんと着けるから、挿れてもいい？♥」淫らな聖女の逆指名。現役看護師と堕ちる、ヌルヌル密着の絶頂本番HR #9/5,9/6 #東京都内",4,4,0,0.0,906
2026-09-05,1653899,"【9/6.7.8出勤】【Gカップ】【新宿】スレンダーな腰に「上向き巨乳」の奇跡…職場のマドンナ似との密着PZ(パイズリ) #9/6,9/7,9/8 #東京都内",1,1,0,0.0,261
2026-09-05,1639998,【9/8出勤】【Kカップ】【銀座】揉みごたえ充分の巨乳は感度も抜群！ ふわふわおっ杯で濃厚密着PZ(パイズリ) #9/8 #東京都内,0,0,0,0.0,832
2026-09-05,1788157,【9/5出勤】【Gカップ】【吉祥寺】本番解禁！HP通り美人なムッチリ巨乳と密着69に理性が溶けるGHR体験記 #9/5,1,1,0,0.0,56
2026-09-05,1754540,"【9/5.8.9出勤】【Hカップ】【新宿】驚愕の爆乳PZ！清楚系色白スレンダー美女のゼロ距離密着と、脳がとろける至高の体験記 #9/5,9/8,9/9 #東京都内",2,2,0,0.0,146
2026-09-05,1802001,"【9/5.6出勤】【Kカップ】【池袋】Kカップお姉さん美女のMB密着と爆乳PZフィニッシュ体験記 #9/5,9/6 #東京都内",3,3,0,0.0,83
2026-09-05,1677604,"【9/5.7.8出勤】【Fカップ】【赤羽】「アニメ声」たぬき顔美女と初回本番解禁！密着マッサージに溺れる至高のGHRフィニッシュ体験記 #9/5,9/7,9/8 #埼玉",2,2,0,0.0,581
2026-09-05,1656105,"【9/5.7.8出勤】【Fカップ】【大宮】密着オイル攻めの果てに迎えた、衝撃の初回本番HRフィニッシュ！ #9/5,9/7,9/8 #埼玉",0,0,0,0.0,482
2026-09-05,1683630,【9/4出勤】【Fカップ】【荻窪】22歳Fカップ美女の「名器の締め付け」と爆乳密着に溺れる至高の初回GHRフィニッシュ体験記 #9/4,0,0,0,0.0,217
2026-09-05,1662519,【9/4出勤】【Iカップ】【北千住】爆乳と「爆裂美尻」の衝撃！理性を溶かす密着オイルから、生の熱量に溺れた至高の初回本番HR体験記！ #9/4 #東京都内,4,4,0,0.0,423
2026-09-05,1836299,【9/4出勤】【Gカップ】【船橋】生のまま中出しNN解禁！華奢細身Gカップ美女の全裸密着と生本番フィニッシュ体験記 #9/4 #千葉,8,8,0,0.0,54
2026-09-05,1653925,"【9/5.7.8出勤】【Fカップ】【新宿】初回から現役JDと濃厚DK＆生本番級GHR！スベスベ美肌の妹系美女と溺れる超密着PZの衝撃！#本日出勤 #9/5,9/7,9/8 #東京都内",1,1,0,0.0,374
2026-09-05,1798245,【9/5出勤】【Iカップ】【南流山/流山おおたかの森】爆乳JD美女と本番解禁！オイルパイ挟みに狂うGHR体験記 #9/5 #千葉,6,6,0,0.0,198
2026-09-05,1798265,"【9/5.7.9出勤】【Hカップ】【流山おおたかの森】極上神乳PZで絶頂！過去一柔らかい天然Hカップ美女の超密着パイズリ体験記 #9/5,9/7,9/9 #千葉",21,21,0,0.0,266
2026-09-05,1710821,"【9/5.6出勤】【Gカップ】【新宿】元グラドルのH超え爆乳と「２回戦本番HR」に壊される、支配的な至高の体験記 #9/5,9/6 #東京都内",5,5,0,0.0,432
2026-09-05,1656212,"【9/5.6出勤】【Jカップ】【吉祥寺】視界を塞ぐ爆乳の壁！ソファーでの密着ハグから搾り取られる、至高のPZ(パイズリ)フィニッシュ体験記！ #9/5,9/6",3,3,0,0.0,576
2026-09-05,1798255,"【9/5.6.11出勤】【Gカップ】【津田沼】むちむちボブ美女AN密着に狂う本番GHR体験記 #9/5,9/6,9/11 #千葉",4,4,0,0.0,233
2026-09-05,1656219,【9/6出勤】【Fカップ】【吉祥寺】初回から濃厚PZ(パイズリ)から搾り取られる、至高の本番HRフィニッシュ！Gカップに溺れる「密着ソファー」の誘惑 #9/6,0,0,0,0.0,479
2026-09-05,1780559,"【9/5.6.7出勤】【Fカップ】【池袋】生ハメNNで絶頂！リアルアイドル顔美女の超濃厚ヌルヌル密着と至高のNN体験記 #9/5,9/6,9/7 #東京都内",5,5,0,0.0,196
2026-09-05,1817054,【9/6出勤】【Fカップ】【武蔵小杉】本番解禁！たぬき顔美女の盛MN密着GHR体験記 #9/6 #神奈川,3,3,0,0.0,80
2026-09-05,1656071,"【9/5.6出勤】【Dカップ】【大宮】パフィーニップルの誘惑とSPPN密着！理性が吹き飛ぶ「NS生挿入」フィニッシュ体験記！ #9/5,9/6 #埼玉",7,7,0,0.0,441
2026-09-05,1640011,"【9/5.7.8出勤】【Gカップ】【池袋】池田エライザ似の爆乳美女と初回から「禁断の中出しNN合体」！深夜枠で溺れた、むっちりマシュマロボディの誘惑 #9/5,9/7,9/8 #東京都内",3,3,0,0.0,525
2026-09-05,1664794,【9/4出勤】【Gカップ】【横浜】初回から理性が決壊する一線越え。Gカップ美女の吐息と「名器の締め付け」に溺れた至高のGHRフィニッシュ体験記 #9/4 #神奈川,5,5,0,0.0,212
2026-09-05,1663730,"【9/5.7.9出勤】【Gカップ】【新宿】現役AV女優と禁断の初回本番GHR！熟練タイ古式と爆乳に搾り取られる、新宿の至高フィニッシュ体験記！ #9/5,9/7,9/9 #東京都内",1,1,0,0.0,144
2026-09-05,1668882,"【9/8.10出勤】【Gカップ】【錦糸町】初回本番解禁！ムチムチ美女の「名器の締め付け」と、MBから溢れる巨乳に溺れる。至高のGHRフィニッシュ体験記 #9/8,9/10 #東京都内",10,10,0,0.0,564
2026-09-05,1754553,"【9/5.7.8出勤】【Hカップ】【登戸】神乳PZで絶頂！細身巨乳美女の「 naked密着」と、鏡越しprprに溺れる至高のフィニッシュ体験記 #9/5,9/7,9/8",3,3,0,0.0,188
2026-09-05,1656054,【9/9出勤】【Jカップ】【大宮】初回から至高の本番NS生挿入！視界を覆う爆乳スタンプ…合意の上で堕ちた締まりに悶絶体験記,4,4,0,0.0,678
2026-09-05,1656118,【9/5出勤】【Gカップ】【大宮】初回から巨乳MBのPZ多幸感！密着オイルで理性を溶かし、巨大な肉圧で搾り取られる至高の快楽 #9/5 #埼玉,6,6,0,0.0,252
2026-09-05,1655259,"【9/7.9出勤】【Eカップ】【新宿】至高のPZで悶絶！柔らか巨乳の密着スタンプと「もう1回できる？」と囁かれる悦楽 #9/7,9/9 #東京都内",0,0,0,0.0,176
2026-09-05,1754531,"【9/6.7.8出勤】【Gカップ】【赤坂】驚愕の神乳PZ！林ゆめ似の超絶スレンダー巨乳と、ゼロ距離密着に理性が溶ける体験記 #9/6,9/7,9/8 #東京都内",4,4,0,0.0,362
2026-09-05,1762949,【9/3出勤出勤】【Gカップ】【本厚木】HP通り可愛い美女のと一緒に入る泡洗体に溺れる至高の本番GHR体験記,11,11,0,0.0,416
2026-09-05,1623774,【9/5出勤】【Jカップ】【池袋】「時間があるなら2回でもいいよ♥」初回からJカップ爆乳美女の神対応。無料パイズリPZの快感に溺れた、高身長元キャバ嬢との夜 #9/5 #東京都内,5,5,0,0.0,1050
2026-09-05,1761541,【9/3出勤】【Gカップ】【品川】驚愕の神乳PZ！清楚系お姉さんの「naked密着」と、ゼロ距離奉仕に理性が溶ける体験記 #東京都内,2,2,0,0.0,204
2026-09-05,1667106,【9/6出勤】【Fカップ】【厚木】初回で理性が決壊。有村架純似Fカップ美女の吐息と「ツルツル秘部」に溺れた至高の本番GHRフィニッシュ体験記 #9/6 #神奈川,4,4,0,0.0,393
2026-09-05,1639983,【9/6出勤】【Gカップ】【中野】初回から巨乳ギャルのフルスロットルの寛容度。生Fからの「最後どうする？」で本番GHR。 #9/6 #東京都内,4,4,0,0.0,591
2026-09-05,1683635,"【9/5.6.9出勤】【Eカップ】【登戸/溝の口】色白スレンダー美女の「超絶NF奉仕」と、上に跨り繋がる至高のGHR体験記 #9/5,9/6,9/9",4,4,0,0.0,339
2026-09-05,1683650,【9/5出勤】【Hカップ】【浦和】NN解禁！爆乳美女への「生挿入中出し」と溢れるデカ尻に溺れる至高の体験記 #9/5 #埼玉,8,8,0,0.0,523
2026-09-05,1761550,"【9/12.13出勤】【Gカップ】【中野】本番解禁！柏木由紀似OLと一緒に入る泡洗体に溺れる至高のGHR体験記 #9/12,9/13 #東京都内",0,0,0,0.0,86
2026-09-05,1817039,【9/8出勤】【Iカップ】【本厚木】爆乳美女と無課金本番解禁！紙パンツ脱ぎ捨てトロ顔GHR体験記,2,2,0,0.0,166
2026-09-05,1663765,"【9/5.7.9出勤】【Hカップ】【新宿】初回中出しNN解禁！沖縄出身ギャルと生in。至高の美ボディと「密着中出し」に溺れる、新宿の禁断生挿入フィニッシュ体験記 #9/5,9/7,9/9 #東京都内",1,1,0,0.0,147
2026-09-05,1677621,"【9/7.8.10出勤】【Gカップ】【浦和】禁断のモロ出し。Gカップ美女の「生乳PZ」と、吐息が重なる濃厚フィニッシュ体験記 #9/7,9/8,9/10 #埼玉",0,0,0,0.0,415
2026-09-05,1655185,"【9/5.6.8出勤】【Gカップ】【横浜】癒し系お姉さんの「隠しきれないHカップ」に悶絶！密着オイルから搾り取られる、至高のPZ(パイズリ)フィニッシュ体験記 #9/5,9/6,9/8 #神奈川",1,1,0,0.0,646
2026-09-05,1597345,"【9/5.7.8出勤】【Iカップ】【品川】高身長ムチムチ聖母の「生OPI」洗礼！SKSK衣装から溢れる爆乳PZ(パイズリ)体験記 #9/5,9/7,9/8 #東京都内",2,2,0,0.0,1093
2026-09-05,1667095,"【9/5.6出勤】【Fカップ】【関内】初回から理性が決壊する一線越え。本格派美女の「お口で装着」と名器の締め付けに溺れた至高のGHRフィニッシュ体験記 #9/5,9/6 #神奈川",2,2,0,0.0,701
2026-09-05,1836312,【9/1出勤】【Hカップ】【柏】タヌキ顔Hカップ美女と本番解禁！ソファー密着GHR体験記,3,3,0,0.0,134
2026-09-05,1802007,【9/6出勤】【Fカップ】【中野】現役学生の高身長童顔美女と楽しむ至高の本番GHR体験記 #9/6 #東京都内,0,0,0,0.0,32
2026-09-05,1662507,【9/3出勤】【Gカップ】【五反田】金額交渉なしの神展開！「今日は特別だよ…♥」と囁かれ、生の温もりに溺れた至高の初回生挿入NS体験記！ #9/3 #本日出勤 #東京都内,0,0,0,0.0,464
2026-09-05,1683683,【9/6出勤】【Gカップ】【横浜】洗体アシストで悶絶。巨乳美女の「生乳PZ」と、密着バックご奉仕に溺れる至高のフィニッシュ体験記,0,0,0,0.0,330
2026-09-05,1655202,【9/6出勤】【Gカップ】【横浜】初回極上PZの衝撃！初回から弾力MAXのOPIスタンプと禁断の密着洗体…NPの誘惑に搾り取られるPZフィニッシュ,1,1,0,0.0,508
2026-09-05,1673756,"【9/5.8.9出勤】【Fカップ】【大宮】爆乳解禁！追加なしの極上PZ。至高の肉感と密着ハグに溺れるパイズリフィニッシュ体験記 #9/5,9/8,9/9 #埼玉",1,1,0,0.0,240
2026-09-05,1817029,【9/3出勤】【Fカップ】【赤坂】ツルスベ巨乳美女のSPPN全裸密着と怒涛のPZフィニッシュ体験記,0,0,0,0.0,81
2026-09-05,1797240,【9/5出勤】【Iカップ】【溝の口】ぱるる系清楚アイドルと本番解禁！新人美巨乳密着に狂うGHR体験記 #9/5,0,0,0,0.0,49
2026-09-05,1823574,"【9/9.10.12出勤】【Gカップ】【秋葉原】生挿入NS解禁！小顔くびれ美巨乳美女の生中出し濃厚DKS体験記 #9/9,9/10,9/12 #東京都内",0,0,0,0.0,72
2026-09-05,1663754,"【9/5.6.10出勤】【Gカップ】【新宿】初回から境界線を超えた超密着！JD美女と溶け合う「生感覚」の衝撃。極上本番HRフィニッシュ #9/5,9/6,9/10 #東京都内",0,0,0,0.0,153
2026-09-05,1822402,【8/31出勤】【Gカップ】【登戸】色白小顔ギャル美女と本番解禁！一緒シャワー全裸密着GHR体験記,1,1,0,0.0,26
2026-09-05,1656077,【9/6出勤】【Iカップ】【大宮】おわん型巨乳の重圧と「生」の温もり…感度抜群の地雷系美女と堕ちる、衝撃の初回本番NSフィニッシュ！ #9/6 #埼玉,0,0,0,0.0,191
2026-09-05,1656126,【9/7出勤】【Gカップ】【大宮】「ムチふわ爆乳」の誘惑…おっぱいスタンプから搾り取られる、至高のPZ(パイズリ)フィニッシュ体験記！ #9/7 #埼玉,0,0,0,0.0,167
2026-09-05,1599734,"【9/6.7.9出勤】【Gカップ】【新宿】初回で合体まで至った至福の本番HR体験記「このGカップ、本物だ…」若さ弾ける爆乳美女の神対応。 #9/6,9/7,9/9 #東京都内",1,1,0,0.0,190
2026-09-05,1817046,"【9/5.6出勤】【Hカップ】【武蔵小杉】生のまま中出し解禁！美形細身巨乳美女の全裸密着と生本番NNフィニッシュ体験記 #9/5,9/6 #神奈川",1,1,0,0.0,122
2026-09-05,1794515,【8/30出勤】【Jカップ】【大宮】地雷系むちむち美女本番解禁！トップレス密着に狂うGHR体験記 #埼玉,1,1,0,0.0,156
2026-09-05,1683671,"【9/5.6.10出勤】【Eカップ】【大宮】AV女優黒川すみれ似美女の「生乳PZ」と、Sっ気溢れる言葉責めに溺れる至高の体験記 #9/5,9/6,9/10 #埼玉",1,1,0,0.0,252
2026-09-05,1780536,"【9/7.8出勤】【Gカップ】【多摩】生ハメNNで絶頂！小顔グラマラス美女の超密着ヌルヌル本番と至高の体験記 #9/7,9/8",1,1,0,0.0,106
2026-09-05,1662542,【9/5出勤】【Eカップ】【横浜】至福の初回NS生本番挿入！お腹への発射で締める、最高級の「パコ姫」ホスピタリティ体験記！ #9/5 #神奈川,1,1,0,0.0,182
2026-09-05,1828751,【9/4出勤】【Fカップ】【成増】小動物系Fカップ美女と本番解禁！透け衣装密着GHR体験記 #9/4 #東京都内,2,2,0,0.0,36
2026-09-05,1656283,"【9/8.9.10出勤】【Fカップ】【調布】清楚な顔立ちに潜む、驚愕の「名器」と感度…理性が決壊する交渉の末、生の温もりに溺れた至高の初回本番HR体験記！ #9/8,9/9,9/10",0,0,0,0.0,517
2026-09-05,1836306,【9/6出勤】【Hカップ】【成田】圧倒的爆乳美女と本番解禁！全裸騎乗位密着GHR体験記 #9/6 #千葉,3,3,0,0.0,25
2026-09-05,1789466,"【9/8.9.10出勤】【Hカップ】【海老名】本番解禁！Fカップおっとり美人と生まれたて全裸密着に狂うGHR体験記 #9/8,9/9,9/10 #神奈川",1,1,0,0.0,87
2026-09-05,1653910,【9/10出勤】【Fカップ】【新宿】お風呂屋超えの濃厚PZ(パイズリ)！Fカップ美乳嬢と溺れる「寸止め地獄」と「密着DKフィニッシュ」 #9/10 #東京都内,0,0,0,0.0,206
2026-09-05,1655143,【9/3出勤】【Fカップ】【横浜】隠れ家で堕ちる「脱衣プレイ」とNBRの誘惑…至近距離で見つめられ搾り取られる極上PZ(パイズリ)の衝撃！,0,0,0,0.0,199
2026-09-05,1656274,"【9/6.8.11出勤】【Fカップ】【登戸】溢れる巨乳Gカップの衝撃！密着オイル攻めから交渉で堕ちた、至高の「生感覚」本番GHRフィニッシュ体験記！ #9/6,9/8,9/11",0,0,0,0.0,249
2026-09-05,1668292,"【9/5.7.8出勤】【Iカップ】【新宿】爆乳解禁。清楚系アイドル美女の「生乳PZ」と、理性を奪う中出し。至高のフィニッシュ体験記 #9/5,9/7,9/8 #東京都内",1,1,0,0.0,212
2026-09-05,1710833,"【9/6.11出勤】【Fカップ】【中目黒】清楚系美女の溢れるFカップ爆乳に溺れる至高の本番GHR体験記 #9/6,9/11 #東京都内",0,0,0,0.0,241
2026-09-05,1761543,【9/3出勤】【Eカップ】【中野】本番解禁！高身長Fカップ女子大生の「数の子天井ナカ出し」とSPPN密着に溺れる至高のGHR体験記,0,0,0,0.0,145
2026-09-05,1651485,【9/8.10出勤】【Gカップ】【登戸】初回から「ねぇ、もう一回しよ♥」極上Gカップに溺れる本番NS二回転フィニッシュ,0,0,0,0.0,350
2026-09-05,1828762,"【9/7.11出勤】【Hカップ】【溝の口】天然H神乳美女のノーブラニット密着PZで絶頂！顔面胸当て体験記 #9/7,9/11 #神奈川",2,2,0,0.0,33
2026-09-05,1642194,【8/26出勤】【Fカップ】【登戸】街で二度見する爆美女と「密着シャワー」の悦楽…初回から奥地まで咥え込む濃厚Fで昇天！,0,0,0,0.0,287
2026-09-05,1823559,"【9/10.12.13出勤】【Fカップ】【秋葉原】ハーフモデル美女神乳PZで絶頂！細身Gカップ密着とスリット全開体験記 #9/10,9/12,9/13 #東京都内",0,0,0,0.0,35
2026-09-05,1780542,"【9/5.7.8出勤】【Hカップ】【新宿】神乳PZで絶頂！天然Hカップ美女の透けビキニ密着と至高のフィニッシュ体験記 #9/5,9/7,9/8 #東京都内",1,1,0,0.0,57
2026-09-05,1677586,"【9/7.10出勤】【Gカップ】【大宮】初回本番解禁！新人美女の「初めてのin」と、重力に抗えない爆乳に溺れる。至高のGHRフィニッシュ体験記 #9/7,9/10 #埼玉",0,0,0,0.0,222
2026-09-05,1820244,【8/23出勤】【Fカップ】【国分寺】美くびれ巨乳美女と本番解禁！長い爪フェザー密着GHR体験記,0,0,0,0.0,86
2026-09-05,1824707,【8/30出勤】【Gカップ】【大和】白ギャル系の巨乳神乳PZで絶頂！全裸密着とロケット巨乳パイズリ体験記,1,1,0,0.0,39
2026-09-05,1828755,【9/5出勤】【Hカップ】【恵比寿】生挿入NS解禁！爆乳美女の生フェラ密着NS体験記 #9/5 #東京都内,1,1,0,0.0,43
2026-09-05,1824723,"【9/5.9.10出勤】【Hカップ】【溝の口】小柄むっちり巨乳美女の神乳PZで絶頂！トップレス密着と顔面胸スタンプ体験記 #9/5,9/9,9/10 #神奈川",0,0,0,0.0,41
2026-09-05,1771375,【9/4出勤】【Gカップ】【恵比寿】天然Gカップ美女のとZNR洗体に溺れる至高のGHR体験記 #9/4 #東京都内,1,1,0,0.0,46
2026-09-05,1823563,【9/5出勤】【Gカップ】【秋葉原】19歳ハーフ系Gカップ美女と本番解禁！騎乗位密着GHR体験記 #9/5 #東京都内,0,0,0,0.0,48
2026-09-05,1823572,【8/21出勤】【Hカップ】【秋葉原】生挿入NS解禁！色白グラマー巨乳美女と全裸密着NS体験記 #東京都内,0,0,0,0.0,28
2026-09-05,1623796,【9/6出勤】【Fカップ】【中野】「あとで脱がせる方がERいでしょ♥」Fカップ清楚系セラピストと堕ちる、濃厚DK＆背徳の初回本番NS90分 #9/6 #東京都内,0,0,0,0.0,356
2026-09-05,1762959,"【9/5.6出勤】【Fカップ】【綱島】神乳PZで絶頂！エロ可愛いムッチリ巨乳のマイクロビキニ密着と至高のフィニッシュ体験記 #9/5,9/6 #神奈川",0,0,0,0.0,138
2026-09-05,1820272,"【9/10.13出勤】【Jカップ】【秋葉原】爆乳ゆるふわ美女の神乳PZで絶頂！MB密着と顔面埋まり体験記 #9/10,9/13 #東京都内",1,1,0,0.0,47
2026-09-05,1710842,"【9/8.11出勤】【Gカップ】【恵比寿】ゴマキ似ギャル美女と本番解禁！スレンダー巨乳に溺れる至高のGHR体験記 #9/8,9/11 #東京都内",1,1,0,0.0,342
2026-09-05,1822419,【8/30出勤】【Jカップ】【新宿】神乳PZで絶頂！Jカップ美女MB密着と未体験の極圧パイズリ体験記,0,0,0,0.0,17
2026-09-05,1823553,"【9/5.6出勤】【Gカップ】【秋葉原】低身長ロリ巨乳美女と本番解禁！トップレス密着GHR体験記 #9/5,9/6 #東京都内",0,0,0,0.0,72
2026-09-05,1822409,【8/18出勤】【Fカップ】【恵比寿】神乳綺麗系お姉さんのMB密着と至高のパイズリ体験記 #東京都内,0,0,0,0.0,46
2026-09-05,1821353,【8/22出勤】【Fカップ】【渋谷】モデル級スレンダー巨乳美女と本番解禁！顔面胸乗せ密着GHR体験記 #東京都内,0,0,0,0.0,39
2026-09-05,1662532,【8/16出勤】【Hカップ】【吉祥寺】クラスの可愛い子と「恋人気分」！水袋のような弾力のHカップで搾り取られる、至高のPZ(パイズリ)フィニッシュ体験記！,0,0,0,0.0,129
2026-09-05,1821346,【8/20出勤】【Fカップ】【渋谷】神乳美女の紐MB密着と至高のパイズリ体験記 #東京都内,0,0,0,0.0,45
2026-09-05,1820251,【9/5出勤】【Hカップ】【恵比寿】巨乳大学生美女と本番解禁！MB密着GHR体験記 #9/5 #東京都内,0,0,0,0.0,73
2026-09-05,1817000,"【9/5.6.7出勤】【Eカップ】【笹塚】爆乳美女の無課金生外だしと全裸お触り密着に狂う体験記 #9/5,9/6,9/7 #東京都内",1,1,0,0.0,81
2026-09-05,1820247,【9/2出勤】【Hカップ】【新宿】グラマラス爆乳美女と本番解禁！TL密着GHR体験記 #東京都内,0,0,0,0.0,21
2026-09-05,1708502,"【9/6.8.9出勤】【Gカップ】【新宿】本番解禁！白川理桜似のGカップ美女と「密着中出し」。理性を焼き切る至高のGHR体験記 #9/6,9/8,9/9 #東京都内",0,0,0,0.0,71
2026-09-05,1761532,"【9/6.7出勤】【Gカップ】【渋谷】本番解禁！現役女子大生のとSPPNで絡み合う至高のGHR体験記 #9/6,9/7 #東京都内",1,1,0,0.0,118
2026-09-05,1817022,"【9/8.9.12出勤】【Fカップ】【新宿】池田エライザ似ハーフ美女のTL密着と至高のPZフィニッシュ体験記 #9/8,9/9,9/12 #東京都内",1,1,0,0.0,19
2026-09-05,1817043,【9/6出勤】【Jカップ】【藤沢】天然Jカップ巨乳美女がキャミ脱ぎ捨てからの本番GHR体験記 #9/6 #神奈川,0,0,0,0.0,69
2026-09-05,1817008,【8/31出勤】【Iカップ】【新宿】神乳PZで絶頂！ハーフ系二重美女の爆乳パイズリと至高の密着体験記 #東京都内,0,0,0,0.0,28
2026-09-05,1817004,【9/6出勤】【Gカップ】【新宿】むちむち可愛い系美女のマイクロビキニ密着と神乳PZフィニッシュ体験記 #9/6 #東京都内,0,0,0,0.0,13
2026-09-05,1663647,"【9/5.6出勤】【Fカップ】【新宿】新宿の現役学生と初回「生in」中出し！スレンダー美女の絶景と吐息に溺れる至高のフィニッシュ体験記！ #9/5,9/6 #東京都内",0,0,0,0.0,82
2026-09-05,1808348,【9/1出勤】【Hカップ】【秋葉原】,0,0,0,0.0,37
2026-09-05,1662490,"【9/8.10.11出勤】【Lカップ】【秋葉原】視界を覆う「おっぱいスタンプ」から搾り取られるPZ(パイズリ)フィニッシュ体験記！水袋のような超軟乳の至高のPZ(パイズリ)の衝撃！ #9/8,9/10,9/11 #東京都内",1,1,0,0.0,572
2026-09-05,1806934,【8/5出勤】【Hカップ】【西麻布】本番NS解禁！長身スレンダー美女の四つん這い紙パンツちぎりに狂う体験記 #東京都内,0,0,0,0.0,28
2026-09-05,1806911,"【9/5.6.7出勤】【Eカップ】【新宿】ピンク髪スレンダー美女の丸出し密着に狂うGHR体験記 #9/5,9/6,9/7 #東京都内",0,0,0,0.0,14
2026-09-05,1806940,"【9/5.7出勤】【Hカップ】【新宿】グラマラス爆乳美女と膝上乗っかり密着に狂う本番GHR体験記 #9/5,9/7 #東京都内",0,0,0,0.0,26
2026-09-05,1771377,【9/4出勤】【Iカップ】【秋葉原】爆乳美女のおっぱいポロン密着に狂う本番GHR体験記 #9/4 #東京都内,1,1,0,0.0,92
2026-09-05,1651197,【9/6出勤】【Hカップ】【中野】「手でやらなきゃいいでしょ？」可愛い顔してPZ(パイズリ)で翻弄する小悪魔系美女 #9/6 #東京都内,0,0,0,0.0,185
2026-09-05,1667126,【9/4出勤】【Gカップ】【武蔵小杉】ニコル似Iカップ美女の初回本番「生in」。至高のNSフィニッシュ体験記 #9/4 #神奈川,3,3,0,0.0,154
2026-09-05,1802005,【8/5出勤】【Gカップ】【銀座】人生イチ綺麗なGカップ！福岡美人によるツバ垂らしPZとSPPN密着体験記 #東京都内,0,0,0,0.0,48
2026-09-05,1677614,【7/31出勤】【Fカップ】【浦和】低身長巨乳と密着。色白美肌美女の「生乳PZ」と、耳元への吐息に溺れる至高のフィニッシュ体験記,0,0,0,0.0,228
2026-09-05,1762969,【8/21出勤】【Gカップ】【横浜】神乳PZで絶頂！Gカップアイドル顔美女のマイクロビキニポロリと至高のフィニッシュ体験記 #神奈川,0,0,0,0.0,98
2026-09-05,1797226,"【9/5.6出勤】【Fカップ】【北千住】ギャル系美人の無課金GHR！紙パンツなし超密着に狂う至高の体験記 #9/5,9/6 #東京都内",2,2,0,0.0,109
2026-09-05,1797257,"【9/8.10.11出勤】【Hカップ】【恵比寿】神乳PZで絶頂！小柄可愛い巨乳美女の極上マイクロビキニ密着と至高のフィニッシュ体験記 #9/8,9/10,9/11 #東京都内",2,2,0,0.0,69
2026-09-05,1797247,【8/20出勤】【Hカップ】【三軒茶屋】天然Gカップロリ体型美女と本番！ふわふわマシュマロ密着に狂うGHR体験記,0,0,0,0.0,3
2026-09-05,1654034,【9/5出勤】【Fカップ】【武蔵小杉】有村架純似の可憐な美女と溺れる「主導権剥奪」の100分…最後は理性を超える初回本番GHRフィニッシュ！,0,0,0,0.0,216
2026-09-05,1708856,"【9/5.6出勤】【Dカップ】【麻布】清楚系美女の本番とMBからはみ出す両CKBに溺れる至高のGHR体験記 #9/5,9/6 #東京都内",0,0,0,0.0,80
2026-09-05,1642392,【9/9出勤】【Gカップ】【秋葉原】甘えたがり必見!!高身長Hカプお姉さんのお◯ぱい密着天国からのPZ(パイズリ)フィニッシュ！ #9/9 #東京都内,0,0,0,0.0,262
2026-09-05,1755449,"【9/5.6出勤】【Hカップ】【五反田】伝説級の超マシュマロ巨乳PZ！漫画スタイルの爆乳に溺れる至高のフィニッシュ体験記 #9/5,9/6 #東京都内",0,0,0,0.0,220
2026-09-05,1662528,【9/5出勤】【Gカップ】【新宿】金額交渉で堕ちる「生の温もり」！密着オイルから不意打ちの絶品F、そして衝撃の初回本番HRフィニッシュへ！ #9/5 #東京都内,0,0,0,0.0,60
2026-09-05,1788140,"【9/5.10出勤】【Fカップ】【恵比寿】本番解禁！パネマジなし綺麗系美女の天然巨乳に溺れる至高のGHR体験記 #9/5,9/10 #東京都内",0,0,0,0.0,56
2026-09-05,1662554,【9/6出勤】【Gカップ】【中野】高身長スレンダー×天然ロケットπ開始30分で理性が決壊！細身の体に宿る巨乳の衝撃と、禁断の初回NSフィニッシュ体験記！ #9/6 #東京都内,1,1,0,0.0,174
2026-09-05,1764682,【9/5出勤】【Gカップ】【 大宮】Gカップ美女のMBはみ出し密着と至高のPZパイズリフィニッシュ体験記 #9/5 #埼玉,2,2,0,0.0,98
2026-09-05,1678781,【7/4出勤】【Gカップ】【船橋】生乳爆乳PZ解禁。色白美肌美女と悪戯な囁きに溺れる至高のフィニッシュ体験記 #千葉,0,0,0,0.0,254
2026-09-05,1708852,【9/4出勤】【Fカップ】【麻布】NN解禁！クール系美女の「生挿入中出し」と、神スタイルに溺れる至高のフィニッシュ体験記 #9/4 #東京都内,0,0,0,0.0,80
2026-09-05,1653916,【8/30出勤】【Gカップ】【新宿】ロシア系クォーターの至高ボディ！爆揺れ巨乳に埋もれる「魔性の69」と絶品PZ(パイズリ)フィニッシュ,0,0,0,0.0,159
2026-09-05,1754547,"【9/7.8.10出勤】【Eカップ】【新宿】本番解禁！猫顔スレンダー美女の「名器中出し」と、関西弁の甘い誘惑に溺れる至高のGHR体験記 #9/7,9/8,9/10 #東京都内",1,1,0,0.0,57
2026-09-05,1650404,【9/11出勤】【Fカップ】【新宿】「特別コースですから…♥」橋本マナミ風お姉さんの透け衣装誘惑。ムチムチFカップと溶け合う初回PZ(パイズリ)による至福の夜 #9/11 #東京都内,0,0,0,0.0,135
2026-09-05,1654061,【6/26出勤】【Fカップ】【相模大野】メジャーアイドル級美女と溺れる「KPなし」の密着洗体…最後はG着用で果てる禁断の絶頂本番HR体験！,0,0,0,0.0,145
2026-09-05,1710810,"【9/5.6.7出勤】【Gカップ】【新宿】乃木坂系美女と密着本番HR。アニメ級の爆乳に溺れる、至高のGHRフィニッシュ体験記 #9/5,9/6,9/7 #東京都内",1,1,0,0.0,60
2026-09-05,1655253,"【9/5.6出勤】【Gカップ】【新宿】コスプレ級美女と堕ちる「禁断の本番」！溢れ出す爆乳おっぱいスタンプと、本番GHRの積極的な誘いに理性が溶ける至福の90分！ #9/5,9/6 #東京都内",1,1,0,0.0,56
2026-09-05,1668275,【8/26出勤】【Fカップ】【新宿】九州出身セクシー美女の「おっとり吐息」と名器に溺れる、至高の初回本番GHRフィニッシュ体験記,0,0,0,0.0,42
2026-09-05,1663737,【9/8出勤】【Gカップ】【新宿】本番解禁！福原遥似の美少女とGHR。お椀型巨乳とヌルヌル密着オイルに溺れる至高のフィニッシュ体験記 #9/8 #東京都内,0,0,0,0.0,47
2026-09-05,1657099,都内出勤カレンダー,1,1,0,0.0,450
2026-09-05,1657105,埼玉県(大宮)出勤カレンダー,1,1,0,0.0,193
2026-09-05,1657104,横浜周辺出勤カレンダー,0,0,0,0.0,161
2026-09-05,1657101,多摩(吉祥寺)周辺カレンダー,0,0,0,0.0,154
2026-09-05,1648133,【4/3.5出勤】【Gカップ】【田町】【PZ】20歳のふわっふわH乳によるグラインドPZ(パイズリ)でSKR #東京都内,0,0,0,0.0,98
2026-09-06,1820251,【9/12出勤】【Hカップ】【恵比寿】巨乳大学生美女と本番解禁！MB密着GHR体験記 #9/12 #東京都内,1,1,0,0.0,75
2026-09-06,1771375,"【9/8.9.10出勤】【Gカップ】【恵比寿】天然Gカップ美女のとZNR洗体に溺れる至高のGHR体験記 #9/8,9/9,9/10 #東京都内",1,1,0,0.0,48
2026-09-06,1836306,【9/6出勤】【Hカップ】【成田】圧倒的爆乳美女と本番解禁！全裸騎乗位密着GHR体験記 #9/6 #千葉,1,1,0,0.0,35
2026-09-06,1817046,"【9/6.8.10出勤】【Hカップ】【武蔵小杉】生のまま中出し解禁！美形細身巨乳美女の全裸密着と生本番NNフィニッシュ体験記 #9/6,9/8,9/10 #神奈川",0,0,0,0.0,126
2026-09-06,1797240,【9/5出勤】【Iカップ】【溝の口】ぱるる系清楚アイドルと本番解禁！新人美巨乳密着に狂うGHR体験記 #9/5 #本日出勤,0,0,0,0.0,50
2026-09-06,1667095,"【9/6.7.8出勤】【Fカップ】【関内】初回から理性が決壊する一線越え。本格派美女の「お口で装着」と名器の締め付けに溺れた至高のGHRフィニッシュ体験記 #9/6,9/7,9/8 #神奈川",0,0,0,0.0,704
2026-09-06,1597345,"【9/7.8出勤】【Iカップ】【品川】高身長ムチムチ聖母の「生OPI」洗礼！SKSK衣装から溢れる爆乳PZ(パイズリ)体験記 #9/7,9/8 #東京都内",3,3,0,0.0,1102
2026-09-06,1655185,"【9/6.8.11出勤】【Gカップ】【横浜】癒し系お姉さんの「隠しきれないHカップ」に悶絶！密着オイルから搾り取られる、至高のPZ(パイズリ)フィニッシュ体験記 #9/6,9/8,9/11 #神奈川",0,0,0,0.0,649
2026-09-06,1663765,"【9/7.9.10出勤】【Hカップ】【新宿】初回中出しNN解禁！沖縄出身ギャルと生in。至高の美ボディと「密着中出し」に溺れる、新宿の禁断生挿入フィニッシュ体験記 #9/7,9/9,9/10 #東京都内",0,0,0,0.0,150
2026-09-06,1683650,"【9/8.10出勤】【Hカップ】【浦和】NN解禁！爆乳美女への「生挿入中出し」と溢れるデカ尻に溺れる至高の体験記 #9/8,9/10 #埼玉",2,2,0,0.0,527
2026-09-06,1683635,"【9/6.9出勤】【Eカップ】【登戸/溝の口】色白スレンダー美女の「超絶NF奉仕」と、上に跨り繋がる至高のGHR体験記 #9/6,9/9",2,2,0,0.0,341
2026-09-06,1623774,【9/5出勤】【Jカップ】【池袋】「時間があるなら2回でもいいよ♥」初回からJカップ爆乳美女の神対応。無料パイズリPZの快感に溺れた、高身長元キャバ嬢との夜 #9/5 #東京都内,4,4,0,0.0,1052
2026-09-06,1754553,"【9/7.8.9出勤】【Hカップ】【登戸】神乳PZで絶頂！細身巨乳美女の「 naked密着」と、鏡越しprprに溺れる至高のフィニッシュ体験記 #9/7,9/8,9/9",1,1,0,0.0,189
2026-09-06,1656071,"【9/6.7.9出勤】【Dカップ】【大宮】パフィーニップルの誘惑とSPPN密着！理性が吹き飛ぶ「NS生挿入」フィニッシュ体験記！ #9/6,9/7,9/9 #埼玉",5,5,0,0.0,442
2026-09-06,1780559,"【9/6.7.8出勤】【Fカップ】【池袋】生ハメNNで絶頂！リアルアイドル顔美女の超濃厚ヌルヌル密着と至高のNN体験記 #9/6,9/7,9/8 #東京都内",3,3,0,0.0,199
2026-09-06,1798255,"【9/6.11.12出勤】【Gカップ】【津田沼】むちむちボブ美女AN密着に狂う本番GHR体験記 #9/6,9/11,9/12 #千葉",7,7,0,0.0,235
2026-09-06,1656212,"【9/6.7.10出勤】【Jカップ】【吉祥寺】視界を塞ぐ爆乳の壁！ソファーでの密着ハグから搾り取られる、至高のPZ(パイズリ)フィニッシュ体験記！ #9/6,9/7,9/10",4,4,0,0.0,576
2026-09-06,1710821,【9/6出勤】【Gカップ】【新宿】元グラドルのH超え爆乳と「２回戦本番HR」に壊される、支配的な至高の体験記 #9/6 #東京都内,4,4,0,0.0,439
2026-09-06,1798265,"【9/7.9.10出勤】【Hカップ】【流山おおたかの森】極上神乳PZで絶頂！過去一柔らかい天然Hカップ美女の超密着パイズリ体験記 #9/7,9/9,9/10 #千葉",10,10,0,0.0,273
2026-09-06,1798245,【9/5出勤】【Iカップ】【南流山/流山おおたかの森】爆乳JD美女と本番解禁！オイルパイ挟みに狂うGHR体験記 #9/5 #千葉,10,10,0,0.0,205
2026-09-06,1653925,"【9/7.8.11出勤】【Fカップ】【新宿】初回から現役JDと濃厚DK＆生本番級GHR！スベスベ美肌の妹系美女と溺れる超密着PZの衝撃！#本日出勤 #9/7,9/8,9/11 #東京都内",1,1,0,0.0,381
2026-09-06,1677604,"【9/7.8.9出勤】【Fカップ】【赤羽】「アニメ声」たぬき顔美女と初回本番解禁！密着マッサージに溺れる至高のGHRフィニッシュ体験記 #9/7,9/8,9/9 #埼玉",3,3,0,0.0,585
2026-09-06,1802001,"【9/6.7.8出勤】【Kカップ】【池袋】Kカップお姉さん美女のMB密着と爆乳PZフィニッシュ体験記 #9/6,9/7,9/8 #東京都内",2,2,0,0.0,85
2026-09-06,1754540,"【9/8.9.11出勤】【Hカップ】【新宿】驚愕の爆乳PZ！清楚系色白スレンダー美女のゼロ距離密着と、脳がとろける至高の体験記 #9/8,9/9,9/11 #東京都内",3,3,0,0.0,146
2026-09-06,1601302,"【9/6.7.8出勤】【Hカップ】【恵比寿】初回から「ちゃんと着けるから、挿れてもいい？♥」淫らな聖女の逆指名。現役看護師と堕ちる、ヌルヌル密着の絶頂本番HR #9/6,9/7,9/8 #東京都内",10,10,0,0.0,911
2026-09-06,1762946,"【9/6.7.8出勤】【Hカップ】【横浜】170cmの48Kgスーパーモデル級美人のKP剥ぎ取り密着に狂う本番GHR体験記 #9/6,9/7,9/8 #神奈川",5,5,0,0.0,130
2026-09-06,1656086,"【9/8.9出勤】【Iカップ】【大宮】神スタイルと初回NSの悦楽！AI超えの美体と堕ちる「生の温もり」…2回戦連続フィニッシュ #9/8,9/9 #埼玉",4,4,0,0.0,506
2026-09-06,1598368,"【9/6.8.9出勤】【Iカップ】【秋葉原】焦らしの美学に完敗！プロの脚本で堕ちる「鏡越しの背徳ANR」と至福のPZ(パイズリ)フィニッシュ #9/6,9/8,9/9 #東京都内",10,10,0,0.0,636
2026-09-06,1667110,"【9/6.7.11出勤】【Fカップ】【武蔵小杉】境界線を超えた密着。グラビア級美女の「おっとり吐息」と名器に溺れる、至高の初回本番GHRフィニッシュ体験記 #9/6,9/7,9/11 #神奈川",2,2,0,0.0,342
2026-09-06,1788175,"【9/7.11出勤】【Fカップ】【練馬】本番解禁！YouTuberかすちゃん似美女のおっぱい密着に狂うGHR体験記 #9/7,9/11 #東京都内",4,4,0,0.0,124
2026-09-06,1653899,"【9/6.7.8出勤】【Gカップ】【新宿】スレンダーな腰に「上向き巨乳」の奇跡…職場のマドンナ似との密着PZ(パイズリ) #9/6,9/7,9/8 #東京都内",3,3,0,0.0,261
2026-09-06,1639998,"【9/8.11出勤】【Kカップ】【銀座】揉みごたえ充分の巨乳は感度も抜群！ ふわふわおっ杯で濃厚密着PZ(パイズリ) #9/8,9/11 #東京都内",7,7,0,0.0,833
2026-09-06,1788157,"【9/7.8.9出勤】【Gカップ】【吉祥寺】本番解禁！HP通り美人なムッチリ巨乳と密着69に理性が溶けるGHR体験記 #9/7,9/8,9/9",2,2,0,0.0,56
2026-09-06,1656105,"【9/7.8.9出勤】【Fカップ】【大宮】密着オイル攻めの果てに迎えた、衝撃の初回本番HRフィニッシュ！ #9/7,9/8,9/9 #埼玉",3,3,0,0.0,482
2026-09-06,1683630,"【9/9.11出勤】【Fカップ】【荻窪】22歳Fカップ美女の「名器の締め付け」と爆乳密着に溺れる至高の初回GHRフィニッシュ体験記 #9/9,9/11",3,3,0,0.0,217
2026-09-06,1662519,"【9/8.10出勤】【Iカップ】【北千住】爆乳と「爆裂美尻」の衝撃！理性を溶かす密着オイルから、生の熱量に溺れた至高の初回本番HR体験記！ #9/8,9/10 #東京都内",5,5,0,0.0,424
2026-09-06,1836299,【9/4出勤】【Gカップ】【船橋】生のまま中出しNN解禁！華奢細身Gカップ美女の全裸密着と生本番フィニッシュ体験記 #9/4 #千葉,5,5,0,0.0,63
2026-09-06,1656219,"【9/6.7.8出勤】【Fカップ】【吉祥寺】初回から濃厚PZ(パイズリ)から搾り取られる、至高の本番HRフィニッシュ！Gカップに溺れる「密着ソファー」の誘惑 #9/6,9/7,9/8",2,2,0,0.0,479
2026-09-06,1817054,"【9/6.7.11出勤】【Fカップ】【武蔵小杉】本番解禁！たぬき顔美女の盛MN密着GHR体験記 #9/6,9/7,9/11 #神奈川",2,2,0,0.0,80
2026-09-06,1640011,"【9/7.8.10出勤】【Gカップ】【池袋】池田エライザ似の爆乳美女と初回から「禁断の中出しNN合体」！深夜枠で溺れた、むっちりマシュマロボディの誘惑 #9/7,9/8,9/10 #東京都内",3,3,0,0.0,526
2026-09-06,1664794,"【9/8.9出勤】【Gカップ】【横浜】初回から理性が決壊する一線越え。Gカップ美女の吐息と「名器の締め付け」に溺れた至高のGHRフィニッシュ体験記 #9/8,9/9 #神奈川",5,5,0,0.0,212
2026-09-06,1663730,"【9/7.9出勤】【Gカップ】【新宿】現役AV女優と禁断の初回本番GHR！熟練タイ古式と爆乳に搾り取られる、新宿の至高フィニッシュ体験記！ #9/7,9/9 #東京都内",0,0,0,0.0,147
2026-09-06,1668882,"【9/8.10出勤】【Gカップ】【錦糸町】初回本番解禁！ムチムチ美女の「名器の締め付け」と、MBから溢れる巨乳に溺れる。至高のGHRフィニッシュ体験記 #9/8,9/10 #東京都内",6,6,0,0.0,565
2026-09-06,1656054,【9/9出勤】【Jカップ】【大宮】初回から至高の本番NS生挿入！視界を覆う爆乳スタンプ…合意の上で堕ちた締まりに悶絶体験記,2,2,0,0.0,679
2026-09-06,1656118,"【9/7.9出勤】【Gカップ】【大宮】初回から巨乳MBのPZ多幸感！密着オイルで理性を溶かし、巨大な肉圧で搾り取られる至高の快楽 #9/7,9/9 #埼玉",0,0,0,0.0,254
2026-09-06,1655259,"【9/7.9出勤】【Eカップ】【新宿】至高のPZで悶絶！柔らか巨乳の密着スタンプと「もう1回できる？」と囁かれる悦楽 #9/7,9/9 #東京都内",0,0,0,0.0,176
2026-09-06,1754531,"【9/6.7.8出勤】【Gカップ】【赤坂】驚愕の神乳PZ！林ゆめ似の超絶スレンダー巨乳と、ゼロ距離密着に理性が溶ける体験記 #9/6,9/7,9/8 #東京都内",0,0,0,0.0,363
2026-09-06,1762949,【9/3出勤出勤】【Gカップ】【本厚木】HP通り可愛い美女のと一緒に入る泡洗体に溺れる至高の本番GHR体験記,5,5,0,0.0,419
2026-09-06,1761541,【9/9出勤】【Gカップ】【品川】驚愕の神乳PZ！清楚系お姉さんの「naked密着」と、ゼロ距離奉仕に理性が溶ける体験記 #9/9 #東京都内,0,0,0,0.0,204
2026-09-06,1667106,"【9/6.10.11出勤】【Fカップ】【厚木】初回で理性が決壊。有村架純似Fカップ美女の吐息と「ツルツル秘部」に溺れた至高の本番GHRフィニッシュ体験記 #9/6,9/10,9/11 #神奈川",2,2,0,0.0,393
2026-09-06,1639983,"【9/6.9.10出勤】【Gカップ】【中野】初回から巨乳ギャルのフルスロットルの寛容度。生Fからの「最後どうする？」で本番GHR。 #9/6,9/9,9/10 #東京都内",0,0,0,0.0,591
2026-09-06,1761550,"【9/12.13出勤】【Gカップ】【中野】本番解禁！柏木由紀似OLと一緒に入る泡洗体に溺れる至高のGHR体験記 #9/12,9/13 #東京都内",0,0,0,0.0,86
2026-09-06,1817039,【9/8出勤】【Iカップ】【本厚木】爆乳美女と無課金本番解禁！紙パンツ脱ぎ捨てトロ顔GHR体験記,5,5,0,0.0,170
2026-09-06,1677621,"【9/7.8.10出勤】【Gカップ】【浦和】禁断のモロ出し。Gカップ美女の「生乳PZ」と、吐息が重なる濃厚フィニッシュ体験記 #9/7,9/8,9/10 #埼玉",0,0,0,0.0,415
2026-09-06,1836312,【9/1出勤】【Hカップ】【柏】タヌキ顔Hカップ美女と本番解禁！ソファー密着GHR体験記,2,2,0,0.0,137
2026-09-06,1802007,"【9/6.9.11出勤】【Fカップ】【中野】現役学生の高身長童顔美女と楽しむ至高の本番GHR体験記 #9/6,9/9,9/11 #東京都内",0,0,0,0.0,32
2026-09-06,1662507,【9/11出勤】【Gカップ】【五反田】金額交渉なしの神展開！「今日は特別だよ…♥」と囁かれ、生の温もりに溺れた至高の初回生挿入NS体験記！ #9/11 #東京都内,0,0,0,0.0,464
2026-09-06,1683683,【9/6出勤】【Gカップ】【横浜】洗体アシストで悶絶。巨乳美女の「生乳PZ」と、密着バックご奉仕に溺れる至高のフィニッシュ体験記,1,1,0,0.0,330
2026-09-06,1655202,【9/6出勤】【Gカップ】【横浜】初回極上PZの衝撃！初回から弾力MAXのOPIスタンプと禁断の密着洗体…NPの誘惑に搾り取られるPZフィニッシュ,1,1,0,0.0,508
2026-09-06,1673756,"【9/8.9出勤】【Fカップ】【大宮】爆乳解禁！追加なしの極上PZ。至高の肉感と密着ハグに溺れるパイズリフィニッシュ体験記 #9/8,9/9 #埼玉",0,0,0,0.0,240
2026-09-06,1817029,【9/3出勤】【Fカップ】【赤坂】ツルスベ巨乳美女のSPPN全裸密着と怒涛のPZフィニッシュ体験記,0,0,0,0.0,81
2026-09-06,1823574,"【9/6.9.10出勤】【Gカップ】【秋葉原】生挿入NS解禁！小顔くびれ美巨乳美女の生中出し濃厚DKS体験記 #9/6,9/9,9/10 #東京都内",0,0,0,0.0,72
2026-09-06,1663754,"【9/6.10出勤】【Gカップ】【新宿】初回から境界線を超えた超密着！JD美女と溶け合う「生感覚」の衝撃。極上本番HRフィニッシュ #9/6,9/10 #東京都内",1,1,0,0.0,154
2026-09-06,1822402,【8/31出勤】【Gカップ】【登戸】色白小顔ギャル美女と本番解禁！一緒シャワー全裸密着GHR体験記,0,0,0,0.0,27
2026-09-06,1656077,【9/6出勤】【Iカップ】【大宮】おわん型巨乳の重圧と「生」の温もり…感度抜群の地雷系美女と堕ちる、衝撃の初回本番NSフィニッシュ！ #9/6 #埼玉,0,0,0,0.0,192
2026-09-06,1656126,【9/7出勤】【Gカップ】【大宮】「ムチふわ爆乳」の誘惑…おっぱいスタンプから搾り取られる、至高のPZ(パイズリ)フィニッシュ体験記！ #9/7 #埼玉,2,2,0,0.0,167
2026-09-06,1599734,"【9/6.7.9出勤】【Gカップ】【新宿】初回で合体まで至った至福の本番HR体験記「このGカップ、本物だ…」若さ弾ける爆乳美女の神対応。 #9/6,9/7,9/9 #東京都内",0,0,0,0.0,191
2026-09-06,1794515,【8/30出勤】【Jカップ】【大宮】地雷系むちむち美女本番解禁！トップレス密着に狂うGHR体験記 #9/5 #埼玉,1,1,0,0.0,157
2026-09-06,1683671,"【9/6.10出勤】【Eカップ】【大宮】AV女優黒川すみれ似美女の「生乳PZ」と、Sっ気溢れる言葉責めに溺れる至高の体験記 #9/6,9/10 #埼玉",0,0,0,0.0,253
2026-09-06,1780536,"【9/7.8出勤】【Gカップ】【多摩】生ハメNNで絶頂！小顔グラマラス美女の超密着ヌルヌル本番と至高の体験記 #9/7,9/8",0,0,0,0.0,106
2026-09-06,1662542,【9/5出勤】【Eカップ】【横浜】至福の初回NS生本番挿入！お腹への発射で締める、最高級の「パコ姫」ホスピタリティ体験記！ #9/5 #神奈川,2,2,0,0.0,183
2026-09-06,1828751,"【9/7.11出勤】【Fカップ】【成増】小動物系Fカップ美女と本番解禁！透け衣装密着GHR体験記 #9/7,9/11 #東京都内",0,0,0,0.0,36
2026-09-06,1656283,"【9/8.9.10出勤】【Fカップ】【調布】清楚な顔立ちに潜む、驚愕の「名器」と感度…理性が決壊する交渉の末、生の温もりに溺れた至高の初回本番HR体験記！ #9/8,9/9,9/10",0,0,0,0.0,517
2026-09-06,1789466,"【9/8.9.10出勤】【Hカップ】【海老名】本番解禁！Fカップおっとり美人と生まれたて全裸密着に狂うGHR体験記 #9/8,9/9,9/10 #神奈川",0,0,0,0.0,88
2026-09-06,1653910,"【9/10.11出勤】【Fカップ】【新宿】お風呂屋超えの濃厚PZ(パイズリ)！Fカップ美乳嬢と溺れる「寸止め地獄」と「密着DKフィニッシュ」 #9/10,9/11 #東京都内",1,1,0,0.0,206
2026-09-06,1655143,【9/3出勤】【Fカップ】【横浜】隠れ家で堕ちる「脱衣プレイ」とNBRの誘惑…至近距離で見つめられ搾り取られる極上PZ(パイズリ)の衝撃！,0,0,0,0.0,199
2026-09-06,1656274,"【9/6.8.11出勤】【Fカップ】【登戸】溢れる巨乳Gカップの衝撃！密着オイル攻めから交渉で堕ちた、至高の「生感覚」本番GHRフィニッシュ体験記！ #9/6,9/8,9/11",0,0,0,0.0,249
2026-09-06,1668292,"【9/7.8.11出勤】【Iカップ】【新宿】爆乳解禁。清楚系アイドル美女の「生乳PZ」と、理性を奪う中出し。至高のフィニッシュ体験記 #9/7,9/8,9/11 #東京都内",1,1,0,0.0,214
2026-09-06,1710833,"【9/6.11.12出勤】【Fカップ】【中目黒】清楚系美女の溢れるFカップ爆乳に溺れる至高の本番GHR体験記 #9/6,9/11,9/12 #東京都内",0,0,0,0.0,241
2026-09-06,1761543,"【9/8.10.11出勤】【Eカップ】【中野】本番解禁！高身長Fカップ女子大生の「数の子天井ナカ出し」とSPPN密着に溺れる至高のGHR体験記 #9/8,9/10,9/11 #東京都内",0,0,0,0.0,145
2026-09-06,1651485,【9/8.10出勤】【Gカップ】【登戸】初回から「ねぇ、もう一回しよ♥」極上Gカップに溺れる本番NS二回転フィニッシュ,0,0,0,0.0,350
2026-09-06,1828762,"【9/7.11出勤】【Hカップ】【溝の口】天然H神乳美女のノーブラニット密着PZで絶頂！顔面胸当て体験記 #9/7,9/11 #神奈川",1,1,0,0.0,33
2026-09-06,1642194,【8/26出勤】【Fカップ】【登戸】街で二度見する爆美女と「密着シャワー」の悦楽…初回から奥地まで咥え込む濃厚Fで昇天！,0,0,0,0.0,287
2026-09-06,1823559,"【9/10.12.13出勤】【Fカップ】【秋葉原】ハーフモデル美女神乳PZで絶頂！細身Gカップ密着とスリット全開体験記 #9/10,9/12,9/13 #東京都内",1,1,0,0.0,35
2026-09-06,1780542,"【9/7.8.9出勤】【Hカップ】【新宿】神乳PZで絶頂！天然Hカップ美女の透けビキニ密着と至高のフィニッシュ体験記 #9/7,9/8,9/9 #東京都内",1,1,0,0.0,57
2026-09-06,1677586,"【9/7.10出勤】【Gカップ】【大宮】初回本番解禁！新人美女の「初めてのin」と、重力に抗えない爆乳に溺れる。至高のGHRフィニッシュ体験記 #9/7,9/10 #埼玉",0,0,0,0.0,222
2026-09-06,1820244,【8/23出勤】【Fカップ】【国分寺】美くびれ巨乳美女と本番解禁！長い爪フェザー密着GHR体験記,1,1,0,0.0,87
2026-09-06,1824707,【8/30出勤】【Gカップ】【大和】白ギャル系の巨乳神乳PZで絶頂！全裸密着とロケット巨乳パイズリ体験記,0,0,0,0.0,39
2026-09-06,1828755,"【9/7.12出勤】【Hカップ】【恵比寿】生挿入NS解禁！爆乳美女の生フェラ密着NS体験記 #9/7,9/12 #東京都内",1,1,0,0.0,43
2026-09-06,1824723,"【9/9.10.11出勤】【Hカップ】【溝の口】小柄むっちり巨乳美女の神乳PZで絶頂！トップレス密着と顔面胸スタンプ体験記 #9/9,9/10,9/11 #神奈川",0,0,0,0.0,41
2026-09-06,1823563,【9/5出勤】【Gカップ】【秋葉原】19歳ハーフ系Gカップ美女と本番解禁！騎乗位密着GHR体験記 #9/5 #東京都内,0,0,0,0.0,48
2026-09-06,1823572,【8/21出勤】【Hカップ】【秋葉原】生挿入NS解禁！色白グラマー巨乳美女と全裸密着NS体験記 #東京都内,0,0,0,0.0,28
2026-09-06,1623796,"【9/6.7出勤】【Fカップ】【中野】「あとで脱がせる方がERいでしょ♥」Fカップ清楚系セラピストと堕ちる、濃厚DK＆背徳の初回本番NS90分 #9/6,9/7 #東京都内",1,1,0,0.0,356
2026-09-06,1762959,【9/6出勤】【Fカップ】【綱島】神乳PZで絶頂！エロ可愛いムッチリ巨乳のマイクロビキニ密着と至高のフィニッシュ体験記 #9/6 #神奈川,2,2,0,0.0,139
2026-09-06,1820272,"【9/10.13出勤】【Jカップ】【秋葉原】爆乳ゆるふわ美女の神乳PZで絶頂！MB密着と顔面埋まり体験記 #9/10,9/13 #東京都内",0,0,0,0.0,47
2026-09-06,1710842,【9/11出勤】【Gカップ】【恵比寿】ゴマキ似ギャル美女と本番解禁！スレンダー巨乳に溺れる至高のGHR体験記 #9/11 #東京都内,0,0,0,0.0,342
2026-09-06,1822419,【9/12出勤】【Jカップ】【新宿】神乳PZで絶頂！Jカップ美女MB密着と未体験の極圧パイズリ体験記 #9/12 #東京都内,0,0,0,0.0,17
2026-09-06,1823553,"【9/6.9出勤】【Gカップ】【秋葉原】低身長ロリ巨乳美女と本番解禁！トップレス密着GHR体験記 #9/6,9/9 #東京都内",0,0,0,0.0,73
2026-09-06,1822409,【8/18出勤】【Fカップ】【恵比寿】神乳綺麗系お姉さんのMB密着と至高のパイズリ体験記 #東京都内,0,0,0,0.0,46
2026-09-06,1821353,【8/22出勤】【Fカップ】【渋谷】モデル級スレンダー巨乳美女と本番解禁！顔面胸乗せ密着GHR体験記 #東京都内,0,0,0,0.0,39
2026-09-06,1662532,【8/16出勤】【Hカップ】【吉祥寺】クラスの可愛い子と「恋人気分」！水袋のような弾力のHカップで搾り取られる、至高のPZ(パイズリ)フィニッシュ体験記！,0,0,0,0.0,129
2026-09-06,1821346,【8/20出勤】【Fカップ】【渋谷】神乳美女の紐MB密着と至高のパイズリ体験記 #東京都内,0,0,0,0.0,45
2026-09-06,1817000,"【9/6.7.9出勤】【Eカップ】【笹塚】爆乳美女の無課金生外だしと全裸お触り密着に狂う体験記 #9/6,9/7,9/9 #東京都内",2,2,0,0.0,83
2026-09-06,1820247,【9/2出勤】【Hカップ】【新宿】グラマラス爆乳美女と本番解禁！TL密着GHR体験記 #東京都内,0,0,0,0.0,21
2026-09-06,1708502,"【9/6.8.9出勤】【Gカップ】【新宿】本番解禁！白川理桜似のGカップ美女と「密着中出し」。理性を焼き切る至高のGHR体験記 #9/6,9/8,9/9 #東京都内",0,0,0,0.0,71
2026-09-06,1761532,"【9/6.7.10出勤】【Gカップ】【渋谷】本番解禁！現役女子大生のとSPPNで絡み合う至高のGHR体験記 #9/6,9/7,9/10 #東京都内",0,0,0,0.0,119
2026-09-06,1817022,"【9/8.9.12出勤】【Fカップ】【新宿】池田エライザ似ハーフ美女のTL密着と至高のPZフィニッシュ体験記 #9/8,9/9,9/12 #東京都内",0,0,0,0.0,19
2026-09-06,1817043,"【9/6.7.8出勤】【Jカップ】【藤沢】天然Jカップ巨乳美女がキャミ脱ぎ捨てからの本番GHR体験記 #9/6,9/7,9/8 #神奈川",0,0,0,0.0,69
2026-09-06,1817008,【8/31出勤】【Iカップ】【新宿】神乳PZで絶頂！ハーフ系二重美女の爆乳パイズリと至高の密着体験記 #東京都内,0,0,0,0.0,28
2026-09-06,1817004,"【9/7.8.9出勤】【Gカップ】【新宿】むちむち可愛い系美女のマイクロビキニ密着と神乳PZフィニッシュ体験記 #9/7,9/8,9/9 #東京都内",0,0,0,0.0,14
2026-09-06,1663647,"【9/6.11出勤】【Fカップ】【新宿】新宿の現役学生と初回「生in」中出し！スレンダー美女の絶景と吐息に溺れる至高のフィニッシュ体験記！ #9/6,9/11 #東京都内",0,0,0,0.0,82
2026-09-06,1808348,【9/1出勤】【Hカップ】【秋葉原】,0,0,0,0.0,37
2026-09-06,1662490,"【9/8.10.11出勤】【Lカップ】【秋葉原】視界を覆う「おっぱいスタンプ」から搾り取られるPZ(パイズリ)フィニッシュ体験記！水袋のような超軟乳の至高のPZ(パイズリ)の衝撃！ #9/8,9/10,9/11 #東京都内",2,2,0,0.0,572
2026-09-06,1806934,【8/5出勤】【Hカップ】【西麻布】本番NS解禁！長身スレンダー美女の四つん這い紙パンツちぎりに狂う体験記 #東京都内,1,1,0,0.0,28
2026-09-06,1806911,"【9/6.7.10出勤】【Eカップ】【新宿】ピンク髪スレンダー美女の丸出し密着に狂うGHR体験記 #9/6,9/7,9/10 #東京都内",1,1,0,0.0,16
2026-09-06,1806940,"【9/7.9.11出勤】【Hカップ】【新宿】グラマラス爆乳美女と膝上乗っかり密着に狂う本番GHR体験記 #9/7,9/9,9/11 #東京都内",0,0,0,0.0,27
2026-09-06,1771377,"【9/7.8.9出勤】【Iカップ】【秋葉原】爆乳美女のおっぱいポロン密着に狂う本番GHR体験記 #9/7,9/8,9/9 #東京都内",0,0,0,0.0,92
2026-09-06,1651197,【9/6出勤】【Hカップ】【中野】「手でやらなきゃいいでしょ？」可愛い顔してPZ(パイズリ)で翻弄する小悪魔系美女 #9/6 #東京都内,0,0,0,0.0,185
2026-09-06,1667126,【9/12出勤】【Gカップ】【武蔵小杉】ニコル似Iカップ美女の初回本番「生in」。至高のNSフィニッシュ体験記 #9/12 #神奈川,0,0,0,0.0,154
2026-09-06,1802005,【8/5出勤】【Gカップ】【銀座】人生イチ綺麗なGカップ！福岡美人によるツバ垂らしPZとSPPN密着体験記 #東京都内,0,0,0,0.0,48
2026-09-06,1677614,【7/31出勤】【Fカップ】【浦和】低身長巨乳と密着。色白美肌美女の「生乳PZ」と、耳元への吐息に溺れる至高のフィニッシュ体験記,0,0,0,0.0,228
2026-09-06,1762969,【8/21出勤】【Gカップ】【横浜】神乳PZで絶頂！Gカップアイドル顔美女のマイクロビキニポロリと至高のフィニッシュ体験記 #神奈川,0,0,0,0.0,98
2026-09-06,1797226,"【9/6.7.9出勤】【Fカップ】【北千住】ギャル系美人の無課金GHR！紙パンツなし超密着に狂う至高の体験記 #9/6,9/7,9/9 #東京都内",0,0,0,0.0,113
2026-09-06,1797257,"【9/8.10.11出勤】【Hカップ】【恵比寿】神乳PZで絶頂！小柄可愛い巨乳美女の極上マイクロビキニ密着と至高のフィニッシュ体験記 #9/8,9/10,9/11 #東京都内",2,2,0,0.0,69
2026-09-06,1797247,【8/20出勤】【Hカップ】【三軒茶屋】天然Gカップロリ体型美女と本番！ふわふわマシュマロ密着に狂うGHR体験記,0,0,0,0.0,3
2026-09-06,1654034,【9/5出勤】【Fカップ】【武蔵小杉】有村架純似の可憐な美女と溺れる「主導権剥奪」の100分…最後は理性を超える初回本番GHRフィニッシュ！,0,0,0,0.0,216
2026-09-06,1708856,"【9/6.10.11出勤】【Dカップ】【麻布】清楚系美女の本番とMBからはみ出す両CKBに溺れる至高のGHR体験記 #9/6,9/10,9/11 #東京都内",0,0,0,0.0,81
2026-09-06,1642392,【9/9出勤】【Gカップ】【秋葉原】甘えたがり必見!!高身長Hカプお姉さんのお◯ぱい密着天国からのPZ(パイズリ)フィニッシュ！ #9/9 #東京都内,1,1,0,0.0,262
2026-09-06,1755449,【9/6出勤】【Hカップ】【五反田】伝説級の超マシュマロ巨乳PZ！漫画スタイルの爆乳に溺れる至高のフィニッシュ体験記 #9/6 #東京都内,0,0,0,0.0,221
2026-09-06,1662528,"【9/7.8.10出勤】【Gカップ】【新宿】金額交渉で堕ちる「生の温もり」！密着オイルから不意打ちの絶品F、そして衝撃の初回本番HRフィニッシュへ！ #9/7,9/8,9/10 #東京都内",0,0,0,0.0,60
2026-09-06,1788140,"【9/10.11出勤】【Fカップ】【恵比寿】本番解禁！パネマジなし綺麗系美女の天然巨乳に溺れる至高のGHR体験記 #9/10,9/11 #東京都内",0,0,0,0.0,57
2026-09-06,1662554,"【9/6.7.11出勤】【Gカップ】【中野】高身長スレンダー×天然ロケットπ開始30分で理性が決壊！細身の体に宿る巨乳の衝撃と、禁断の初回NSフィニッシュ体験記！ #9/6,9/7,9/11 #東京都内",0,0,0,0.0,175
2026-09-06,1764682,"【9/7.9出勤】【Gカップ】【 大宮】Gカップ美女のMBはみ出し密着と至高のPZパイズリフィニッシュ体験記 #9/7,9/9 #埼玉",1,1,0,0.0,99
2026-09-06,1678781,【7/4出勤】【Gカップ】【船橋】生乳爆乳PZ解禁。色白美肌美女と悪戯な囁きに溺れる至高のフィニッシュ体験記 #千葉,0,0,0,0.0,254
2026-09-06,1708852,【9/10出勤】【Fカップ】【麻布】NN解禁！クール系美女の「生挿入中出し」と、神スタイルに溺れる至高のフィニッシュ体験記 #9/10 #東京都内,0,0,0,0.0,80
2026-09-06,1653916,【8/30出勤】【Gカップ】【新宿】ロシア系クォーターの至高ボディ！爆揺れ巨乳に埋もれる「魔性の69」と絶品PZ(パイズリ)フィニッシュ,0,0,0,0.0,159
2026-09-06,1754547,"【9/7.8.10出勤】【Eカップ】【新宿】本番解禁！猫顔スレンダー美女の「名器中出し」と、関西弁の甘い誘惑に溺れる至高のGHR体験記 #9/7,9/8,9/10 #東京都内",0,0,0,0.0,57
2026-09-06,1650404,"【9/6.13出勤】【Fカップ】【新宿】「特別コースですから…♥」橋本マナミ風お姉さんの透け衣装誘惑。ムチムチFカップと溶け合う初回PZ(パイズリ)による至福の夜 #9/6,9/13 #東京都内",0,0,0,0.0,135
2026-09-06,1654061,【6/26出勤】【Fカップ】【相模大野】メジャーアイドル級美女と溺れる「KPなし」の密着洗体…最後はG着用で果てる禁断の絶頂本番HR体験！,1,1,0,0.0,145
2026-09-06,1710810,"【9/6.7.9出勤】【Gカップ】【新宿】乃木坂系美女と密着本番HR。アニメ級の爆乳に溺れる、至高のGHRフィニッシュ体験記 #9/6,9/7,9/9 #東京都内",0,0,0,0.0,60
2026-09-06,1655253,【9/6出勤】【Gカップ】【新宿】コスプレ級美女と堕ちる「禁断の本番」！溢れ出す爆乳おっぱいスタンプと、本番GHRの積極的な誘いに理性が溶ける至福の90分！ #9/6 #東京都内,0,0,0,0.0,56
2026-09-06,1668275,【9/11出勤】【Fカップ】【新宿】九州出身セクシー美女の「おっとり吐息」と名器に溺れる、至高の初回本番GHRフィニッシュ体験記 #9/11 #東京都内,0,0,0,0.0,42
2026-09-06,1663737,【9/8出勤】【Gカップ】【新宿】本番解禁！福原遥似の美少女とGHR。お椀型巨乳とヌルヌル密着オイルに溺れる至高のフィニッシュ体験記 #9/8 #東京都内,0,0,0,0.0,47
2026-09-06,1657099,都内出勤カレンダー,2,2,0,0.0,450
2026-09-06,1657105,埼玉県(大宮)出勤カレンダー,0,0,0,0.0,193
2026-09-06,1657104,横浜周辺出勤カレンダー,0,0,0,0.0,161
2026-09-06,1657101,多摩(吉祥寺)周辺カレンダー,0,0,0,0.0,154
2026-09-06,1648133,【4/3.5出勤】【Gカップ】【田町】【PZ】20歳のふわっふわH乳によるグラインドPZ(パイズリ)でSKR #東京都内,1,1,0,0.0,98
